customerID,gender,SeniorCitizen,Partner,Dependents,tenure,MonthlyCharges,PhoneService,MultipleLines,InternetService,OnlineSecurity,OnlineBackup,DeviceProtection,TechSupport,StreamingTV,StreamingMovies,Contract,PaperlessBilling,PaymentMethod,TotalCharges,Churn
7590-VHVEG,Female,No,Yes,No,1,29.85,No,No phone service,DSL,No,Yes,No,No,No,No,Month-to-month,Yes,Electronic check,29.85,No
5575-GNVDE,Male,No,No,No,34,56.95,Yes,No,DSL,Yes,No,Yes,No,No,No,One year,No,Mailed check,1889.5,No
3668-QPYBK,Male,No,No,No,2,53.85,Yes,No,DSL,Yes,Yes,No,No,No,No,Month-to-month,Yes,Mailed check,108.15,Yes
7795-CFOCW,Male,No,No,No,45,42.3,No,No phone service,DSL,Yes,No,Yes,Yes,No,No,One year,No,Bank transfer (automatic),1840.75,No
9237-HQITU,Female,No,No,No,2,70.7,Yes,No,Fiber optic,No,No,No,No,No,No,Month-to-month,Yes,Electronic check,151.65,Yes
9305-CDSKC,Female,No,No,No,8,99.65,Yes,Yes,Fiber optic,No,No,Yes,No,Yes,Yes,Month-to-month,Yes,Electronic check,820.5,Yes
1452-KIOVK,Male,No,No,Yes,22,89.1,Yes,Yes,Fiber optic,No,Yes,No,No,Yes,No,Month-to-month,Yes,Credit card (automatic),1949.4,No
6713-OKOMC,Female,No,No,No,10,29.75,No,No phone service,DSL,Yes,No,No,No,No,No,Month-to-month,No,Mailed check,301.9,No
7892-POOKP,Female,No,Yes,No,28,104.8,Yes,Yes,Fiber optic,No,No,Yes,Yes,Yes,Yes,Month-to-month,Yes,Electronic check,3046.05,Yes
6388-TABGU,Male,No,No,Yes,62,56.15,Yes,No,DSL,Yes,Yes,No,No,No,No,One year,No,Bank transfer (automatic),3487.95,No
9763-GRSKD,Male,No,Yes,Yes,13,49.95,Yes,No,DSL,Yes,No,No,No,No,No,Month-to-month,Yes,Mailed check,587.45,No
7469-LKBCI,Male,No,No,No,16,18.95,Yes,No,No,No internet service,No internet service,No internet service,No internet service,No internet service,No internet service,Two year,No,Credit card (automatic),326.8,No
8091-TTVAX,Male,No,Yes,No,58,100.35,Yes,Yes,Fiber optic,No,No,Yes,No,Yes,Yes,One year,No,Credit card (automatic),5681.1,No
0280-XJGEX,Male,No,No,No,49,103.7,Yes,Yes,Fiber optic,No,Yes,Yes,No,Yes,Yes,Month-to-month,Yes,Bank transfer (automatic),5036.3,Yes
5129-JLPIS,Male,No,No,No,25,105.5,Yes,No,Fiber optic,Yes,No,Yes,Yes,Yes,Yes,Month-to-month,Yes,Electronic check,2686.05,No
3655-SNQYZ,Female,No,Yes,Yes,69,113.25,Yes,Yes,Fiber optic,Yes,Yes,Yes,Yes,Yes,Yes,Two year,No,Credit card (automatic),7895.15,No
8191-XWSZG,Female,No,No,No,52,20.65,Yes,No,No,No internet service,No internet service,No internet service,No internet service,No internet service,No internet service,One year,No,Mailed check,1022.95,No
9959-WOFKT,Male,No,No,Yes,71,106.7,Yes,Yes,Fiber optic,Yes,No,Yes,No,Yes,Yes,Two year,No,Bank transfer (automatic),7382.25,No
4190-MFLUW,Female,No,Yes,Yes,10,55.2,Yes,No,DSL,No,No,Yes,Yes,No,No,Month-to-month,No,Credit card (automatic),528.35,Yes
4183-MYFRB,Female,No,No,No,21,90.05,Yes,No,Fiber optic,No,Yes,Yes,No,No,Yes,Month-to-month,Yes,Electronic check,1862.9,No
8779-QRDMV,Male,Yes,No,No,1,39.65,No,No phone service,DSL,No,No,Yes,No,No,Yes,Month-to-month,Yes,Electronic check,39.65,Yes
1680-VDCWW,Male,No,Yes,No,12,19.8,Yes,No,No,No internet service,No internet service,No internet service,No internet service,No internet service,No internet service,One year,No,Bank transfer (automatic),202.25,No
1066-JKSGK,Male,No,No,No,1,20.15,Yes,No,No,No internet service,No internet service,No internet service,No internet service,No internet service,No internet service,Month-to-month,No,Mailed check,20.15,Yes
3638-WEABW,Female,No,Yes,No,58,59.9,Yes,Yes,DSL,No,Yes,No,Yes,No,No,Two year,Yes,Credit card (automatic),3505.1,No
6322-HRPFA,Male,No,Yes,Yes,49,59.6,Yes,No,DSL,Yes,Yes,No,Yes,No,No,Month-to-month,No,Credit card (automatic),2970.3,No
6865-JZNKO,Female,No,No,No,30,55.3,Yes,No,DSL,Yes,Yes,No,No,No,No,Month-to-month,Yes,Bank transfer (automatic),1530.6,No
6467-CHFZW,Male,No,Yes,Yes,47,99.35,Yes,Yes,Fiber optic,No,Yes,No,No,Yes,Yes,Month-to-month,Yes,Electronic check,4749.15,Yes
8665-UTDHZ,Male,No,Yes,Yes,1,30.2,No,No phone service,DSL,No,Yes,No,No,No,No,Month-to-month,No,Electronic check,30.2,Yes
5248-YGIJN,Male,No,Yes,No,72,90.25,Yes,Yes,DSL,Yes,Yes,Yes,Yes,Yes,Yes,Two year,Yes,Credit card (automatic),6369.45,No
8773-HHUOZ,Female,No,No,Yes,17,64.7,Yes,No,DSL,No,No,No,No,Yes,Yes,Month-to-month,Yes,Mailed check,1093.1,Yes
3841-NFECX,Female,Yes,Yes,No,71,96.35,Yes,Yes,Fiber optic,Yes,Yes,Yes,Yes,No,No,Two year,Yes,Credit card (automatic),6766.95,No
4929-XIHVW,Male,Yes,Yes,No,2,95.5,Yes,No,Fiber optic,No,No,Yes,No,Yes,Yes,Month-to-month,Yes,Credit card (automatic),181.65,No
6827-IEAUQ,Female,No,Yes,Yes,27,66.15,Yes,No,DSL,Yes,Yes,Yes,Yes,No,No,One year,No,Mailed check,1874.45,No
7310-EGVHZ,Male,No,No,No,1,20.2,Yes,No,No,No internet service,No internet service,No internet service,No internet service,No internet service,No internet service,Month-to-month,No,Bank transfer (automatic),20.2,No
3413-BMNZE,Male,Yes,No,No,1,45.25,Yes,No,DSL,No,No,No,No,No,No,Month-to-month,No,Bank transfer (automatic),45.25,No
6234-RAAPL,Female,No,Yes,Yes,72,99.9,Yes,Yes,Fiber optic,Yes,Yes,No,Yes,Yes,No,Two year,No,Bank transfer (automatic),7251.7,No
6047-YHPVI,Male,No,No,No,5,69.7,Yes,No,Fiber optic,No,No,No,No,No,No,Month-to-month,Yes,Electronic check,316.9,Yes
6572-ADKRS,Female,No,No,No,46,74.8,Yes,No,Fiber optic,No,No,Yes,No,No,No,Month-to-month,Yes,Credit card (automatic),3548.3,No
5380-WJKOV,Male,No,No,No,34,106.35,Yes,Yes,Fiber optic,No,Yes,Yes,No,Yes,Yes,Month-to-month,Yes,Electronic check,3549.25,Yes
8168-UQWWF,Female,No,No,No,11,97.85,Yes,Yes,Fiber optic,No,No,Yes,No,Yes,Yes,Month-to-month,Yes,Bank transfer (automatic),1105.4,Yes
8865-TNMNX,Male,No,Yes,Yes,10,49.55,Yes,No,DSL,No,Yes,No,No,No,No,One year,No,Mailed check,475.7,No
9489-DEDVP,Female,No,Yes,Yes,70,69.2,Yes,Yes,DSL,Yes,Yes,No,No,Yes,No,Two year,Yes,Credit card (automatic),4872.35,No
9867-JCZSP,Female,No,Yes,Yes,17,20.75,Yes,No,No,No internet service,No internet service,No internet service,No internet service,No internet service,No internet service,One year,No,Mailed check,418.25,No
4671-VJLCL,Female,No,No,No,63,79.85,Yes,Yes,DSL,Yes,Yes,Yes,Yes,Yes,No,Two year,Yes,Credit card (automatic),4861.45,No
4080-IIARD,Female,No,Yes,No,13,76.2,Yes,Yes,DSL,Yes,Yes,No,Yes,Yes,No,Month-to-month,Yes,Electronic check,981.45,No
3714-NTNFO,Female,No,No,No,49,84.5,Yes,Yes,Fiber optic,No,No,No,No,No,Yes,Month-to-month,Yes,Electronic check,3906.7,No
5948-UJZLF,Male,No,No,No,2,49.25,Yes,No,DSL,No,Yes,No,No,No,No,Month-to-month,No,Mailed check,97.0,No
7760-OYPDY,Female,No,No,No,2,80.65,Yes,No,Fiber optic,No,No,No,No,Yes,No,Month-to-month,Yes,Electronic check,144.15,Yes
7639-LIAYI,Male,No,No,No,52,79.75,Yes,Yes,DSL,Yes,No,No,Yes,Yes,Yes,Two year,Yes,Credit card (automatic),4217.8,No
2954-PIBKO,Female,No,Yes,Yes,69,64.15,Yes,Yes,DSL,Yes,No,Yes,Yes,No,No,Two year,Yes,Credit card (automatic),4254.1,No
8012-SOUDQ,Female,Yes,No,No,43,90.25,Yes,Yes,Fiber optic,No,Yes,No,No,Yes,No,Month-to-month,Yes,Electronic check,3838.75,No
9420-LOJKX,Female,No,No,No,15,99.1,Yes,No,Fiber optic,Yes,Yes,No,No,Yes,Yes,Month-to-month,Yes,Credit card (automatic),1426.4,Yes
6575-SUVOI,Female,Yes,Yes,No,25,69.5,Yes,Yes,DSL,Yes,No,No,Yes,Yes,No,Month-to-month,Yes,Credit card (automatic),1752.65,No
7495-OOKFY,Female,Yes,Yes,No,8,80.65,Yes,Yes,Fiber optic,No,Yes,No,No,No,No,Month-to-month,Yes,Credit card (automatic),633.3,Yes
4667-QONEA,Female,Yes,Yes,Yes,60,74.85,Yes,No,DSL,Yes,Yes,Yes,Yes,No,Yes,One year,Yes,Credit card (automatic),4456.35,No
1658-BYGOY,Male,Yes,No,No,18,95.45,Yes,Yes,Fiber optic,No,No,No,No,Yes,Yes,Month-to-month,Yes,Electronic check,1752.55,Yes
8769-KKTPH,Female,No,Yes,Yes,63,99.65,Yes,Yes,Fiber optic,Yes,No,No,No,Yes,Yes,One year,Yes,Credit card (automatic),6311.2,No
5067-XJQFU,Male,Yes,Yes,Yes,66,108.45,Yes,Yes,Fiber optic,No,Yes,Yes,Yes,Yes,Yes,One year,Yes,Electronic check,7076.35,No
3957-SQXML,Female,No,Yes,Yes,34,24.95,Yes,Yes,No,No internet service,No internet service,No internet service,No internet service,No internet service,No internet service,Two year,No,Credit card (automatic),894.3,No
5954-BDFSG,Female,No,No,No,72,107.5,Yes,Yes,Fiber optic,No,No,Yes,Yes,Yes,Yes,Two year,Yes,Credit card (automatic),7853.7,No
0434-CSFON,Female,No,Yes,No,47,100.5,Yes,Yes,Fiber optic,No,No,Yes,No,Yes,Yes,Month-to-month,Yes,Electronic check,4707.1,No
1215-FIGMP,Male,No,No,No,60,89.9,Yes,Yes,Fiber optic,No,Yes,No,No,Yes,No,Month-to-month,Yes,Bank transfer (automatic),5450.7,No
0526-SXDJP,Male,No,Yes,No,72,42.1,No,No phone service,DSL,Yes,Yes,Yes,No,No,No,Two year,No,Bank transfer (automatic),2962.0,No
0557-ASKVU,Female,No,Yes,Yes,18,54.4,Yes,No,DSL,No,No,Yes,Yes,No,No,One year,Yes,Credit card (automatic),957.1,No
5698-BQJOH,Female,No,No,No,9,94.4,Yes,Yes,Fiber optic,No,No,No,No,Yes,Yes,Month-to-month,No,Electronic check,857.25,Yes
5122-CYFXA,Female,No,No,No,3,75.3,Yes,No,DSL,No,Yes,No,Yes,Yes,Yes,Month-to-month,Yes,Electronic check,244.1,No
8627-ZYGSZ,Male,No,Yes,No,47,78.9,Yes,Yes,Fiber optic,No,Yes,No,No,No,No,One year,Yes,Electronic check,3650.35,No
3410-YOQBQ,Female,No,No,No,31,79.2,Yes,No,DSL,No,Yes,Yes,Yes,Yes,Yes,Two year,No,Mailed check,2497.2,No
3170-NMYVV,Female,No,Yes,Yes,50,20.15,Yes,No,No,No internet service,No internet service,No internet service,No internet service,No internet service,No internet service,Two year,No,Bank transfer (automatic),930.9,No
7410-OIEDU,Male,No,No,No,10,79.85,Yes,No,Fiber optic,Yes,No,Yes,No,No,No,Month-to-month,Yes,Mailed check,887.35,No
2273-QCKXA,Male,No,No,No,1,49.05,Yes,No,DSL,No,No,No,Yes,No,No,Month-to-month,No,Mailed check,49.05,No
0731-EBJQB,Female,No,Yes,Yes,52,20.4,Yes,No,No,No internet service,No internet service,No internet service,No internet service,No internet service,No internet service,One year,Yes,Electronic check,1090.65,No
1891-QRQSA,Male,Yes,Yes,Yes,64,111.6,Yes,Yes,Fiber optic,Yes,No,Yes,Yes,Yes,Yes,Two year,Yes,Bank transfer (automatic),7099.0,No
8028-PNXHQ,Male,No,Yes,Yes,62,24.25,Yes,Yes,No,No internet service,No internet service,No internet service,No internet service,No internet service,No internet service,Two year,Yes,Bank transfer (automatic),1424.6,No
5630-AHZIL,Female,No,No,Yes,3,64.5,Yes,No,DSL,Yes,No,No,Yes,No,Yes,Month-to-month,Yes,Bank transfer (automatic),177.4,No
2673-CXQEU,Female,Yes,No,No,56,110.5,Yes,Yes,Fiber optic,Yes,Yes,Yes,No,Yes,Yes,One year,No,Electronic check,6139.5,No
6416-JNVRK,Female,No,No,No,46,55.65,Yes,No,DSL,No,No,No,No,No,Yes,One year,No,Credit card (automatic),2688.85,No
5590-ZSKRV,Female,No,Yes,Yes,8,54.65,Yes,No,DSL,Yes,Yes,No,No,No,No,Month-to-month,No,Mailed check,482.25,No
0191-ZHSKZ,Male,Yes,No,No,30,74.75,Yes,No,DSL,Yes,Yes,No,No,Yes,Yes,Month-to-month,Yes,Electronic check,2111.3,No
3887-PBQAO,Female,No,Yes,Yes,45,25.9,Yes,Yes,No,No internet service,No internet service,No internet service,No internet service,No internet service,No internet service,One year,Yes,Credit card (automatic),1216.6,No
5919-TMRGD,Female,No,No,Yes,1,79.35,Yes,No,Fiber optic,No,No,No,No,Yes,No,Month-to-month,Yes,Electronic check,79.35,Yes
8108-UXRQN,Female,No,Yes,Yes,11,50.55,No,No phone service,DSL,Yes,No,No,No,Yes,Yes,Month-to-month,No,Electronic check,565.35,No
9191-MYQKX,Female,No,Yes,No,7,75.15,Yes,No,Fiber optic,No,No,Yes,No,No,No,Month-to-month,Yes,Bank transfer (automatic),496.9,Yes
9919-YLNNG,Female,No,No,No,42,103.8,Yes,No,Fiber optic,No,Yes,Yes,Yes,Yes,Yes,Month-to-month,Yes,Bank transfer (automatic),4327.5,No
0318-ZOPWS,Female,No,Yes,No,49,20.15,Yes,No,No,No internet service,No internet service,No internet service,No internet service,No internet service,No internet service,Two year,Yes,Bank transfer (automatic),973.35,No
4445-ZJNMU,Male,No,No,No,9,99.3,Yes,Yes,Fiber optic,No,Yes,No,No,Yes,Yes,Month-to-month,Yes,Credit card (automatic),918.75,No
4808-YNLEU,Female,No,Yes,No,35,62.15,Yes,No,DSL,Yes,No,No,No,Yes,No,One year,Yes,Bank transfer (automatic),2215.45,No
1862-QRWPE,Female,No,Yes,Yes,48,20.65,Yes,No,No,No internet service,No internet service,No internet service,No internet service,No internet service,No internet service,Two year,No,Bank transfer (automatic),1057.0,No
2796-NNUFI,Female,No,Yes,Yes,46,19.95,Yes,No,No,No internet service,No internet service,No internet service,No internet service,No internet service,No internet service,Two year,Yes,Mailed check,927.1,No
3016-KSVCP,Male,No,Yes,No,29,33.75,No,No phone service,DSL,No,No,No,No,Yes,No,Month-to-month,No,Mailed check,1009.25,No
4767-HZZHQ,Male,No,Yes,Yes,30,82.05,Yes,No,Fiber optic,No,Yes,Yes,No,No,No,Month-to-month,No,Bank transfer (automatic),2570.2,No
2424-WVHPL,Male,Yes,No,No,1,74.7,Yes,No,Fiber optic,No,No,No,Yes,No,No,Month-to-month,No,Electronic check,74.7,No
7233-PAHHL,Male,No,Yes,Yes,66,84.0,Yes,Yes,DSL,Yes,No,Yes,Yes,Yes,Yes,Two year,Yes,Mailed check,5714.25,No
6067-NGCEU,Female,No,No,No,65,111.05,Yes,Yes,Fiber optic,Yes,Yes,Yes,No,Yes,Yes,Month-to-month,Yes,Credit card (automatic),7107.0,No
9848-JQJTX,Male,No,No,No,72,100.9,Yes,Yes,Fiber optic,No,Yes,Yes,No,Yes,Yes,Two year,Yes,Bank transfer (automatic),7459.05,No
8637-XJIVR,Female,No,No,No,12,78.95,Yes,Yes,Fiber optic,Yes,No,No,No,No,No,Month-to-month,Yes,Electronic check,927.35,Yes
9803-FTJCG,Male,No,Yes,Yes,71,66.85,Yes,Yes,DSL,Yes,Yes,No,Yes,No,No,One year,Yes,Credit card (automatic),4748.7,No
0278-YXOOG,Male,No,No,No,5,21.05,Yes,No,No,No internet service,No internet service,No internet service,No internet service,No internet service,No internet service,Month-to-month,No,Mailed check,113.85,Yes
3212-KXOCR,Male,No,No,No,52,21.0,Yes,No,No,No internet service,No internet service,No internet service,No internet service,No internet service,No internet service,Two year,No,Bank transfer (automatic),1107.2,No
4598-XLKNJ,Female,Yes,Yes,No,25,98.5,Yes,No,Fiber optic,No,Yes,Yes,No,Yes,Yes,Month-to-month,Yes,Electronic check,2514.5,Yes
6380-ARCEH,Male,No,No,No,1,20.2,Yes,No,No,No internet service,No internet service,No internet service,No internet service,No internet service,No internet service,Month-to-month,No,Mailed check,20.2,No
3679-XASPY,Female,No,Yes,Yes,1,19.45,Yes,No,No,No internet service,No internet service,No internet service,No internet service,No internet service,No internet service,Month-to-month,No,Electronic check,19.45,No
7123-WQUHX,Male,No,No,No,38,95.0,Yes,Yes,Fiber optic,No,No,Yes,Yes,Yes,No,One year,No,Bank transfer (automatic),3605.6,No
5386-THSLQ,Female,Yes,Yes,No,66,45.55,No,No phone service,DSL,No,Yes,Yes,No,Yes,No,One year,No,Bank transfer (automatic),3027.25,No
3192-NQECA,Male,No,Yes,No,68,110.0,Yes,Yes,Fiber optic,No,Yes,Yes,Yes,Yes,Yes,Two year,Yes,Bank transfer (automatic),7611.85,Yes
6180-YBIQI,Male,No,No,No,5,24.3,No,No phone service,DSL,No,No,No,No,No,No,Month-to-month,No,Mailed check,100.2,No
6728-DKUCO,Female,No,Yes,Yes,72,104.15,Yes,Yes,Fiber optic,Yes,Yes,No,No,Yes,Yes,One year,Yes,Electronic check,7303.05,No
9750-BOOHV,Female,No,No,No,32,30.15,No,No phone service,DSL,Yes,No,No,No,No,No,One year,No,Mailed check,927.65,No
8597-CWYHH,Male,No,No,No,43,94.35,Yes,Yes,Fiber optic,No,No,No,No,Yes,Yes,One year,No,Mailed check,3921.3,No
2848-YXSMW,Male,No,Yes,Yes,72,19.4,Yes,No,No,No internet service,No internet service,No internet service,No internet service,No internet service,No internet service,Two year,No,Credit card (automatic),1363.25,No
0486-HECZI,Male,No,Yes,No,55,96.75,Yes,Yes,Fiber optic,Yes,Yes,No,No,Yes,No,Month-to-month,Yes,Electronic check,5238.9,Yes
4549-ZDQYY,Female,No,No,No,52,57.95,Yes,No,DSL,Yes,No,Yes,Yes,No,No,One year,No,Credit card (automatic),3042.25,No
5712-AHQNN,Female,No,No,No,43,91.65,Yes,No,Fiber optic,No,Yes,Yes,No,Yes,No,Month-to-month,Yes,Electronic check,3954.1,No
4846-WHAFZ,Female,Yes,Yes,No,37,76.5,Yes,Yes,Fiber optic,No,No,No,No,No,No,Month-to-month,Yes,Electronic check,2868.15,Yes
5256-SKJGO,Female,No,Yes,Yes,64,54.6,No,No phone service,DSL,No,Yes,No,Yes,Yes,Yes,Two year,Yes,Electronic check,3423.5,No
3071-VBYPO,Male,No,Yes,Yes,3,89.85,Yes,No,Fiber optic,Yes,Yes,No,No,Yes,No,Month-to-month,No,Electronic check,248.4,No
9560-BBZXK,Female,No,No,No,36,31.05,No,No phone service,DSL,Yes,No,No,No,No,No,Two year,No,Bank transfer (automatic),1126.35,No
5299-RULOA,Female,No,Yes,Yes,10,100.25,Yes,Yes,Fiber optic,Yes,No,No,No,Yes,Yes,Month-to-month,Yes,Electronic check,1064.65,Yes
8402-OOOHJ,Female,No,No,No,41,20.65,Yes,No,No,No internet service,No internet service,No internet service,No internet service,No internet service,No internet service,Two year,No,Mailed check,835.15,No
9445-ZUEQE,Male,No,Yes,Yes,27,85.2,Yes,Yes,Fiber optic,No,Yes,No,Yes,No,No,Month-to-month,Yes,Credit card (automatic),2151.6,No
1091-SOZGA,Female,No,Yes,Yes,56,99.8,Yes,Yes,Fiber optic,No,No,Yes,No,Yes,Yes,One year,Yes,Credit card (automatic),5515.45,No
2928-HLDBA,Female,No,No,No,6,20.7,Yes,No,No,No internet service,No internet service,No internet service,No internet service,No internet service,No internet service,Month-to-month,No,Mailed check,112.75,No
0404-SWRVG,Male,No,No,No,3,74.4,Yes,Yes,Fiber optic,No,No,No,No,No,No,Month-to-month,Yes,Electronic check,229.55,Yes
6497-TILVL,Female,No,Yes,Yes,7,50.7,Yes,No,DSL,Yes,No,No,No,No,No,Month-to-month,No,Mailed check,350.35,No
7219-TLZHO,Female,No,Yes,Yes,4,20.85,Yes,No,No,No internet service,No internet service,No internet service,No internet service,No internet service,No internet service,Month-to-month,No,Mailed check,62.9,No
4622-YNKIJ,Male,No,No,No,33,88.95,Yes,No,Fiber optic,Yes,No,No,Yes,Yes,No,Two year,Yes,Electronic check,3027.65,No
4412-YLTKF,Female,Yes,No,No,27,78.05,Yes,Yes,Fiber optic,No,No,Yes,No,No,No,Month-to-month,Yes,Electronic check,2135.5,Yes
6734-PSBAW,Male,No,Yes,No,72,23.55,Yes,Yes,No,No internet service,No internet service,No internet service,No internet service,No internet service,No internet service,Two year,Yes,Bank transfer (automatic),1723.95,No
3930-ZGWVE,Male,No,No,No,1,19.75,Yes,No,No,No internet service,No internet service,No internet service,No internet service,No internet service,No internet service,Month-to-month,No,Mailed check,19.75,No
2639-UGMAZ,Male,Yes,No,No,71,56.45,No,No phone service,DSL,Yes,Yes,No,No,Yes,Yes,One year,Yes,Electronic check,3985.35,No
2876-GZYZC,Female,No,No,No,13,85.95,Yes,Yes,Fiber optic,No,No,No,No,No,Yes,Month-to-month,Yes,Electronic check,1215.65,No
6207-WIOLX,Female,No,Yes,Yes,25,58.6,No,No phone service,DSL,Yes,Yes,Yes,No,Yes,Yes,Month-to-month,Yes,Credit card (automatic),1502.65,Yes
8587-XYZSF,Male,No,No,No,67,50.55,Yes,No,DSL,No,No,No,Yes,No,No,Two year,No,Bank transfer (automatic),3260.1,No
3091-FYHKI,Male,No,No,No,1,35.45,No,No phone service,DSL,No,No,No,No,No,Yes,Month-to-month,Yes,Electronic check,35.45,Yes
2372-HWUHI,Male,No,No,No,2,44.35,Yes,No,DSL,No,No,No,No,No,No,Month-to-month,No,Electronic check,81.25,Yes
7799-LGRDP,Female,No,No,No,43,25.7,Yes,Yes,No,No internet service,No internet service,No internet service,No internet service,No internet service,No internet service,Two year,Yes,Credit card (automatic),1188.2,No
7850-VWJUU,Female,No,No,No,23,75.0,Yes,No,Fiber optic,Yes,No,No,No,No,No,Month-to-month,Yes,Bank transfer (automatic),1778.5,No
3774-VBNXY,Female,No,Yes,Yes,64,20.2,Yes,No,No,No internet service,No internet service,No internet service,No internet service,No internet service,No internet service,Two year,No,Mailed check,1277.75,No
6217-KDYWC,Male,No,No,Yes,57,19.6,Yes,No,No,No internet service,No internet service,No internet service,No internet service,No internet service,No internet service,Two year,Yes,Mailed check,1170.55,No
0390-DCFDQ,Female,Yes,Yes,No,1,70.45,Yes,No,Fiber optic,No,No,No,No,No,No,Month-to-month,Yes,Mailed check,70.45,Yes
3146-MSEGF,Female,Yes,Yes,Yes,72,88.05,Yes,Yes,DSL,Yes,Yes,Yes,Yes,Yes,Yes,Two year,Yes,Credit card (automatic),6425.65,No
4080-OGPJL,Female,No,No,No,8,71.15,Yes,Yes,DSL,Yes,No,No,Yes,No,Yes,Month-to-month,No,Electronic check,563.65,Yes
1095-WGNGG,Female,No,Yes,No,61,101.05,Yes,Yes,Fiber optic,No,Yes,No,No,Yes,Yes,Two year,Yes,Bank transfer (automatic),5971.25,No
2636-SJDOU,Male,No,No,No,64,84.3,Yes,Yes,Fiber optic,Yes,Yes,No,No,No,No,One year,Yes,Credit card (automatic),5289.05,No
1131-QQZEB,Male,Yes,Yes,No,71,23.95,Yes,Yes,No,No internet service,No internet service,No internet service,No internet service,No internet service,No internet service,Two year,No,Bank transfer (automatic),1756.2,No
5716-EZXZN,Female,No,Yes,Yes,65,99.05,Yes,Yes,Fiber optic,Yes,Yes,No,Yes,Yes,No,Two year,Yes,Credit card (automatic),6416.7,No
6837-BJYDQ,Male,No,No,No,3,19.6,Yes,No,No,No internet service,No internet service,No internet service,No internet service,No internet service,No internet service,One year,No,Mailed check,61.35,No
2135-RXIHG,Male,No,No,No,1,45.65,Yes,No,DSL,No,No,No,No,No,No,Month-to-month,Yes,Electronic check,45.65,Yes
6440-DKQGE,Male,No,No,Yes,30,64.5,Yes,No,DSL,No,Yes,Yes,No,Yes,No,One year,No,Credit card (automatic),1929.95,No
3466-BYAVD,Male,No,Yes,Yes,15,69.5,Yes,No,DSL,No,Yes,Yes,Yes,No,Yes,Month-to-month,Yes,Mailed check,1071.4,No
3780-YVMFA,Female,No,Yes,Yes,8,68.55,Yes,No,DSL,No,No,No,Yes,Yes,Yes,Month-to-month,Yes,Electronic check,564.35,No
3874-EQOEP,Male,No,No,No,7,95.0,Yes,Yes,Fiber optic,No,No,No,No,Yes,Yes,Month-to-month,No,Mailed check,655.5,Yes
1679-JRFBR,Female,No,Yes,Yes,70,108.15,Yes,Yes,Fiber optic,Yes,Yes,Yes,No,Yes,Yes,One year,Yes,Credit card (automatic),7930.55,No
9073-ZZIAY,Male,No,Yes,Yes,62,86.1,Yes,No,DSL,Yes,Yes,Yes,Yes,Yes,Yes,Two year,No,Electronic check,5215.25,No
3077-RSNTJ,Female,No,Yes,Yes,6,19.7,Yes,No,No,No internet service,No internet service,No internet service,No internet service,No internet service,No internet service,Month-to-month,No,Mailed check,113.5,No
6551-GNYDG,Female,No,Yes,Yes,14,80.9,Yes,No,Fiber optic,No,No,No,No,No,Yes,Month-to-month,Yes,Bank transfer (automatic),1152.8,No
9167-APMXZ,Female,No,No,No,22,84.15,Yes,Yes,Fiber optic,No,No,No,No,Yes,No,Month-to-month,Yes,Bank transfer (automatic),1821.95,No
2749-CTKAJ,Male,No,Yes,Yes,22,20.15,Yes,No,No,No internet service,No internet service,No internet service,No internet service,No internet service,No internet service,One year,No,Mailed check,419.9,No
6371-NZYEG,Male,No,Yes,Yes,16,64.25,Yes,No,DSL,Yes,No,Yes,No,Yes,No,Two year,No,Mailed check,1024.0,No
7554-NEWDD,Male,No,No,No,10,25.7,Yes,Yes,No,No internet service,No internet service,No internet service,No internet service,No internet service,No internet service,Two year,No,Bank transfer (automatic),251.6,No
8992-VONJD,Female,No,No,Yes,13,56.0,Yes,No,DSL,Yes,Yes,No,No,No,No,Month-to-month,Yes,Electronic check,764.55,No
0867-MKZVY,Female,No,Yes,No,20,82.4,Yes,Yes,Fiber optic,Yes,No,No,No,No,No,Month-to-month,No,Electronic check,1592.35,Yes
4482-EWFMI,Female,No,No,No,2,69.7,Yes,No,Fiber optic,No,No,No,No,No,No,Month-to-month,Yes,Electronic check,135.2,No
4648-YPBTM,Male,No,No,No,53,73.9,Yes,Yes,DSL,No,Yes,Yes,Yes,No,Yes,Two year,Yes,Bank transfer (automatic),3958.25,No
2907-ILJBN,Female,No,Yes,Yes,11,20.6,Yes,No,No,No internet service,No internet service,No internet service,No internet service,No internet service,No internet service,One year,No,Mailed check,233.9,No
6345-FZOQH,Male,No,Yes,No,69,19.9,Yes,No,No,No internet service,No internet service,No internet service,No internet service,No internet service,No internet service,Two year,No,Mailed check,1363.45,No
3376-BMGFE,Female,No,No,No,4,70.9,Yes,No,Fiber optic,No,No,No,No,No,No,Month-to-month,Yes,Bank transfer (automatic),273.0,Yes
5997-OPVFA,Male,No,Yes,No,72,89.05,Yes,Yes,DSL,Yes,Yes,Yes,Yes,Yes,Yes,Two year,Yes,Bank transfer (automatic),6254.45,No
3445-HXXGF,Male,Yes,Yes,No,58,45.3,No,No phone service,DSL,No,Yes,Yes,No,No,Yes,Month-to-month,Yes,Electronic check,2651.2,Yes
1159-WFSGR,Female,No,Yes,Yes,16,20.4,Yes,No,No,No internet service,No internet service,No internet service,No internet service,No internet service,No internet service,Month-to-month,No,Electronic check,321.4,No
7654-YWJUF,Male,No,Yes,No,43,84.25,Yes,No,Fiber optic,Yes,No,Yes,Yes,No,No,One year,Yes,Bank transfer (automatic),3539.25,No
1875-QIVME,Female,No,Yes,No,2,104.4,Yes,Yes,Fiber optic,No,No,Yes,Yes,Yes,Yes,Month-to-month,Yes,Electronic check,242.8,Yes
6727-IOTLZ,Male,No,Yes,No,14,81.95,Yes,No,DSL,No,Yes,Yes,Yes,Yes,Yes,Two year,No,Mailed check,1181.75,No
0691-JVSYA,Female,No,Yes,No,53,94.85,Yes,No,Fiber optic,No,No,Yes,No,Yes,Yes,One year,Yes,Bank transfer (automatic),5000.2,Yes
5918-VUKWP,Female,No,No,No,32,20.55,Yes,No,No,No internet service,No internet service,No internet service,No internet service,No internet service,No internet service,One year,No,Bank transfer (automatic),654.55,No
1744-JHKYS,Female,No,Yes,No,34,24.7,Yes,Yes,No,No internet service,No internet service,No internet service,No internet service,No internet service,No internet service,Month-to-month,No,Electronic check,780.2,No
2656-FMOKZ,Female,Yes,No,No,15,74.45,Yes,Yes,Fiber optic,No,No,No,No,No,No,Month-to-month,Yes,Mailed check,1145.7,Yes
2070-FNEXE,Female,Yes,No,No,7,76.45,Yes,No,Fiber optic,Yes,No,No,No,No,No,Month-to-month,No,Bank transfer (automatic),503.6,Yes
5947-SGKCL,Female,No,Yes,Yes,15,105.35,Yes,Yes,Fiber optic,No,Yes,Yes,No,Yes,Yes,Month-to-month,Yes,Bank transfer (automatic),1559.25,No
3712-PKXZA,Male,No,Yes,No,61,20.55,Yes,No,No,No internet service,No internet service,No internet service,No internet service,No internet service,No internet service,One year,Yes,Credit card (automatic),1252.0,No
6317-YPKDH,Female,No,No,No,1,29.95,No,No phone service,DSL,No,Yes,No,No,No,No,Month-to-month,No,Bank transfer (automatic),29.95,Yes
6582-OIVSP,Female,No,No,No,1,45.3,Yes,No,DSL,No,No,No,No,No,No,Month-to-month,No,Mailed check,45.3,No
9367-WXLCH,Male,No,No,No,8,84.5,Yes,Yes,Fiber optic,No,No,No,No,No,Yes,Month-to-month,No,Bank transfer (automatic),662.65,Yes
5524-KHNJP,Male,No,Yes,Yes,33,74.75,Yes,No,DSL,Yes,No,Yes,No,Yes,Yes,One year,No,Credit card (automatic),2453.3,No
1918-ZBFQJ,Female,No,No,No,13,79.25,Yes,No,Fiber optic,No,Yes,Yes,No,No,No,Month-to-month,Yes,Electronic check,1111.65,Yes
1024-GUALD,Female,No,Yes,No,1,24.8,No,No phone service,DSL,No,No,No,No,No,No,Month-to-month,Yes,Electronic check,24.8,Yes
4827-USJHP,Male,No,No,No,20,51.8,Yes,No,DSL,No,Yes,No,No,No,No,Month-to-month,Yes,Mailed check,1023.85,No
8167-GJLRN,Male,No,No,No,3,30.4,No,No phone service,DSL,No,No,No,Yes,No,No,Month-to-month,No,Electronic check,82.15,No
0956-SYCWG,Female,No,No,No,13,19.65,Yes,No,No,No internet service,No internet service,No internet service,No internet service,No internet service,No internet service,One year,No,Electronic check,244.8,No
8017-UVSZU,Female,No,Yes,No,40,56.6,Yes,Yes,DSL,No,Yes,No,No,No,No,Month-to-month,No,Credit card (automatic),2379.1,No
7100-FQPRV,Male,No,Yes,Yes,43,71.9,Yes,Yes,DSL,Yes,No,No,Yes,No,Yes,One year,Yes,Credit card (automatic),3173.35,No
2472-OVKUP,Male,No,Yes,No,6,91.0,Yes,No,Fiber optic,No,Yes,Yes,No,No,Yes,Month-to-month,Yes,Electronic check,531.0,Yes
2984-RGEYA,Female,No,Yes,Yes,69,19.75,Yes,No,No,No internet service,No internet service,No internet service,No internet service,No internet service,No internet service,Two year,No,Bank transfer (automatic),1375.4,No
9680-NIAUV,Female,No,Yes,Yes,72,109.7,Yes,Yes,Fiber optic,Yes,Yes,Yes,No,Yes,Yes,Two year,No,Credit card (automatic),8129.3,No
2146-EGVDT,Male,No,Yes,Yes,59,19.3,Yes,No,No,No internet service,No internet service,No internet service,No internet service,No internet service,No internet service,Two year,No,Credit card (automatic),1192.7,No
2604-IJPDU,Female,No,Yes,No,20,96.55,Yes,No,Fiber optic,Yes,Yes,No,Yes,Yes,No,Month-to-month,Yes,Electronic check,1901.65,No
9178-JHUVJ,Male,No,Yes,Yes,24,24.1,Yes,Yes,No,No internet service,No internet service,No internet service,No internet service,No internet service,No internet service,Two year,Yes,Bank transfer (automatic),587.4,No
6168-YBYNP,Male,No,No,No,59,111.35,Yes,Yes,Fiber optic,No,Yes,Yes,Yes,Yes,Yes,Month-to-month,Yes,Electronic check,6519.75,No
7255-SSFBC,Male,No,Yes,Yes,72,112.25,Yes,Yes,Fiber optic,No,Yes,Yes,Yes,Yes,Yes,Two year,Yes,Bank transfer (automatic),8041.65,No
3645-DEYGF,Male,No,No,Yes,1,20.75,Yes,No,No,No internet service,No internet service,No internet service,No internet service,No internet service,No internet service,Month-to-month,No,Mailed check,20.75,No
9323-HGFWY,Female,No,Yes,No,27,101.9,Yes,No,Fiber optic,Yes,No,No,Yes,Yes,Yes,One year,Yes,Credit card (automatic),2681.15,No
8544-GOQSH,Female,No,No,No,14,80.05,Yes,No,Fiber optic,No,Yes,No,Yes,No,No,Month-to-month,Yes,Credit card (automatic),1112.3,No
3363-DTIVD,Male,No,Yes,Yes,71,105.55,Yes,Yes,Fiber optic,Yes,No,Yes,No,Yes,Yes,Two year,No,Electronic check,7405.5,No
7018-WBJNK,Male,No,No,Yes,13,78.3,Yes,No,Fiber optic,No,No,No,No,Yes,No,Month-to-month,Yes,Credit card (automatic),1033.95,No
9142-KZXOP,Male,No,No,No,44,68.85,Yes,No,Fiber optic,No,No,No,No,No,No,Month-to-month,No,Credit card (automatic),2958.95,No
7674-YTAFD,Female,No,No,No,33,79.95,Yes,No,Fiber optic,No,Yes,No,Yes,No,No,One year,Yes,Bank transfer (automatic),2684.85,No
6348-SNFUS,Male,No,Yes,Yes,72,55.45,No,No phone service,DSL,Yes,Yes,Yes,Yes,No,Yes,Two year,Yes,Credit card (automatic),4179.2,No
1285-OKIPP,Male,No,No,No,1,79.9,Yes,No,Fiber optic,No,No,No,No,No,Yes,Month-to-month,No,Electronic check,79.9,Yes
7825-ECJRF,Female,No,No,No,19,106.6,Yes,No,Fiber optic,Yes,No,Yes,Yes,Yes,Yes,Month-to-month,Yes,Electronic check,1934.45,Yes
1347-KTTTA,Male,No,Yes,No,64,102.45,Yes,No,Fiber optic,No,Yes,Yes,Yes,Yes,Yes,One year,Yes,Credit card (automatic),6654.1,No
7841-TZDMQ,Male,No,No,No,2,46.0,Yes,No,DSL,No,No,No,No,No,No,Month-to-month,Yes,Credit card (automatic),84.5,Yes
4195-NZGTA,Female,No,No,No,1,25.25,No,No phone service,DSL,No,No,No,No,No,No,Month-to-month,No,Electronic check,25.25,No
7157-SMCFK,Male,No,No,Yes,61,19.75,Yes,No,No,No internet service,No internet service,No internet service,No internet service,No internet service,No internet service,Two year,No,Mailed check,1124.2,No
4709-LKHYG,Female,No,Yes,Yes,29,20.0,Yes,No,No,No internet service,No internet service,No internet service,No internet service,No internet service,No internet service,One year,No,Electronic check,540.05,No
2504-DSHIH,Male,Yes,Yes,No,23,86.8,Yes,Yes,Fiber optic,No,No,No,No,No,Yes,Month-to-month,No,Electronic check,1975.85,No
0699-NDKJM,Female,No,Yes,No,57,58.75,No,No phone service,DSL,Yes,Yes,Yes,No,Yes,Yes,Month-to-month,Yes,Bank transfer (automatic),3437.45,No
9286-BHDQG,Male,No,Yes,Yes,72,45.25,No,No phone service,DSL,Yes,Yes,Yes,Yes,No,No,Two year,No,Credit card (automatic),3139.8,No
0230-WEQUW,Male,No,Yes,No,66,56.6,No,No phone service,DSL,Yes,Yes,Yes,Yes,Yes,No,Two year,Yes,Bank transfer (automatic),3789.2,No
2040-LDIWQ,Male,No,Yes,Yes,65,84.2,Yes,Yes,DSL,No,Yes,Yes,Yes,Yes,Yes,Two year,Yes,Bank transfer (automatic),5324.5,No
6496-JDSSB,Female,No,No,No,8,80.0,Yes,No,Fiber optic,No,No,No,No,Yes,No,Month-to-month,Yes,Bank transfer (automatic),624.6,No
9408-SSNVZ,Female,No,No,No,4,70.15,Yes,No,Fiber optic,No,No,No,No,No,No,Month-to-month,Yes,Electronic check,268.35,Yes
4443-EMBNA,Female,No,Yes,No,71,24.75,Yes,Yes,No,No internet service,No internet service,No internet service,No internet service,No internet service,No internet service,Two year,No,Bank transfer (automatic),1836.9,No
6469-MRVET,Male,No,Yes,Yes,1,20.2,Yes,No,No,No internet service,No internet service,No internet service,No internet service,No internet service,No internet service,One year,Yes,Electronic check,20.2,No
0742-MOABM,Male,No,Yes,No,4,50.05,Yes,No,DSL,No,No,No,Yes,No,No,Month-to-month,No,Mailed check,179.35,Yes
5961-VUSRV,Female,No,No,No,12,19.35,Yes,No,No,No internet service,No internet service,No internet service,No internet service,No internet service,No internet service,One year,Yes,Bank transfer (automatic),219.35,No
6778-JFCMK,Male,No,No,No,24,50.6,No,No phone service,DSL,Yes,No,No,No,Yes,Yes,One year,Yes,Mailed check,1288.75,No
6341-JVQGF,Female,No,Yes,Yes,31,81.15,Yes,No,DSL,Yes,No,Yes,Yes,Yes,Yes,One year,Yes,Mailed check,2545.75,No
2232-DMLXU,Female,No,Yes,No,1,55.2,Yes,No,DSL,No,No,No,No,Yes,No,Month-to-month,No,Mailed check,55.2,Yes
4811-JBUVU,Male,No,No,No,30,89.9,Yes,Yes,Fiber optic,No,No,No,Yes,No,Yes,Month-to-month,Yes,Credit card (automatic),2723.15,No
0945-TSONX,Female,No,Yes,Yes,47,85.3,Yes,Yes,DSL,Yes,Yes,No,Yes,Yes,Yes,Two year,Yes,Credit card (automatic),4107.25,No
2651-ZCBXV,Male,No,No,No,54,108.0,Yes,Yes,Fiber optic,Yes,Yes,No,Yes,Yes,Yes,Two year,Yes,Credit card (automatic),5760.65,No
3316-UWXUY,Male,No,No,No,50,93.5,Yes,No,Fiber optic,Yes,Yes,No,Yes,No,Yes,Month-to-month,Yes,Credit card (automatic),4747.5,No
8937-RDTHP,Male,No,No,No,1,84.6,Yes,No,Fiber optic,Yes,No,No,No,No,Yes,Month-to-month,Yes,Mailed check,84.6,Yes
7083-MIOPC,Female,No,No,No,72,20.25,Yes,No,No,No internet service,No internet service,No internet service,No internet service,No internet service,No internet service,Two year,No,Credit card (automatic),1566.9,No
1984-GPTEH,Female,No,No,No,29,25.15,Yes,Yes,No,No internet service,No internet service,No internet service,No internet service,No internet service,No internet service,Month-to-month,No,Electronic check,702.0,No
1251-KRREG,Male,No,No,No,2,54.4,Yes,Yes,DSL,No,Yes,No,No,No,No,Month-to-month,Yes,Mailed check,114.1,Yes
0621-JFHOL,Female,No,No,No,10,29.6,No,No phone service,DSL,No,No,No,Yes,No,No,Two year,Yes,Mailed check,299.05,No
9903-LYSAB,Male,No,Yes,No,18,73.15,Yes,Yes,Fiber optic,No,No,No,No,No,No,Month-to-month,Yes,Electronic check,1305.95,No
0094-OIFMO,Female,Yes,No,No,11,95.0,Yes,No,Fiber optic,No,Yes,No,No,Yes,Yes,Month-to-month,Yes,Electronic check,1120.3,Yes
9227-UAQFT,Male,No,No,No,16,19.75,Yes,No,No,No internet service,No internet service,No internet service,No internet service,No internet service,No internet service,Two year,No,Mailed check,284.35,No
7301-ABVAD,Female,No,No,No,72,86.6,Yes,Yes,DSL,No,Yes,Yes,Yes,Yes,Yes,Two year,No,Bank transfer (automatic),6350.5,No
6614-FHDBO,Male,No,No,No,72,109.2,Yes,Yes,Fiber optic,No,Yes,Yes,Yes,Yes,Yes,Two year,No,Bank transfer (automatic),7878.3,No
7576-ASEJU,Female,No,Yes,Yes,41,74.7,Yes,No,DSL,Yes,No,No,Yes,Yes,Yes,One year,Yes,Credit card (automatic),3187.65,No
9058-HRZSV,Female,Yes,Yes,No,65,94.4,Yes,No,Fiber optic,Yes,Yes,Yes,No,No,Yes,Month-to-month,No,Electronic check,6126.15,No
4522-AKYLR,Female,Yes,No,No,13,54.8,Yes,No,DSL,No,Yes,Yes,No,No,No,Month-to-month,Yes,Electronic check,731.3,No
0221-WMXNQ,Male,Yes,No,No,4,75.35,Yes,No,Fiber optic,Yes,No,No,No,No,No,Month-to-month,No,Electronic check,273.4,No
0303-UNCIP,Male,No,No,No,41,65.0,Yes,Yes,DSL,No,No,Yes,No,No,Yes,One year,No,Mailed check,2531.8,No
9947-OTFQU,Male,Yes,No,No,15,74.4,Yes,No,Fiber optic,No,Yes,No,No,No,No,Month-to-month,Yes,Electronic check,1074.3,Yes
0322-YINQP,Male,No,No,No,1,48.55,Yes,No,DSL,Yes,No,No,No,No,No,Month-to-month,Yes,Mailed check,48.55,Yes
0959-WHOKV,Male,No,No,No,42,99.0,Yes,Yes,Fiber optic,Yes,Yes,Yes,No,No,Yes,One year,Yes,Electronic check,4298.45,No
4075-JFPGR,Female,No,Yes,No,51,93.5,Yes,No,Fiber optic,Yes,Yes,Yes,No,Yes,No,One year,Yes,Electronic check,4619.55,No
4629-NRXKX,Female,No,Yes,Yes,2,70.4,Yes,No,Fiber optic,No,No,No,No,No,No,Month-to-month,No,Electronic check,147.15,Yes
9514-JDSKI,Male,Yes,Yes,No,1,40.2,No,No phone service,DSL,No,Yes,No,No,Yes,No,Month-to-month,No,Electronic check,40.2,Yes
3282-ZISZV,Male,No,No,Yes,32,83.7,Yes,Yes,DSL,No,Yes,Yes,Yes,Yes,Yes,One year,No,Credit card (automatic),2633.3,No
3675-YDUPJ,Male,No,No,No,10,19.85,Yes,No,No,No internet service,No internet service,No internet service,No internet service,No internet service,No internet service,Month-to-month,Yes,Mailed check,193.05,No
4111-BNXIF,Female,No,Yes,Yes,67,59.55,No,No phone service,DSL,No,Yes,Yes,Yes,Yes,Yes,Two year,Yes,Electronic check,4103.9,No
7017-VFHAY,Female,No,Yes,Yes,61,115.1,Yes,Yes,Fiber optic,Yes,Yes,Yes,Yes,Yes,Yes,Two year,No,Credit card (automatic),7008.15,No
6655-LHBYW,Male,No,No,No,50,114.35,Yes,Yes,Fiber optic,Yes,Yes,Yes,Yes,Yes,Yes,One year,No,Credit card (automatic),5791.1,No
4959-JOSRX,Female,No,Yes,No,2,44.6,Yes,No,DSL,No,No,No,No,No,No,Month-to-month,Yes,Credit card (automatic),80.55,Yes
5046-NUHWD,Female,Yes,Yes,No,29,45.0,No,No phone service,DSL,Yes,No,Yes,No,No,Yes,Month-to-month,Yes,Electronic check,1228.65,No
7273-TEFQD,Male,Yes,No,No,3,41.15,No,No phone service,DSL,No,No,Yes,No,No,Yes,Month-to-month,Yes,Electronic check,132.2,Yes
3606-TWKGI,Male,Yes,No,No,13,106.9,Yes,Yes,Fiber optic,No,Yes,Yes,No,Yes,Yes,Month-to-month,Yes,Electronic check,1364.3,Yes
7529-ZDFXI,Male,Yes,Yes,No,57,89.85,Yes,Yes,Fiber optic,No,Yes,No,No,No,Yes,Month-to-month,Yes,Electronic check,4925.35,No
7605-BDWDC,Female,No,No,No,31,49.85,No,No phone service,DSL,Yes,Yes,No,Yes,No,Yes,Two year,Yes,Bank transfer (automatic),1520.1,No
1950-KSVVJ,Female,No,Yes,No,45,113.3,Yes,Yes,Fiber optic,Yes,Yes,Yes,Yes,Yes,Yes,One year,No,Mailed check,5032.25,No
0123-CRBRT,Female,No,Yes,Yes,61,88.1,Yes,Yes,DSL,Yes,Yes,Yes,Yes,Yes,Yes,Two year,No,Mailed check,5526.75,No
6292-TOSSS,Male,No,No,No,50,24.9,Yes,Yes,No,No internet service,No internet service,No internet service,No internet service,No internet service,No internet service,Two year,No,Bank transfer (automatic),1195.25,No
3197-ARFOY,Female,Yes,No,No,19,105.0,Yes,No,Fiber optic,Yes,Yes,No,Yes,Yes,Yes,Month-to-month,Yes,Mailed check,2007.25,No
6323-AYBRX,Male,No,No,No,59,19.35,Yes,No,No,No internet service,No internet service,No internet service,No internet service,No internet service,No internet service,Two year,No,Mailed check,1099.6,Yes
7014-ZZXAW,Female,No,Yes,No,71,24.25,Yes,Yes,No,No internet service,No internet service,No internet service,No internet service,No internet service,No internet service,Two year,Yes,Credit card (automatic),1732.95,No
4385-GZQXV,Female,Yes,No,No,16,94.45,Yes,No,Fiber optic,No,No,No,Yes,Yes,Yes,Month-to-month,Yes,Electronic check,1511.2,Yes
7633-MVPUY,Male,No,Yes,No,57,59.75,Yes,No,DSL,Yes,Yes,No,Yes,No,No,Two year,Yes,Electronic check,3450.15,No
6366-ZGQGL,Male,No,No,No,1,24.8,No,No phone service,DSL,No,No,No,No,No,No,Month-to-month,No,Bank transfer (automatic),24.8,Yes
4716-HHKQH,Male,Yes,Yes,No,20,107.05,Yes,Yes,Fiber optic,No,Yes,No,Yes,Yes,Yes,Month-to-month,No,Electronic check,2172.05,No
5940-AHUHD,Male,No,No,No,1,70.6,Yes,No,Fiber optic,No,No,No,No,No,No,Month-to-month,No,Mailed check,70.6,Yes
6432-TWQLB,Male,No,Yes,No,5,85.4,Yes,Yes,Fiber optic,No,Yes,No,Yes,No,No,Month-to-month,Yes,Electronic check,401.1,Yes
4484-GLZOU,Female,No,Yes,No,52,105.05,Yes,Yes,Fiber optic,No,Yes,Yes,No,Yes,Yes,Month-to-month,Yes,Electronic check,5624.85,Yes
3179-GBRWV,Male,Yes,Yes,No,21,64.95,Yes,No,DSL,Yes,Yes,No,No,No,Yes,Month-to-month,Yes,Bank transfer (automatic),1339.8,No
8645-KWHJO,Male,No,No,No,14,55.0,No,No phone service,DSL,No,No,Yes,Yes,Yes,Yes,Month-to-month,Yes,Electronic check,771.95,No
4130-MZLCC,Female,No,No,No,5,50.55,Yes,No,DSL,No,Yes,No,No,No,No,Month-to-month,No,Bank transfer (automatic),244.75,No
0314-TKOSI,Female,No,No,No,6,55.15,Yes,No,DSL,Yes,Yes,No,No,No,No,Month-to-month,No,Mailed check,322.9,No
8229-MYEJZ,Female,No,No,No,10,51.2,Yes,No,DSL,No,Yes,No,No,No,No,Month-to-month,No,Electronic check,498.25,No
2080-SRCDE,Female,No,No,Yes,1,25.4,Yes,Yes,No,No internet service,No internet service,No internet service,No internet service,No internet service,No internet service,Month-to-month,No,Mailed check,25.4,No
9577-WJVCQ,Female,No,No,No,68,54.45,Yes,Yes,DSL,Yes,No,No,No,No,No,Month-to-month,No,Mailed check,3687.75,No
9512-UIBFX,Male,No,Yes,Yes,18,95.15,Yes,No,Fiber optic,No,No,Yes,No,Yes,Yes,Month-to-month,No,Mailed check,1779.95,Yes
6202-DYYFX,Female,No,No,No,22,76.0,Yes,Yes,Fiber optic,No,No,No,No,No,No,One year,Yes,Credit card (automatic),1783.6,No
3808-HFKDE,Female,No,No,No,20,44.35,Yes,No,DSL,No,No,No,No,No,No,Month-to-month,Yes,Electronic check,927.15,No
5583-SXDAG,Male,No,Yes,No,1,70.0,Yes,No,Fiber optic,No,No,No,No,No,No,Month-to-month,No,Electronic check,70.0,Yes
3488-PGMQJ,Male,Yes,No,No,8,74.5,Yes,No,Fiber optic,No,Yes,No,No,No,No,Month-to-month,Yes,Electronic check,606.55,Yes
3580-REOAC,Male,No,No,No,10,44.85,Yes,No,DSL,No,No,No,No,No,No,Month-to-month,Yes,Credit card (automatic),435.4,Yes
7534-BFESC,Male,Yes,No,No,24,76.1,Yes,Yes,Fiber optic,No,No,No,No,No,No,Month-to-month,Yes,Electronic check,1712.7,Yes
3727-OWVYD,Male,No,No,No,35,61.2,Yes,No,DSL,Yes,Yes,Yes,No,No,No,One year,No,Mailed check,2021.2,No
2294-SALNE,Male,No,Yes,Yes,23,86.8,Yes,No,Fiber optic,No,Yes,Yes,Yes,No,No,One year,No,Mailed check,1940.8,No
4847-TAJYI,Female,Yes,No,No,6,89.35,Yes,No,Fiber optic,No,No,No,No,Yes,Yes,Month-to-month,Yes,Electronic check,567.8,No
1563-IWQEX,Female,No,No,No,12,19.7,Yes,No,No,No internet service,No internet service,No internet service,No internet service,No internet service,No internet service,Month-to-month,No,Mailed check,220.35,No
8203-XJZRC,Male,No,No,No,1,20.25,Yes,No,No,No internet service,No internet service,No internet service,No internet service,No internet service,No internet service,Month-to-month,No,Mailed check,20.25,No
6556-DBKZF,Female,No,Yes,Yes,71,76.05,Yes,No,Fiber optic,No,No,Yes,No,No,No,Two year,No,Electronic check,5436.45,No
6851-WEFYX,Male,Yes,Yes,No,35,100.8,Yes,Yes,Fiber optic,No,No,Yes,No,Yes,Yes,Month-to-month,Yes,Electronic check,3437.5,No
2985-JUUBZ,Male,No,Yes,Yes,40,74.55,Yes,Yes,DSL,No,No,Yes,No,Yes,Yes,Month-to-month,Yes,Electronic check,3015.75,No
6390-DSAZX,Female,No,No,Yes,1,73.6,Yes,No,Fiber optic,Yes,No,No,No,No,No,Month-to-month,Yes,Mailed check,73.6,Yes
0895-LMRSF,Male,No,No,No,23,64.9,Yes,No,DSL,No,No,No,No,Yes,Yes,One year,Yes,Bank transfer (automatic),1509.8,No
8098-LLAZX,Female,Yes,No,No,4,95.45,Yes,Yes,Fiber optic,No,No,No,No,Yes,Yes,Month-to-month,Yes,Electronic check,396.1,Yes
8266-VBFQL,Male,No,No,No,4,90.4,Yes,No,Fiber optic,No,No,Yes,Yes,No,Yes,Month-to-month,Yes,Electronic check,356.65,No
8181-YHCMF,Female,No,Yes,Yes,68,60.3,No,No phone service,DSL,No,Yes,Yes,Yes,Yes,Yes,Two year,No,Credit card (automatic),4109.0,No
2240-HSJQD,Male,No,No,Yes,38,81.85,Yes,Yes,Fiber optic,No,Yes,No,No,No,No,Month-to-month,Yes,Mailed check,3141.7,No
1248-DYXUB,Male,No,Yes,Yes,52,24.8,Yes,Yes,No,No internet service,No internet service,No internet service,No internet service,No internet service,No internet service,Two year,No,Mailed check,1229.1,No
0265-EDXBD,Male,Yes,Yes,No,32,74.9,Yes,Yes,Fiber optic,No,No,No,No,No,No,Month-to-month,Yes,Electronic check,2303.35,Yes
4115-BNPJY,Male,No,Yes,Yes,29,75.55,Yes,No,DSL,No,No,Yes,Yes,Yes,Yes,Two year,No,Mailed check,2054.4,No
3167-SNQPL,Male,Yes,Yes,Yes,38,101.15,Yes,Yes,Fiber optic,No,Yes,No,No,Yes,Yes,Month-to-month,No,Electronic check,3741.85,No
4091-TVOCN,Male,No,No,Yes,48,78.75,Yes,Yes,DSL,Yes,No,Yes,No,Yes,Yes,One year,Yes,Credit card (automatic),3682.45,No
1098-TDVUQ,Female,No,No,No,1,19.25,Yes,No,No,No internet service,No internet service,No internet service,No internet service,No internet service,No internet service,Month-to-month,Yes,Bank transfer (automatic),19.25,No
7277-OZCGZ,Female,No,No,No,22,89.05,Yes,No,Fiber optic,Yes,No,No,Yes,No,Yes,Month-to-month,Yes,Electronic check,1886.25,No
1557-EMYVT,Female,No,No,No,43,115.05,Yes,Yes,Fiber optic,Yes,Yes,Yes,Yes,Yes,Yes,Two year,No,Credit card (automatic),4895.1,No
2799-ARNLO,Female,Yes,Yes,No,5,69.35,Yes,No,Fiber optic,No,No,No,No,No,No,Month-to-month,Yes,Electronic check,341.6,No
7563-BIUPC,Male,No,No,No,5,80.6,Yes,No,Fiber optic,No,No,No,No,Yes,No,Month-to-month,Yes,Electronic check,415.55,Yes
5027-YOCXN,Male,No,Yes,Yes,51,110.05,Yes,Yes,Fiber optic,Yes,Yes,No,Yes,Yes,Yes,One year,No,Credit card (automatic),5686.4,No
3973-SKMLN,Male,No,No,No,71,19.9,Yes,No,No,No internet service,No internet service,No internet service,No internet service,No internet service,No internet service,Two year,Yes,Credit card (automatic),1355.1,No
2321-OMBXY,Female,No,Yes,Yes,38,80.3,Yes,No,DSL,Yes,Yes,No,Yes,Yes,Yes,One year,No,Credit card (automatic),3058.65,Yes
2840-XANRC,Male,Yes,Yes,No,24,93.15,Yes,No,Fiber optic,No,No,Yes,No,Yes,Yes,Month-to-month,Yes,Electronic check,2231.05,Yes
6745-JEFZB,Male,No,Yes,No,35,91.5,Yes,Yes,Fiber optic,No,No,No,Yes,Yes,No,Month-to-month,Yes,Credit card (automatic),3236.35,No
5020-ZSTTY,Female,Yes,No,No,54,82.45,Yes,Yes,DSL,Yes,Yes,No,Yes,Yes,Yes,One year,No,Bank transfer (automatic),4350.1,Yes
9880-TDQAC,Female,No,Yes,Yes,72,60.0,No,No phone service,DSL,No,Yes,Yes,Yes,Yes,Yes,Two year,Yes,Electronic check,4264.0,No
8705-WZCYL,Male,No,No,No,1,44.8,Yes,No,DSL,No,No,No,No,No,No,Month-to-month,Yes,Electronic check,44.8,No
7102-JJVTX,Female,No,Yes,Yes,9,48.6,Yes,No,DSL,Yes,No,No,No,No,No,One year,No,Mailed check,422.3,No
8626-PTQGE,Male,No,No,No,69,60.05,No,No phone service,DSL,Yes,Yes,No,Yes,Yes,Yes,Two year,Yes,Bank transfer (automatic),4176.7,No
4983-CLMLV,Female,No,Yes,No,52,102.7,Yes,Yes,Fiber optic,No,Yes,No,Yes,Yes,Yes,Month-to-month,Yes,Credit card (automatic),5138.1,No
5701-YVSVF,Female,Yes,Yes,No,11,82.9,Yes,No,Fiber optic,No,No,No,Yes,Yes,No,Month-to-month,Yes,Electronic check,880.05,No
5804-LEPIM,Female,Yes,No,No,2,70.35,Yes,No,Fiber optic,No,No,No,No,No,No,Month-to-month,Yes,Electronic check,139.05,Yes
5697-GOMBF,Female,Yes,Yes,Yes,28,35.9,No,No phone service,DSL,No,No,No,No,Yes,No,Month-to-month,Yes,Electronic check,973.65,No
2739-CACDQ,Female,Yes,No,No,17,82.65,Yes,Yes,Fiber optic,No,No,Yes,No,No,No,Month-to-month,Yes,Credit card (automatic),1470.05,No
9385-EHGDO,Female,No,Yes,Yes,35,19.85,Yes,No,No,No internet service,No internet service,No internet service,No internet service,No internet service,No internet service,Two year,Yes,Mailed check,739.35,No
9498-FIMXL,Female,No,No,No,8,19.2,Yes,No,No,No internet service,No internet service,No internet service,No internet service,No internet service,No internet service,One year,Yes,Mailed check,161.95,No
2379-GYFLQ,Male,No,No,No,46,94.9,Yes,Yes,Fiber optic,No,Yes,Yes,No,Yes,No,One year,Yes,Credit card (automatic),4422.95,No
0122-OAHPZ,Female,No,No,No,7,73.85,Yes,Yes,Fiber optic,No,No,No,No,No,No,Month-to-month,Yes,Electronic check,511.25,Yes
2868-SNELZ,Female,No,No,No,2,80.6,Yes,Yes,Fiber optic,No,No,Yes,No,No,No,Month-to-month,No,Mailed check,155.8,Yes
4322-RCYMT,Male,No,Yes,Yes,68,75.8,Yes,Yes,DSL,No,Yes,Yes,Yes,No,Yes,One year,Yes,Bank transfer (automatic),5293.95,Yes
6680-NENYN,Female,No,No,No,43,104.6,Yes,Yes,Fiber optic,No,Yes,Yes,No,Yes,Yes,Two year,Yes,Electronic check,4759.85,Yes
2088-IEBAU,Female,No,No,No,68,88.15,Yes,Yes,DSL,Yes,Yes,Yes,Yes,Yes,Yes,Two year,Yes,Electronic check,6148.45,No
7982-VCELR,Female,No,No,No,36,94.8,Yes,No,Fiber optic,No,Yes,No,No,Yes,Yes,Month-to-month,Yes,Credit card (automatic),3565.65,No
1343-EHPYB,Male,No,Yes,No,63,103.4,Yes,Yes,Fiber optic,No,Yes,Yes,No,Yes,Yes,Month-to-month,Yes,Electronic check,6603.0,Yes
6035-BXTTY,Female,Yes,No,No,32,54.65,Yes,No,DSL,No,Yes,No,Yes,No,No,Month-to-month,No,Bank transfer (automatic),1830.1,No
6885-PKOAM,Female,No,Yes,No,71,85.75,Yes,Yes,DSL,Yes,Yes,Yes,Yes,Yes,Yes,Two year,No,Credit card (automatic),6223.8,No
7520-HQWJU,Female,No,Yes,Yes,66,67.45,Yes,Yes,DSL,Yes,Yes,Yes,No,No,No,Month-to-month,Yes,Bank transfer (automatic),4508.65,No
9639-BUJXT,Male,No,No,No,63,20.5,Yes,No,No,No internet service,No internet service,No internet service,No internet service,No internet service,No internet service,One year,No,Mailed check,1328.15,No
5924-SNGKP,Female,No,No,Yes,41,20.25,Yes,No,No,No internet service,No internet service,No internet service,No internet service,No internet service,No internet service,One year,Yes,Credit card (automatic),865.0,No
0021-IKXGC,Female,Yes,No,No,1,72.1,Yes,Yes,Fiber optic,No,No,No,No,No,No,Month-to-month,Yes,Electronic check,72.1,No
2034-GDRCN,Female,No,No,No,2,90.4,Yes,No,Fiber optic,No,No,No,No,Yes,Yes,Month-to-month,Yes,Electronic check,168.2,Yes
8966-SNIZF,Female,No,Yes,No,70,19.45,Yes,No,No,No internet service,No internet service,No internet service,No internet service,No internet service,No internet service,Two year,No,Bank transfer (automatic),1303.5,No
6243-OZGFH,Female,No,No,No,23,44.95,No,No phone service,DSL,No,No,No,No,Yes,Yes,Month-to-month,Yes,Electronic check,996.85,No
4654-DLAMQ,Female,Yes,Yes,No,64,97.0,Yes,No,Fiber optic,Yes,Yes,Yes,No,No,Yes,One year,No,Bank transfer (automatic),6430.9,No
0513-RBGPE,Male,No,Yes,Yes,37,62.8,Yes,Yes,DSL,Yes,No,Yes,Yes,No,No,Two year,Yes,Credit card (automatic),2278.75,No
5160-UXJED,Male,No,No,Yes,17,44.6,Yes,No,DSL,No,No,No,No,No,No,One year,No,Mailed check,681.4,No
4115-NZRKS,Female,Yes,No,No,7,89.15,Yes,No,Fiber optic,No,No,No,No,Yes,Yes,Month-to-month,Yes,Electronic check,574.35,No
0219-YTZUE,Male,No,Yes,Yes,4,84.8,Yes,Yes,Fiber optic,No,Yes,Yes,No,No,No,Month-to-month,Yes,Bank transfer (automatic),371.9,Yes
0623-IIHUG,Female,Yes,No,No,21,41.9,No,No phone service,DSL,Yes,No,No,No,Yes,No,Month-to-month,Yes,Electronic check,840.1,Yes
4572-DVCGN,Female,No,No,No,10,80.25,Yes,No,Fiber optic,No,No,No,No,No,Yes,Month-to-month,Yes,Bank transfer (automatic),846.0,Yes
3351-NGXYI,Female,Yes,No,No,16,54.1,Yes,Yes,DSL,Yes,No,No,No,No,No,Month-to-month,Yes,Electronic check,889.0,No
8984-EYLLL,Male,No,Yes,No,64,105.25,Yes,Yes,Fiber optic,No,Yes,No,Yes,Yes,Yes,Two year,Yes,Electronic check,6823.4,No
9057-MSWCO,Male,Yes,Yes,No,27,30.75,No,No phone service,DSL,Yes,No,No,No,No,No,Month-to-month,No,Credit card (automatic),805.1,Yes
9833-TGFHX,Male,No,Yes,Yes,42,97.1,Yes,Yes,Fiber optic,Yes,No,No,No,Yes,Yes,One year,No,Electronic check,4016.75,No
9294-TDIPC,Male,No,No,Yes,5,20.2,Yes,No,No,No internet service,No internet service,No internet service,No internet service,No internet service,No internet service,Month-to-month,No,Mailed check,83.75,No
5229-DTFYB,Female,No,No,No,41,98.8,Yes,No,Fiber optic,No,Yes,No,Yes,Yes,Yes,Two year,Yes,Bank transfer (automatic),3959.15,No
0104-PPXDV,Male,No,Yes,No,58,50.3,Yes,No,DSL,No,No,Yes,No,No,No,One year,No,Credit card (automatic),2878.55,No
5176-LMJXE,Female,No,No,No,47,20.55,Yes,No,No,No internet service,No internet service,No internet service,No internet service,No internet service,No internet service,Two year,Yes,Mailed check,945.7,No
3583-KRKMD,Male,No,No,No,18,75.9,Yes,No,Fiber optic,No,No,No,Yes,No,No,Month-to-month,Yes,Bank transfer (automatic),1373.05,No
1010-DIAUQ,Male,No,No,No,5,96.5,Yes,No,Fiber optic,No,No,Yes,No,Yes,Yes,Month-to-month,No,Bank transfer (automatic),492.55,Yes
9069-LGEUL,Male,No,Yes,No,23,59.95,Yes,No,DSL,Yes,No,No,No,No,Yes,Month-to-month,Yes,Bank transfer (automatic),1406.0,No
7302-ZHMHP,Female,No,No,No,1,19.15,Yes,No,No,No internet service,No internet service,No internet service,No internet service,No internet service,No internet service,Month-to-month,No,Mailed check,19.15,No
9571-EDEBV,Male,No,Yes,No,71,98.65,Yes,Yes,Fiber optic,No,No,Yes,No,Yes,Yes,One year,Yes,Credit card (automatic),6962.85,No
3520-FJGCV,Male,No,Yes,Yes,72,112.6,Yes,Yes,Fiber optic,Yes,Yes,Yes,Yes,Yes,Yes,Two year,Yes,Credit card (automatic),8126.65,No
6563-VRERX,Male,No,Yes,Yes,33,20.6,Yes,No,No,No internet service,No internet service,No internet service,No internet service,No internet service,No internet service,One year,No,Mailed check,690.25,No
0259-GBZSH,Male,No,No,No,2,85.65,Yes,Yes,Fiber optic,No,No,No,No,Yes,No,Month-to-month,Yes,Electronic check,181.5,Yes
6122-EFVKN,Male,No,No,Yes,24,35.75,No,No phone service,DSL,Yes,No,No,Yes,No,No,Two year,No,Mailed check,830.8,No
2805-EDJPQ,Female,No,Yes,Yes,56,99.75,Yes,Yes,Fiber optic,No,Yes,Yes,Yes,No,Yes,One year,Yes,Credit card (automatic),5608.4,No
6862-CQUMB,Male,No,No,No,37,96.1,Yes,No,Fiber optic,No,Yes,No,No,Yes,Yes,Month-to-month,Yes,Credit card (automatic),3646.8,No
7156-MXBJE,Female,No,No,No,43,85.1,Yes,Yes,DSL,No,Yes,Yes,Yes,Yes,Yes,One year,No,Credit card (automatic),3662.25,No
6158-HDPXZ,Male,No,No,No,1,25.35,No,No phone service,DSL,No,No,No,No,No,No,Month-to-month,No,Mailed check,25.35,No
9601-BRXPO,Female,No,Yes,No,25,104.95,Yes,Yes,Fiber optic,No,No,Yes,Yes,Yes,Yes,Month-to-month,Yes,Bank transfer (automatic),2566.5,Yes
2863-IMQDR,Female,No,No,No,61,89.65,Yes,Yes,DSL,Yes,Yes,Yes,Yes,Yes,Yes,Two year,No,Electronic check,5308.7,No
5686-CMAWK,Male,No,No,No,17,86.75,Yes,Yes,Fiber optic,No,No,Yes,Yes,No,No,One year,No,Electronic check,1410.25,No
5651-CRHKQ,Female,No,Yes,No,41,86.2,Yes,No,Fiber optic,No,Yes,Yes,Yes,No,No,One year,Yes,Bank transfer (automatic),3339.05,No
6905-NIQIN,Male,No,No,No,1,50.65,Yes,No,DSL,No,Yes,No,No,No,No,Month-to-month,No,Mailed check,50.65,Yes
8204-YJCLA,Male,Yes,Yes,Yes,72,64.8,No,No phone service,DSL,Yes,Yes,Yes,Yes,Yes,Yes,Two year,Yes,Bank transfer (automatic),4732.35,No
5167-ZFFMM,Male,No,No,No,1,90.85,Yes,Yes,Fiber optic,No,Yes,No,No,No,Yes,Month-to-month,Yes,Credit card (automatic),90.85,Yes
6583-SZVGP,Male,No,No,No,48,108.1,Yes,Yes,Fiber optic,No,Yes,Yes,No,Yes,Yes,Two year,Yes,Bank transfer (automatic),5067.45,No
4895-TMWIR,Male,Yes,Yes,No,11,19.95,Yes,No,No,No internet service,No internet service,No internet service,No internet service,No internet service,No internet service,Month-to-month,No,Mailed check,214.75,Yes
0533-BNWKF,Female,Yes,Yes,No,55,85.45,Yes,Yes,Fiber optic,No,Yes,Yes,No,No,No,Month-to-month,Yes,Electronic check,4874.7,Yes
1708-PBBOA,Female,No,No,No,42,54.75,No,No phone service,DSL,Yes,Yes,Yes,Yes,No,Yes,One year,Yes,Electronic check,2348.45,No
8782-LKFPK,Male,No,No,No,44,90.4,Yes,Yes,Fiber optic,No,No,Yes,No,No,Yes,Month-to-month,Yes,Mailed check,4063.0,No
5522-JBWMO,Male,No,No,Yes,1,44.0,Yes,No,DSL,No,No,No,No,No,No,Month-to-month,No,Electronic check,44.0,No
3597-MVHJT,Female,No,No,No,27,95.6,Yes,Yes,Fiber optic,No,No,No,No,Yes,Yes,Month-to-month,Yes,Bank transfer (automatic),2595.25,No
9774-NRNAU,Male,Yes,Yes,No,27,84.8,Yes,Yes,DSL,No,Yes,Yes,Yes,Yes,Yes,Month-to-month,Yes,Bank transfer (automatic),2309.55,No
0224-RLWWD,Female,Yes,No,No,2,44.3,Yes,No,DSL,No,No,No,No,No,No,Month-to-month,Yes,Electronic check,89.3,No
9967-ATRFS,Female,No,No,No,19,19.9,Yes,No,No,No internet service,No internet service,No internet service,No internet service,No internet service,No internet service,Month-to-month,No,Mailed check,367.55,No
3951-NJCVI,Female,Yes,Yes,No,42,95.05,Yes,Yes,Fiber optic,No,No,No,No,Yes,Yes,Month-to-month,Yes,Electronic check,3944.5,No
2977-CEBSX,Female,No,No,No,66,90.05,Yes,Yes,DSL,Yes,Yes,Yes,Yes,Yes,Yes,Two year,Yes,Credit card (automatic),5965.95,No
0177-PXBAT,Male,Yes,Yes,No,33,109.9,Yes,Yes,Fiber optic,Yes,No,Yes,Yes,Yes,Yes,Month-to-month,Yes,Bank transfer (automatic),3694.7,No
6599-CEBNN,Female,No,No,No,34,73.95,Yes,No,Fiber optic,No,Yes,No,No,No,No,Month-to-month,Yes,Credit card (automatic),2524.45,Yes
2519-ERQOJ,Male,Yes,No,No,33,54.6,No,No phone service,DSL,No,No,Yes,Yes,Yes,Yes,Month-to-month,Yes,Electronic check,1803.7,No
5876-QMYLD,Female,No,Yes,Yes,23,20.05,Yes,No,No,No internet service,No internet service,No internet service,No internet service,No internet service,No internet service,One year,No,Mailed check,415.1,No
2277-AXSDC,Female,No,No,No,32,19.75,Yes,No,No,No internet service,No internet service,No internet service,No internet service,No internet service,No internet service,One year,No,Bank transfer (automatic),624.15,No
9442-JTWDL,Female,No,No,No,11,20.05,Yes,No,No,No internet service,No internet service,No internet service,No internet service,No internet service,No internet service,One year,No,Credit card (automatic),237.7,No
0979-PHULV,Male,No,Yes,Yes,69,99.45,Yes,Yes,Fiber optic,No,No,Yes,No,Yes,Yes,Month-to-month,Yes,Credit card (automatic),7007.6,Yes
3067-SVMTC,Female,No,Yes,No,68,55.9,Yes,No,DSL,Yes,No,No,Yes,No,No,One year,No,Bank transfer (automatic),3848.8,No
5495-GPSRW,Male,No,No,No,20,19.7,Yes,No,No,No internet service,No internet service,No internet service,No internet service,No internet service,No internet service,Two year,Yes,Mailed check,419.4,No
7606-BPHHN,Male,No,No,No,72,19.8,Yes,No,No,No internet service,No internet service,No internet service,No internet service,No internet service,No internet service,Two year,Yes,Credit card (automatic),1468.75,No
4742-DRORA,Male,No,Yes,Yes,60,95.4,Yes,Yes,Fiber optic,Yes,No,Yes,No,Yes,No,One year,Yes,Bank transfer (automatic),5812.0,No
0111-KLBQG,Male,Yes,Yes,Yes,32,93.95,Yes,No,Fiber optic,No,Yes,No,No,Yes,Yes,Month-to-month,Yes,Mailed check,2861.45,No
4800-VHZKI,Female,No,No,No,1,19.9,Yes,No,No,No internet service,No internet service,No internet service,No internet service,No internet service,No internet service,Month-to-month,Yes,Mailed check,19.9,Yes
7989-CHGTL,Male,No,No,No,1,19.6,Yes,No,No,No internet service,No internet service,No internet service,No internet service,No internet service,No internet service,Month-to-month,Yes,Mailed check,19.6,Yes
0334-GDDSO,Male,Yes,No,No,3,81.35,Yes,Yes,Fiber optic,No,Yes,No,No,No,No,Month-to-month,Yes,Electronic check,233.7,Yes
4163-NCJAK,Female,No,Yes,No,46,24.45,Yes,Yes,No,No internet service,No internet service,No internet service,No internet service,No internet service,No internet service,One year,Yes,Bank transfer (automatic),1066.15,No
5233-AOZUF,Female,No,Yes,No,29,74.95,Yes,Yes,Fiber optic,No,No,No,No,No,No,Month-to-month,Yes,Electronic check,2149.05,No
5973-EJGDP,Male,No,No,No,51,87.35,Yes,Yes,Fiber optic,No,Yes,Yes,Yes,No,No,Month-to-month,Yes,Electronic check,4473.0,No
1996-DBMUS,Female,Yes,Yes,No,48,70.65,Yes,No,Fiber optic,No,No,No,No,No,No,Month-to-month,Yes,Bank transfer (automatic),3545.05,No
7916-VCCPB,Female,No,Yes,Yes,16,73.25,Yes,No,Fiber optic,No,Yes,No,No,No,No,Month-to-month,No,Bank transfer (automatic),1195.75,No
4686-GEFRM,Male,No,Yes,No,70,98.7,Yes,Yes,Fiber optic,No,Yes,Yes,Yes,No,Yes,Two year,Yes,Bank transfer (automatic),6858.9,No
5249-QYHEX,Female,No,Yes,Yes,40,24.8,Yes,Yes,No,No internet service,No internet service,No internet service,No internet service,No internet service,No internet service,Two year,Yes,Mailed check,1024.7,No
0578-SKVMF,Female,No,Yes,Yes,22,83.3,Yes,No,Fiber optic,No,Yes,No,No,No,Yes,Month-to-month,No,Electronic check,1845.9,Yes
5564-NEMQO,Female,Yes,No,No,1,75.3,Yes,No,Fiber optic,No,No,Yes,No,No,No,Month-to-month,Yes,Bank transfer (automatic),75.3,Yes
2233-FAGXV,Female,No,Yes,Yes,5,24.3,Yes,Yes,No,No internet service,No internet service,No internet service,No internet service,No internet service,No internet service,Month-to-month,Yes,Mailed check,132.25,No
5605-IYGFG,Female,No,No,No,7,69.85,Yes,No,Fiber optic,No,No,No,No,No,No,Month-to-month,Yes,Bank transfer (automatic),515.45,No
7663-ZTEGJ,Male,No,No,Yes,29,100.55,Yes,Yes,Fiber optic,No,Yes,Yes,Yes,No,Yes,One year,No,Credit card (automatic),2830.45,No
3935-TBRZZ,Male,No,Yes,Yes,44,25.7,Yes,Yes,No,No internet service,No internet service,No internet service,No internet service,No internet service,No internet service,One year,No,Mailed check,1110.5,No
8111-BKVDS,Female,No,No,No,10,40.7,No,No phone service,DSL,Yes,Yes,Yes,No,No,No,Month-to-month,No,Bank transfer (automatic),449.3,No
2055-SIFSS,Female,Yes,Yes,No,55,51.65,Yes,Yes,DSL,No,No,No,No,No,No,Month-to-month,No,Bank transfer (automatic),2838.55,No
2806-MLNTI,Male,Yes,Yes,No,52,105.1,Yes,Yes,Fiber optic,No,Yes,Yes,No,Yes,Yes,One year,Yes,Bank transfer (automatic),5376.4,No
8734-DKSTZ,Female,No,Yes,Yes,10,85.95,Yes,Yes,Fiber optic,No,No,No,No,No,Yes,Month-to-month,No,Electronic check,858.6,No
4360-PNRQB,Male,No,No,No,18,75.6,Yes,Yes,Fiber optic,No,No,No,No,No,No,Month-to-month,Yes,Bank transfer (automatic),1395.05,No
6152-ONASV,Female,No,Yes,No,68,58.25,Yes,Yes,DSL,Yes,No,No,Yes,No,No,One year,No,Bank transfer (automatic),3975.7,No
9063-ZGTUY,Female,No,Yes,Yes,61,19.4,Yes,No,No,No internet service,No internet service,No internet service,No internet service,No internet service,No internet service,Month-to-month,Yes,Mailed check,1182.55,Yes
7781-HVGMK,Female,No,Yes,Yes,72,65.2,No,No phone service,DSL,Yes,Yes,Yes,Yes,Yes,Yes,Two year,Yes,Credit card (automatic),4784.45,No
2181-UAESM,Male,No,No,No,2,53.45,Yes,No,DSL,Yes,No,Yes,No,No,No,Month-to-month,No,Electronic check,119.5,No
2957-LOLHO,Male,No,No,No,12,45.4,Yes,No,DSL,No,No,No,No,No,No,Month-to-month,Yes,Bank transfer (automatic),518.9,Yes
6048-NJXHX,Male,No,Yes,No,41,19.75,Yes,No,No,No internet service,No internet service,No internet service,No internet service,No internet service,No internet service,Two year,Yes,Electronic check,899.45,No
2320-SLKMB,Female,No,No,No,26,44.45,No,No phone service,DSL,No,No,Yes,Yes,Yes,No,Month-to-month,Yes,Credit card (automatic),1183.8,No
4980-URKXC,Male,No,Yes,No,36,20.85,Yes,No,No,No internet service,No internet service,No internet service,No internet service,No internet service,No internet service,One year,No,Bank transfer (automatic),720.05,No
4376-KFVRS,Male,No,Yes,Yes,72,114.05,Yes,Yes,Fiber optic,Yes,Yes,Yes,Yes,Yes,Yes,Two year,Yes,Credit card (automatic),8468.2,No
5886-VLQVU,Male,No,Yes,No,35,89.85,Yes,Yes,Fiber optic,No,No,No,Yes,No,Yes,Month-to-month,Yes,Bank transfer (automatic),3161.2,No
3577-AMVUX,Male,No,No,No,1,55.05,Yes,No,DSL,No,No,Yes,Yes,No,No,Month-to-month,No,Mailed check,55.05,No
0771-WLCLA,Female,No,Yes,Yes,16,112.95,Yes,Yes,Fiber optic,Yes,No,Yes,Yes,Yes,Yes,Month-to-month,Yes,Electronic check,1882.55,No
5628-RKIFK,Female,Yes,No,No,49,101.55,Yes,Yes,Fiber optic,Yes,No,No,No,Yes,Yes,Month-to-month,No,Credit card (automatic),5070.4,No
0206-TBWLC,Female,No,Yes,No,54,114.65,Yes,Yes,Fiber optic,Yes,Yes,Yes,Yes,Yes,Yes,One year,Yes,Mailed check,6049.5,No
2937-FTHUR,Female,No,No,Yes,18,64.8,Yes,Yes,DSL,Yes,No,No,No,No,Yes,Month-to-month,No,Electronic check,1166.7,No
1910-FMXJM,Female,No,Yes,No,36,80.4,Yes,No,Fiber optic,No,No,No,No,No,Yes,Month-to-month,No,Electronic check,2937.65,No
7752-XUSCI,Female,No,No,No,60,105.9,Yes,Yes,Fiber optic,No,Yes,Yes,No,Yes,Yes,Month-to-month,Yes,Electronic check,6396.45,Yes
4110-PFEUZ,Female,No,No,No,1,69.55,Yes,No,Fiber optic,No,No,No,No,No,No,Month-to-month,No,Mailed check,69.55,Yes
0732-OCQOC,Female,No,Yes,Yes,52,25.05,Yes,Yes,No,No internet service,No internet service,No internet service,No internet service,No internet service,No internet service,Two year,Yes,Bank transfer (automatic),1270.25,No
5168-MSWXT,Male,No,Yes,Yes,8,94.75,Yes,No,Fiber optic,No,No,Yes,No,Yes,Yes,Month-to-month,Yes,Electronic check,759.55,No
1090-ESELR,Male,No,Yes,Yes,72,105.5,Yes,No,Fiber optic,Yes,Yes,No,Yes,Yes,Yes,Two year,No,Bank transfer (automatic),7611.55,No
8592-PLTMQ,Female,No,No,No,64,24.7,Yes,Yes,No,No internet service,No internet service,No internet service,No internet service,No internet service,No internet service,One year,No,Mailed check,1642.75,No
5760-WRAHC,Female,Yes,No,No,22,69.75,Yes,No,DSL,Yes,No,Yes,Yes,No,Yes,Month-to-month,Yes,Mailed check,1545.4,No
8847-GEOOQ,Male,No,Yes,No,60,60.2,No,No phone service,DSL,No,Yes,Yes,Yes,Yes,Yes,Month-to-month,Yes,Bank transfer (automatic),3582.4,No
0256-LTHVJ,Female,No,Yes,Yes,28,81.05,Yes,No,Fiber optic,No,No,No,No,No,Yes,Month-to-month,Yes,Electronic check,2227.1,Yes
4785-FCIFB,Female,No,Yes,No,61,24.4,Yes,Yes,No,No internet service,No internet service,No internet service,No internet service,No internet service,No internet service,Two year,No,Mailed check,1417.9,No
8313-NDOIA,Female,No,No,No,24,104.15,Yes,Yes,Fiber optic,No,Yes,Yes,No,Yes,Yes,Month-to-month,Yes,Electronic check,2494.65,No
5149-CUZUJ,Male,No,Yes,Yes,28,92.9,Yes,No,Fiber optic,No,Yes,Yes,Yes,Yes,No,One year,No,Bank transfer (automatic),2768.35,No
0942-KOWSM,Female,No,Yes,Yes,30,80.8,Yes,No,DSL,No,Yes,Yes,Yes,Yes,Yes,Two year,No,Bank transfer (automatic),2369.3,No
4237-CLSMM,Male,No,Yes,No,2,20.0,Yes,No,No,No internet service,No internet service,No internet service,No internet service,No internet service,No internet service,Month-to-month,No,Mailed check,38.0,No
1452-VOQCH,Male,No,No,No,1,75.1,Yes,Yes,Fiber optic,No,No,No,No,No,No,Month-to-month,Yes,Electronic check,75.1,No
4719-UMSIY,Male,No,No,Yes,6,19.65,Yes,No,No,No internet service,No internet service,No internet service,No internet service,No internet service,No internet service,Month-to-month,No,Mailed check,100.9,No
6614-VBEGU,Female,No,Yes,No,24,69.45,Yes,No,DSL,No,Yes,No,No,Yes,Yes,Month-to-month,Yes,Bank transfer (automatic),1614.05,No
0880-TKATG,Male,No,Yes,Yes,4,101.15,Yes,Yes,Fiber optic,No,No,Yes,No,Yes,Yes,Month-to-month,No,Electronic check,385.9,Yes
3811-VBYBZ,Male,No,No,No,7,99.8,Yes,Yes,Fiber optic,No,Yes,No,No,Yes,Yes,Month-to-month,Yes,Electronic check,673.25,Yes
1480-BKXGA,Male,Yes,Yes,No,72,116.05,Yes,Yes,Fiber optic,Yes,Yes,Yes,Yes,Yes,Yes,Two year,Yes,Bank transfer (automatic),8404.9,No
2996-XAUVF,Male,No,No,No,70,40.05,No,No phone service,DSL,No,No,No,Yes,No,Yes,Two year,Yes,Mailed check,2799.75,No
9076-AXYIK,Male,Yes,Yes,No,64,102.1,Yes,Yes,Fiber optic,No,No,Yes,Yes,Yes,Yes,Two year,No,Electronic check,6538.45,No
5968-XQIVE,Male,No,Yes,Yes,72,89.7,Yes,Yes,Fiber optic,No,Yes,No,No,Yes,No,One year,Yes,Electronic check,6588.95,No
8896-RAZCR,Female,No,No,Yes,44,19.9,Yes,No,No,No internet service,No internet service,No internet service,No internet service,No internet service,No internet service,Two year,No,Mailed check,868.1,No
4640-UHDOS,Female,No,Yes,Yes,13,55.95,Yes,No,DSL,No,No,No,No,No,Yes,Month-to-month,No,Electronic check,734.35,Yes
4933-IKULF,Female,Yes,No,No,17,20.65,Yes,No,No,No internet service,No internet service,No internet service,No internet service,No internet service,No internet service,One year,No,Mailed check,330.6,No
3583-EKAPL,Male,No,No,No,1,55.0,Yes,No,DSL,No,No,No,No,No,Yes,Month-to-month,Yes,Electronic check,55.0,Yes
1304-BCCFO,Male,No,Yes,No,9,70.05,Yes,No,DSL,No,No,Yes,No,Yes,Yes,Month-to-month,Yes,Mailed check,564.4,No
4104-PVRPS,Male,No,Yes,No,24,53.6,Yes,No,DSL,Yes,No,No,Yes,No,No,Month-to-month,No,Mailed check,1315.35,No
9399-APLBT,Female,No,Yes,Yes,1,74.7,Yes,No,Fiber optic,No,Yes,No,No,No,No,Month-to-month,Yes,Electronic check,74.7,Yes
2359-KMGLI,Male,No,No,No,24,80.25,Yes,Yes,Fiber optic,No,Yes,No,No,No,No,Month-to-month,Yes,Electronic check,1861.5,Yes
3780-DDGSE,Male,Yes,Yes,Yes,35,76.05,Yes,No,DSL,No,Yes,No,Yes,Yes,Yes,Month-to-month,Yes,Electronic check,2747.2,No
4431-EDMIQ,Female,No,Yes,Yes,7,75.7,Yes,No,DSL,Yes,Yes,Yes,Yes,Yes,No,Month-to-month,Yes,Electronic check,554.05,No
0306-JAELE,Male,No,No,No,5,96.1,Yes,No,Fiber optic,No,No,No,Yes,Yes,Yes,Month-to-month,Yes,Electronic check,453.4,Yes
6227-HWPWX,Female,No,No,Yes,15,69.0,Yes,No,Fiber optic,No,No,No,No,No,No,Month-to-month,No,Bank transfer (automatic),994.8,Yes
0486-LGCCH,Male,No,Yes,Yes,11,19.65,Yes,No,No,No internet service,No internet service,No internet service,No internet service,No internet service,No internet service,Two year,No,Mailed check,225.75,No
0447-BEMNG,Female,No,Yes,No,48,45.3,No,No phone service,DSL,Yes,No,Yes,No,No,Yes,Month-to-month,Yes,Bank transfer (automatic),2145.0,Yes
4612-SSVHJ,Female,Yes,No,No,20,81.45,Yes,No,Fiber optic,No,No,No,No,No,Yes,Month-to-month,Yes,Electronic check,1671.6,No
5168-MQQCA,Female,No,Yes,No,72,108.5,Yes,Yes,Fiber optic,No,Yes,Yes,Yes,Yes,Yes,One year,Yes,Bank transfer (automatic),8003.8,No
5949-XIKAE,Female,No,Yes,Yes,8,83.55,Yes,No,Fiber optic,No,Yes,No,No,Yes,No,Month-to-month,Yes,Electronic check,680.05,Yes
7971-HLVXI,Male,No,Yes,Yes,72,84.5,Yes,Yes,Fiber optic,No,No,No,No,No,Yes,Two year,Yes,Credit card (automatic),6130.85,No
9094-AZPHK,Female,No,No,No,15,100.15,Yes,Yes,Fiber optic,No,Yes,No,No,Yes,Yes,Month-to-month,Yes,Electronic check,1415.0,No
3649-JPUGY,Male,No,No,No,72,88.6,Yes,Yes,DSL,No,Yes,Yes,Yes,Yes,Yes,Two year,Yes,Bank transfer (automatic),6201.95,No
4472-LVYGI,Female,No,Yes,Yes,0,52.55,No,No phone service,DSL,Yes,No,Yes,Yes,Yes,No,Two year,Yes,Bank transfer (automatic),,No
8372-JUXUI,Male,No,No,Yes,1,74.35,Yes,Yes,Fiber optic,No,No,No,No,No,No,Month-to-month,Yes,Electronic check,74.35,Yes
3552-CTCYF,Male,No,Yes,Yes,63,104.8,Yes,Yes,Fiber optic,No,Yes,Yes,No,Yes,Yes,Two year,Yes,Bank transfer (automatic),6597.25,No
6778-YSNIH,Female,No,No,No,2,59.0,Yes,No,DSL,No,Yes,No,No,Yes,No,Month-to-month,Yes,Electronic check,114.15,No
0388-EOPEX,Female,No,Yes,No,2,74.4,Yes,No,Fiber optic,Yes,No,No,No,No,No,Month-to-month,Yes,Electronic check,139.4,Yes
5756-OZRIO,Male,Yes,Yes,No,61,64.05,Yes,Yes,DSL,No,Yes,No,No,No,Yes,One year,No,Bank transfer (automatic),3902.6,No
6579-JPICP,Male,No,No,No,1,20.4,Yes,No,No,No internet service,No internet service,No internet service,No internet service,No internet service,No internet service,Month-to-month,No,Mailed check,20.4,No
8205-OTCHB,Male,No,No,No,22,43.75,No,No phone service,DSL,No,Yes,Yes,No,No,Yes,One year,Yes,Bank transfer (automatic),903.6,Yes
4134-BSXLX,Male,No,Yes,No,28,60.9,Yes,No,DSL,Yes,Yes,No,Yes,No,No,Month-to-month,No,Mailed check,1785.65,No
0505-SPOOW,Female,No,Yes,No,70,19.8,Yes,No,No,No internet service,No internet service,No internet service,No internet service,No internet service,No internet service,Two year,No,Bank transfer (automatic),1397.65,No
6235-VDHOM,Female,Yes,No,No,5,28.45,No,No phone service,DSL,No,Yes,No,No,No,No,Month-to-month,No,Electronic check,131.05,Yes
7783-YKGDV,Female,No,No,No,12,99.7,Yes,Yes,Fiber optic,Yes,Yes,Yes,No,No,Yes,Month-to-month,Yes,Bank transfer (automatic),1238.45,Yes
4374-YMUSQ,Male,No,No,No,34,116.25,Yes,Yes,Fiber optic,Yes,Yes,Yes,Yes,Yes,Yes,One year,No,Credit card (automatic),3899.05,No
4513-CXYIX,Female,Yes,Yes,No,71,80.7,Yes,Yes,Fiber optic,Yes,No,No,No,No,No,Two year,Yes,Credit card (automatic),5676.0,No
3957-HHLMR,Female,No,Yes,Yes,70,65.2,Yes,Yes,DSL,Yes,No,No,No,No,Yes,One year,No,Bank transfer (automatic),4543.15,No
7803-XOCCZ,Female,No,Yes,Yes,52,84.05,Yes,No,Fiber optic,Yes,No,Yes,Yes,No,No,Month-to-month,Yes,Bank transfer (automatic),4326.8,No
5736-YEJAX,Male,No,No,Yes,69,79.45,Yes,Yes,DSL,Yes,Yes,Yes,Yes,Yes,No,Two year,Yes,Credit card (automatic),5502.55,No
5609-CEBID,Female,Yes,No,No,20,94.1,Yes,Yes,Fiber optic,No,Yes,Yes,No,No,Yes,Month-to-month,Yes,Electronic check,1782.4,Yes
8981-FJGLA,Male,No,No,Yes,11,78.0,Yes,Yes,Fiber optic,No,No,Yes,No,No,No,Month-to-month,Yes,Mailed check,851.8,No
7218-HKQFK,Male,No,Yes,No,2,94.2,Yes,No,Fiber optic,No,No,No,Yes,Yes,Yes,Month-to-month,Yes,Electronic check,167.5,Yes
4636-QRJKY,Female,No,Yes,Yes,6,80.5,Yes,Yes,Fiber optic,No,No,No,Yes,No,No,Month-to-month,Yes,Electronic check,502.85,Yes
1135-LMECX,Female,No,No,No,1,19.85,Yes,No,No,No internet service,No internet service,No internet service,No internet service,No internet service,No internet service,Month-to-month,No,Mailed check,19.85,No
4332-MUOEZ,Male,Yes,Yes,Yes,20,94.3,Yes,No,Fiber optic,Yes,No,Yes,Yes,No,Yes,One year,No,Credit card (automatic),1818.3,No
8535-SFUTN,Male,No,No,No,61,106.45,Yes,Yes,Fiber optic,Yes,No,Yes,No,Yes,Yes,Month-to-month,Yes,Electronic check,6300.15,No
5956-VKDTT,Female,Yes,Yes,No,5,74.35,Yes,Yes,Fiber optic,No,No,No,No,No,No,Month-to-month,Yes,Electronic check,334.8,Yes
8677-HDZEE,Female,No,No,No,56,105.45,Yes,Yes,Fiber optic,No,Yes,No,Yes,Yes,Yes,Month-to-month,Yes,Bank transfer (automatic),5916.95,No
2475-MROZF,Male,No,No,No,30,95.0,Yes,Yes,Fiber optic,Yes,Yes,Yes,Yes,No,No,Month-to-month,Yes,Credit card (automatic),2852.4,No
9412-GHEEC,Male,No,No,No,40,104.8,Yes,Yes,Fiber optic,No,No,Yes,Yes,Yes,Yes,Month-to-month,No,Bank transfer (automatic),4131.95,Yes
3482-ABPKK,Female,No,No,No,28,54.3,Yes,No,DSL,Yes,No,No,Yes,No,No,One year,No,Mailed check,1546.3,No
6705-LXORM,Female,Yes,Yes,No,5,70.05,Yes,No,Fiber optic,No,No,No,No,No,No,Month-to-month,No,Electronic check,302.6,No
0257-ZESQC,Female,Yes,Yes,No,27,75.2,Yes,No,Fiber optic,Yes,No,No,No,No,No,Month-to-month,Yes,Bank transfer (automatic),1929.35,Yes
7531-GQHME,Male,No,No,No,12,20.05,Yes,No,No,No internet service,No internet service,No internet service,No internet service,No internet service,No internet service,Month-to-month,No,Credit card (automatic),265.45,No
5174-ITUMV,Male,No,Yes,Yes,67,105.4,Yes,Yes,Fiber optic,No,Yes,Yes,No,Yes,Yes,One year,Yes,Electronic check,6989.45,No
4109-CYRBD,Male,Yes,Yes,No,29,51.6,Yes,Yes,DSL,No,No,No,No,No,No,Month-to-month,Yes,Electronic check,1442.0,No
0913-XWSCN,Male,No,Yes,Yes,55,85.5,Yes,Yes,Fiber optic,No,No,No,No,No,Yes,Month-to-month,No,Bank transfer (automatic),4713.4,No
6825-UYPFK,Female,No,No,No,23,75.6,Yes,Yes,Fiber optic,No,No,No,No,No,No,Month-to-month,No,Bank transfer (automatic),1758.6,Yes
8397-MVTAZ,Male,No,Yes,No,34,100.05,Yes,Yes,Fiber optic,No,No,Yes,No,Yes,Yes,Month-to-month,Yes,Electronic check,3480.0,Yes
0750-EBAIU,Male,No,No,No,52,91.25,Yes,No,Fiber optic,Yes,No,Yes,No,Yes,No,One year,No,Electronic check,4738.3,No
8606-CIQUL,Male,Yes,Yes,Yes,72,115.75,Yes,Yes,Fiber optic,Yes,Yes,Yes,Yes,Yes,Yes,Two year,Yes,Credit card (automatic),8399.15,No
3571-DPYUH,Male,No,Yes,Yes,58,94.7,Yes,Yes,Fiber optic,No,Yes,No,Yes,Yes,No,One year,Yes,Credit card (automatic),5430.35,No
7601-GNDYK,Male,No,Yes,Yes,35,19.6,Yes,No,No,No internet service,No internet service,No internet service,No internet service,No internet service,No internet service,Two year,No,Mailed check,686.95,No
0356-OBMAC,Female,Yes,No,No,56,99.9,Yes,Yes,Fiber optic,No,Yes,Yes,Yes,Yes,No,Two year,Yes,Bank transfer (automatic),5706.3,No
8067-NIOYM,Female,No,Yes,Yes,24,21.1,Yes,No,No,No internet service,No internet service,No internet service,No internet service,No internet service,No internet service,Two year,Yes,Credit card (automatic),490.65,No
1403-GYAFU,Male,No,Yes,Yes,70,20.05,Yes,No,No,No internet service,No internet service,No internet service,No internet service,No internet service,No internet service,Two year,No,Credit card (automatic),1360.25,No
4234-XTNEA,Male,No,No,No,2,79.95,Yes,No,Fiber optic,No,No,No,No,Yes,No,Month-to-month,Yes,Electronic check,174.45,No
1297-VQDRP,Male,Yes,Yes,Yes,68,107.15,Yes,Yes,Fiber optic,No,No,Yes,Yes,Yes,Yes,One year,Yes,Credit card (automatic),7379.8,No
9282-IZGQK,Female,No,No,No,1,85.0,Yes,Yes,Fiber optic,No,No,No,No,No,Yes,Month-to-month,Yes,Electronic check,85.0,Yes
5348-CAGXB,Male,No,No,No,12,89.55,Yes,Yes,Fiber optic,No,No,Yes,No,Yes,No,Month-to-month,Yes,Electronic check,1021.75,No
0621-HJWXJ,Female,No,Yes,No,63,81.55,Yes,Yes,Fiber optic,No,Yes,No,No,No,No,Month-to-month,Yes,Bank transfer (automatic),5029.05,No
5844-QVTAT,Female,No,Yes,Yes,33,58.45,Yes,No,DSL,Yes,Yes,Yes,No,No,No,One year,Yes,Mailed check,1955.4,No
8905-IAZPF,Female,No,Yes,No,69,95.65,Yes,No,Fiber optic,No,Yes,No,No,Yes,Yes,One year,Yes,Credit card (automatic),6744.2,No
5394-MEITZ,Female,No,Yes,Yes,60,80.6,Yes,No,DSL,No,Yes,Yes,Yes,Yes,Yes,Two year,Yes,Bank transfer (automatic),4946.7,No
6859-QNXIQ,Female,No,Yes,Yes,72,113.1,Yes,Yes,Fiber optic,Yes,Yes,Yes,Yes,Yes,Yes,Two year,Yes,Bank transfer (automatic),8248.5,No
2782-LFZVW,Female,No,No,No,11,58.95,Yes,Yes,DSL,No,No,No,No,No,Yes,Month-to-month,Yes,Mailed check,601.6,No
2866-IKBTM,Female,No,No,No,1,19.55,Yes,No,No,No internet service,No internet service,No internet service,No internet service,No internet service,No internet service,Month-to-month,No,Mailed check,19.55,No
1342-JPNKI,Male,No,No,No,10,86.05,Yes,Yes,Fiber optic,No,No,No,No,Yes,No,Month-to-month,Yes,Bank transfer (automatic),834.1,Yes
2817-NTQDO,Male,No,No,No,13,45.55,No,No phone service,DSL,Yes,No,No,Yes,Yes,No,Month-to-month,Yes,Credit card (automatic),597.0,Yes
7129-AZJDE,Male,No,Yes,Yes,34,78.95,Yes,No,Fiber optic,No,No,No,No,No,Yes,One year,Yes,Bank transfer (automatic),2647.2,No
6986-IJDHX,Male,No,Yes,Yes,39,86.3,Yes,No,Fiber optic,No,Yes,No,No,Yes,No,Month-to-month,Yes,Mailed check,3266.0,Yes
2560-PPCHE,Female,No,No,No,65,105.05,Yes,Yes,Fiber optic,No,Yes,No,Yes,Yes,Yes,One year,Yes,Bank transfer (automatic),6744.25,No
4676-MQUEA,Male,Yes,Yes,No,50,101.9,Yes,Yes,Fiber optic,Yes,Yes,Yes,No,Yes,No,One year,Yes,Bank transfer (automatic),5265.5,No
8138-EALND,Male,No,No,No,15,19.75,Yes,No,No,No internet service,No internet service,No internet service,No internet service,No internet service,No internet service,Month-to-month,No,Mailed check,311.6,No
3580-HYCSP,Male,No,Yes,Yes,72,110.3,Yes,Yes,Fiber optic,Yes,Yes,Yes,No,Yes,Yes,Two year,Yes,Bank transfer (automatic),7966.9,No
1352-HNSAW,Female,No,Yes,Yes,72,115.6,Yes,Yes,Fiber optic,Yes,Yes,Yes,Yes,Yes,Yes,Two year,Yes,Bank transfer (automatic),8220.4,No
2075-PUEPR,Male,No,Yes,Yes,55,19.35,Yes,No,No,No internet service,No internet service,No internet service,No internet service,No internet service,No internet service,Two year,No,Bank transfer (automatic),1153.25,No
1982-FEBTD,Female,No,Yes,Yes,23,25.6,Yes,Yes,No,No internet service,No internet service,No internet service,No internet service,No internet service,No internet service,Two year,Yes,Credit card (automatic),514.75,No
5301-GAUUY,Male,No,No,No,32,80.35,Yes,Yes,Fiber optic,No,Yes,No,No,No,No,Month-to-month,Yes,Bank transfer (automatic),2596.15,Yes
5791-KAJFD,Female,No,Yes,Yes,56,68.75,Yes,Yes,DSL,Yes,No,Yes,No,No,Yes,One year,Yes,Bank transfer (automatic),3808.0,No
2654-VBVPB,Female,No,No,No,1,19.9,Yes,No,No,No internet service,No internet service,No internet service,No internet service,No internet service,No internet service,Month-to-month,No,Bank transfer (automatic),19.9,No
1154-HYWWO,Male,No,No,No,38,70.6,Yes,No,DSL,Yes,Yes,No,Yes,Yes,No,One year,No,Mailed check,2708.2,No
2501-XWWTZ,Male,No,No,No,11,70.2,Yes,No,Fiber optic,No,No,No,No,No,No,Month-to-month,No,Electronic check,760.05,No
3716-UVSPD,Male,No,No,No,1,49.3,Yes,No,DSL,No,No,No,Yes,No,No,Month-to-month,Yes,Electronic check,49.3,No
6815-ABQFQ,Male,No,Yes,No,56,107.25,Yes,Yes,Fiber optic,No,Yes,No,Yes,Yes,Yes,One year,Yes,Electronic check,6033.3,No
7343-EOBEU,Male,No,Yes,No,3,23.6,Yes,Yes,No,No internet service,No internet service,No internet service,No internet service,No internet service,No internet service,Month-to-month,Yes,Mailed check,89.05,No
3701-SFMUH,Male,No,Yes,Yes,7,69.7,Yes,No,DSL,Yes,No,No,No,Yes,Yes,Month-to-month,No,Credit card (automatic),516.15,No
6103-LIANB,Male,No,Yes,Yes,59,99.5,Yes,Yes,Fiber optic,No,No,Yes,No,Yes,Yes,Two year,Yes,Credit card (automatic),5861.75,No
7319-VENRZ,Male,No,No,No,7,64.3,Yes,No,DSL,No,No,Yes,Yes,Yes,No,Month-to-month,No,Bank transfer (automatic),445.95,No
5846-NEQVZ,Male,No,Yes,Yes,71,70.85,Yes,No,DSL,Yes,No,Yes,Yes,No,Yes,Two year,Yes,Credit card (automatic),4973.4,No
6967-QIQRV,Male,No,Yes,Yes,15,101.9,Yes,No,Fiber optic,Yes,No,No,Yes,Yes,Yes,One year,No,Electronic check,1667.25,No
5781-RFZRP,Male,No,Yes,No,71,73.5,Yes,Yes,DSL,Yes,Yes,No,Yes,Yes,No,Two year,No,Credit card (automatic),5357.75,No
0939-YAPAF,Female,No,No,No,35,100.25,Yes,Yes,Fiber optic,No,No,Yes,No,Yes,Yes,Month-to-month,Yes,Electronic check,3527.6,Yes
0308-IVGOK,Female,No,No,No,11,40.4,No,No phone service,DSL,No,Yes,Yes,Yes,No,No,One year,Yes,Credit card (automatic),422.6,No
7293-LSCDV,Female,No,Yes,Yes,60,19.25,Yes,No,No,No internet service,No internet service,No internet service,No internet service,No internet service,No internet service,Two year,Yes,Credit card (automatic),1103.25,No
7025-WCBNE,Male,Yes,No,No,47,59.6,Yes,Yes,DSL,No,Yes,No,Yes,No,No,Two year,No,Bank transfer (automatic),2754.0,No
5756-JYOJT,Female,No,No,No,11,64.9,Yes,No,DSL,No,No,Yes,Yes,No,Yes,One year,No,Credit card (automatic),697.25,No
4710-FDUIZ,Male,No,Yes,No,56,100.3,Yes,Yes,Fiber optic,No,Yes,No,No,Yes,Yes,One year,No,Credit card (automatic),5614.45,Yes
6030-REHUX,Female,Yes,Yes,No,28,110.85,Yes,Yes,Fiber optic,No,Yes,Yes,Yes,Yes,Yes,Month-to-month,Yes,Electronic check,3204.4,No
9548-LIGTA,Male,No,Yes,No,61,81.05,Yes,No,DSL,Yes,Yes,No,Yes,Yes,Yes,Two year,Yes,Mailed check,4747.65,No
5150-LJNSR,Male,No,Yes,Yes,31,98.05,Yes,Yes,Fiber optic,Yes,No,Yes,No,Yes,No,One year,No,Bank transfer (automatic),3082.1,No
8270-RKSAP,Male,No,No,No,9,70.5,Yes,No,Fiber optic,No,No,No,No,No,No,Month-to-month,Yes,Electronic check,597.9,No
6522-YRBXD,Male,Yes,Yes,No,35,94.55,Yes,Yes,Fiber optic,Yes,Yes,No,No,No,Yes,Month-to-month,Yes,Electronic check,3365.4,No
2640-LYMOV,Male,No,No,No,2,19.65,Yes,No,No,No internet service,No internet service,No internet service,No internet service,No internet service,No internet service,Month-to-month,Yes,Mailed check,38.8,No
1218-VKFPE,Female,No,Yes,Yes,12,19.0,Yes,No,No,No internet service,No internet service,No internet service,No internet service,No internet service,No internet service,Month-to-month,No,Mailed check,233.55,Yes
3627-FHKBK,Female,No,No,No,1,75.3,Yes,No,Fiber optic,Yes,No,No,No,No,No,Month-to-month,No,Mailed check,75.3,Yes
2865-TCHJW,Female,Yes,No,No,4,89.2,Yes,Yes,Fiber optic,No,No,Yes,No,Yes,No,Month-to-month,Yes,Electronic check,346.2,Yes
1423-BMPBQ,Female,No,Yes,Yes,1,19.0,Yes,No,No,No internet service,No internet service,No internet service,No internet service,No internet service,No internet service,Month-to-month,Yes,Mailed check,19.0,No
2393-DIVAI,Female,No,No,No,3,20.0,Yes,No,No,No internet service,No internet service,No internet service,No internet service,No internet service,No internet service,Month-to-month,Yes,Mailed check,61.7,No
5192-EBGOV,Female,Yes,No,No,1,85.7,Yes,Yes,Fiber optic,No,No,No,No,Yes,No,Month-to-month,Yes,Electronic check,85.7,Yes
4568-KNYWR,Male,No,No,No,52,63.25,Yes,No,DSL,Yes,Yes,No,No,Yes,No,Two year,Yes,Credit card (automatic),3342.45,No
8752-IMQOS,Male,No,Yes,Yes,5,20.1,Yes,No,No,No internet service,No internet service,No internet service,No internet service,No internet service,No internet service,One year,No,Mailed check,85.1,No
0742-LAFQK,Male,No,Yes,No,72,99.15,Yes,Yes,Fiber optic,Yes,Yes,Yes,No,No,Yes,Two year,Yes,Electronic check,7422.1,No
0795-LAFGP,Male,No,Yes,Yes,71,90.4,Yes,Yes,DSL,Yes,Yes,Yes,Yes,Yes,Yes,Two year,No,Electronic check,6668.05,No
0619-OLYUR,Male,No,Yes,No,72,111.9,Yes,Yes,Fiber optic,Yes,No,Yes,Yes,Yes,Yes,Two year,Yes,Credit card (automatic),8071.05,No
5512-IDZEI,Male,No,Yes,Yes,46,24.9,Yes,Yes,No,No internet service,No internet service,No internet service,No internet service,No internet service,No internet service,One year,No,Electronic check,1174.8,No
0459-SPZHJ,Male,No,Yes,Yes,63,83.5,Yes,Yes,DSL,Yes,Yes,Yes,No,Yes,Yes,Two year,No,Credit card (automatic),5435.0,No
0215-BQKGS,Male,No,No,No,30,84.3,Yes,No,Fiber optic,Yes,Yes,Yes,No,No,No,Month-to-month,Yes,Credit card (automatic),2438.6,No
9244-ZVAPM,Male,No,No,No,1,45.6,Yes,No,DSL,No,No,No,No,No,No,Month-to-month,No,Mailed check,45.6,No
0719-SYFRB,Female,No,No,No,12,61.65,Yes,Yes,DSL,Yes,No,Yes,Yes,No,No,Month-to-month,Yes,Mailed check,713.75,Yes
8208-EUMTE,Male,No,No,No,16,54.85,No,No phone service,DSL,Yes,Yes,Yes,Yes,Yes,No,Two year,No,Mailed check,916.15,No
5172-MIGPM,Male,No,No,No,4,65.55,Yes,Yes,DSL,No,No,No,Yes,No,Yes,Month-to-month,No,Mailed check,237.2,No
1710-RCXUS,Male,No,Yes,No,51,90.35,Yes,Yes,Fiber optic,No,Yes,No,No,No,Yes,One year,Yes,Credit card (automatic),4614.55,No
0374-FIUCA,Male,No,Yes,No,65,20.4,Yes,No,No,No internet service,No internet service,No internet service,No internet service,No internet service,No internet service,Two year,Yes,Credit card (automatic),1414.45,No
5839-SUYVZ,Male,No,No,No,16,74.55,Yes,No,Fiber optic,No,No,No,Yes,No,No,Month-to-month,Yes,Credit card (automatic),1170.5,No
5173-ZXXXL,Male,No,No,No,2,19.95,Yes,No,No,No internet service,No internet service,No internet service,No internet service,No internet service,No internet service,One year,No,Mailed check,47.7,No
1096-ADRUX,Female,No,Yes,Yes,66,74.25,Yes,Yes,Fiber optic,No,No,No,No,No,No,One year,Yes,Bank transfer (automatic),4859.25,No
2001-MCUUW,Male,No,No,No,46,108.65,Yes,Yes,Fiber optic,No,Yes,Yes,Yes,Yes,Yes,Two year,No,Electronic check,4903.2,No
2731-GJRDG,Female,No,No,No,32,109.55,Yes,Yes,Fiber optic,Yes,No,Yes,Yes,Yes,Yes,One year,Yes,Bank transfer (automatic),3608.0,No
4723-BEGSG,Male,No,Yes,No,72,86.65,Yes,Yes,DSL,Yes,No,Yes,Yes,Yes,Yes,Two year,No,Credit card (automatic),6094.25,No
6516-NKQBO,Male,No,Yes,Yes,38,81.0,Yes,No,DSL,Yes,No,Yes,Yes,Yes,Yes,Two year,No,Credit card (automatic),3084.9,No
8672-OAUPW,Male,No,No,Yes,51,47.85,Yes,No,DSL,No,No,No,Yes,No,No,One year,No,Credit card (automatic),2356.75,No
8207-DMRVL,Male,No,Yes,Yes,72,114.55,Yes,Yes,Fiber optic,Yes,Yes,Yes,Yes,Yes,Yes,Two year,No,Bank transfer (automatic),8306.05,No
3419-SNJJD,Female,Yes,Yes,No,65,105.25,Yes,Yes,Fiber optic,Yes,No,Yes,No,Yes,Yes,Month-to-month,No,Bank transfer (automatic),6786.4,Yes
6543-CPZMK,Male,No,Yes,Yes,9,29.95,No,No phone service,DSL,No,Yes,No,No,No,No,Month-to-month,Yes,Electronic check,248.95,Yes
4765-OXPPD,Female,No,Yes,Yes,9,65.0,Yes,No,DSL,Yes,Yes,Yes,Yes,No,No,Month-to-month,No,Mailed check,663.05,Yes
2804-ETQDK,Male,No,No,Yes,66,20.55,Yes,No,No,No internet service,No internet service,No internet service,No internet service,No internet service,No internet service,Two year,No,Mailed check,1357.1,No
6689-VRRTK,Female,Yes,No,No,44,109.8,Yes,Yes,Fiber optic,Yes,Yes,Yes,No,Yes,Yes,One year,Yes,Credit card (automatic),4860.35,No
7138-GIRSH,Male,No,No,No,50,69.5,Yes,Yes,DSL,No,No,Yes,Yes,No,Yes,Two year,No,Bank transfer (automatic),3418.2,No
9396-ZSFLL,Female,No,No,No,15,48.85,Yes,Yes,DSL,No,No,No,No,No,No,Month-to-month,No,Mailed check,631.4,No
6464-KEXXH,Male,No,No,No,8,25.25,No,No phone service,DSL,No,No,No,No,No,No,Month-to-month,Yes,Credit card (automatic),186.3,No
7134-MJPDY,Female,Yes,No,No,66,102.85,Yes,Yes,Fiber optic,No,No,Yes,Yes,Yes,Yes,One year,Yes,Credit card (automatic),6976.75,No
5240-CAOYT,Female,No,No,No,57,87.55,Yes,Yes,Fiber optic,Yes,Yes,No,Yes,No,No,Month-to-month,Yes,Bank transfer (automatic),4884.85,No
4059-IIEBK,Female,No,No,No,7,78.55,Yes,Yes,Fiber optic,No,Yes,No,No,No,No,Month-to-month,Yes,Bank transfer (automatic),522.95,No
4881-JVQOD,Male,Yes,Yes,Yes,10,34.55,No,No phone service,DSL,No,No,No,No,No,Yes,Month-to-month,Yes,Bank transfer (automatic),362.6,No
0516-UXRMT,Female,No,No,No,62,92.05,Yes,Yes,Fiber optic,Yes,Yes,Yes,No,No,No,One year,Yes,Electronic check,5755.8,No
4851-BQDNX,Male,No,Yes,Yes,40,85.05,Yes,No,Fiber optic,No,No,Yes,No,Yes,No,One year,Yes,Electronic check,3355.65,No
5148-HKFIR,Female,No,No,No,20,19.7,Yes,No,No,No internet service,No internet service,No internet service,No internet service,No internet service,No internet service,Two year,No,Mailed check,406.95,No
1009-IRMNA,Female,No,No,No,7,20.0,Yes,No,No,No internet service,No internet service,No internet service,No internet service,No internet service,No internet service,Month-to-month,No,Bank transfer (automatic),137.6,Yes
3003-CMDUU,Female,No,Yes,No,25,95.15,Yes,No,Fiber optic,No,No,No,Yes,Yes,Yes,Month-to-month,Yes,Electronic check,2395.7,No
5016-IBERQ,Male,No,Yes,No,23,84.25,Yes,Yes,Fiber optic,No,Yes,Yes,No,No,No,Month-to-month,No,Electronic check,1968.1,No
6797-UCJHZ,Female,Yes,Yes,No,66,104.6,Yes,Yes,Fiber optic,No,Yes,Yes,No,Yes,Yes,One year,No,Credit card (automatic),6819.45,No
2469-DTSGX,Female,Yes,No,No,72,111.65,Yes,Yes,Fiber optic,No,Yes,Yes,Yes,Yes,Yes,Two year,No,Electronic check,7943.45,No
4554-YGZIH,Male,Yes,Yes,No,49,90.05,Yes,Yes,Fiber optic,No,Yes,No,No,No,Yes,Month-to-month,No,Credit card (automatic),4547.25,Yes
5099-BAILX,Male,Yes,Yes,Yes,43,110.75,Yes,Yes,Fiber optic,No,Yes,Yes,Yes,Yes,Yes,Month-to-month,Yes,Bank transfer (automatic),4687.9,Yes
9931-KGHOA,Female,No,Yes,No,46,55.0,Yes,Yes,DSL,Yes,No,No,No,No,No,Month-to-month,No,Bank transfer (automatic),2473.95,No
1775-KWJKQ,Male,No,Yes,Yes,72,89.85,Yes,Yes,DSL,Yes,Yes,Yes,Yes,Yes,Yes,Two year,No,Credit card (automatic),6562.9,No
7665-VIGUD,Male,No,No,No,10,20.35,Yes,No,No,No internet service,No internet service,No internet service,No internet service,No internet service,No internet service,One year,No,Mailed check,176.3,No
9411-TPQQV,Female,No,No,No,40,54.55,No,No phone service,DSL,Yes,No,No,Yes,Yes,Yes,One year,Yes,Bank transfer (automatic),2236.2,No
7207-RMRDB,Female,No,Yes,Yes,65,105.5,Yes,Yes,Fiber optic,No,Yes,Yes,No,Yes,Yes,Month-to-month,Yes,Electronic check,6985.65,Yes
7954-MLBUN,Male,No,No,No,31,99.45,Yes,No,Fiber optic,No,No,Yes,Yes,Yes,Yes,Two year,No,Bank transfer (automatic),3109.9,No
2077-DDHJK,Female,No,Yes,No,68,70.9,Yes,Yes,DSL,Yes,Yes,Yes,Yes,No,No,Two year,No,Credit card (automatic),4911.35,No
4913-EHYUI,Male,Yes,Yes,Yes,56,104.55,Yes,Yes,Fiber optic,Yes,No,Yes,No,Yes,Yes,One year,Yes,Bank transfer (automatic),5794.65,Yes
0195-IESCP,Male,No,Yes,No,10,85.25,Yes,Yes,Fiber optic,No,No,No,No,No,Yes,Month-to-month,Yes,Electronic check,855.3,Yes
9574-BOSMD,Male,No,Yes,Yes,68,25.4,Yes,Yes,No,No internet service,No internet service,No internet service,No internet service,No internet service,No internet service,Two year,No,Bank transfer (automatic),1620.2,No
4580-TMHJU,Female,No,Yes,Yes,43,56.15,Yes,No,DSL,No,No,No,No,Yes,No,Month-to-month,No,Electronic check,2499.3,Yes
0970-ETWGE,Male,No,No,No,1,89.55,Yes,No,Fiber optic,No,No,No,No,Yes,Yes,Month-to-month,Yes,Electronic check,89.55,Yes
4908-XAXAY,Female,Yes,No,No,49,89.85,Yes,No,Fiber optic,No,Yes,Yes,No,No,Yes,One year,Yes,Bank transfer (automatic),4287.2,No
8404-VLQFB,Female,No,Yes,Yes,15,25.25,Yes,Yes,No,No internet service,No internet service,No internet service,No internet service,No internet service,No internet service,Month-to-month,Yes,Electronic check,394.85,No
1626-ERCMM,Male,Yes,Yes,No,20,94.55,Yes,Yes,Fiber optic,No,No,No,No,Yes,Yes,Month-to-month,Yes,Electronic check,1899.65,Yes
0887-HJGAR,Male,No,No,No,1,45.7,Yes,No,DSL,No,No,No,No,No,No,Month-to-month,Yes,Mailed check,45.7,Yes
2391-IPLOP,Male,No,Yes,Yes,50,69.65,Yes,Yes,DSL,No,No,Yes,Yes,Yes,No,One year,Yes,Electronic check,3442.15,No
5644-PDMZC,Female,Yes,No,No,2,89.5,Yes,Yes,Fiber optic,No,Yes,No,No,No,Yes,Month-to-month,No,Electronic check,161.5,Yes
3509-GWQGF,Male,Yes,No,No,24,70.0,Yes,No,Fiber optic,No,No,No,No,No,No,Month-to-month,No,Credit card (automatic),1732.6,No
9576-ANLXO,Female,No,No,No,3,69.55,Yes,No,Fiber optic,No,No,No,No,No,No,Month-to-month,Yes,Bank transfer (automatic),222.3,Yes
2024-BASKD,Female,No,No,No,1,74.6,Yes,No,Fiber optic,No,No,Yes,No,No,No,Month-to-month,Yes,Mailed check,74.6,Yes
5845-BZZIB,Male,No,Yes,Yes,35,20.1,Yes,No,No,No internet service,No internet service,No internet service,No internet service,No internet service,No internet service,Two year,No,Mailed check,655.3,No
1140-UKVZG,Female,No,No,No,17,24.8,Yes,Yes,No,No internet service,No internet service,No internet service,No internet service,No internet service,No internet service,Month-to-month,No,Mailed check,475.25,No
4160-AMJTL,Female,Yes,No,No,8,19.65,Yes,No,No,No internet service,No internet service,No internet service,No internet service,No internet service,No internet service,Month-to-month,No,Electronic check,164.3,Yes
5183-SNMJQ,Male,No,No,No,10,95.1,Yes,No,Fiber optic,No,No,No,Yes,Yes,Yes,Month-to-month,Yes,Credit card (automatic),865.1,No
8100-PNJMH,Male,No,Yes,Yes,68,88.85,Yes,Yes,DSL,Yes,Yes,Yes,Yes,Yes,Yes,Two year,Yes,Credit card (automatic),6132.7,No
7838-LAZFO,Male,No,Yes,No,45,78.8,Yes,No,DSL,Yes,Yes,Yes,No,Yes,Yes,One year,No,Bank transfer (automatic),3597.5,No
4464-JCOLN,Male,No,Yes,Yes,2,19.85,Yes,No,No,No internet service,No internet service,No internet service,No internet service,No internet service,No internet service,One year,No,Mailed check,35.9,Yes
2085-JVGAD,Male,No,Yes,No,37,20.35,Yes,No,No,No internet service,No internet service,No internet service,No internet service,No internet service,No internet service,Month-to-month,No,Bank transfer (automatic),697.65,No
5650-VDUDS,Female,No,No,No,4,24.25,No,No phone service,DSL,No,No,No,No,No,No,Month-to-month,Yes,Mailed check,96.05,Yes
8095-WANWK,Female,No,No,No,10,45.25,Yes,No,DSL,No,No,No,No,No,No,Month-to-month,No,Mailed check,428.7,No
3030-ZKIWL,Male,No,No,No,1,20.05,Yes,No,No,No internet service,No internet service,No internet service,No internet service,No internet service,No internet service,Month-to-month,No,Mailed check,20.05,No
9565-FLVCG,Male,No,Yes,Yes,65,69.55,Yes,Yes,DSL,Yes,Yes,No,No,No,Yes,Two year,Yes,Mailed check,4459.15,No
8755-OGKNA,Female,No,Yes,Yes,57,19.5,Yes,No,No,No internet service,No internet service,No internet service,No internet service,No internet service,No internet service,Two year,No,Bank transfer (automatic),1167.6,No
2800-VEQXM,Female,No,No,No,3,74.75,Yes,No,Fiber optic,No,No,Yes,No,No,No,Month-to-month,Yes,Mailed check,238.1,No
7538-GWHML,Female,No,No,No,2,69.65,Yes,No,Fiber optic,No,No,No,No,No,No,Month-to-month,No,Electronic check,145.15,Yes
5533-RJFTJ,Male,No,No,No,49,30.2,No,No phone service,DSL,No,No,Yes,No,No,No,Month-to-month,Yes,Bank transfer (automatic),1453.1,No
3859-CVCET,Female,No,No,No,4,45.65,Yes,No,DSL,No,No,No,No,No,No,Month-to-month,No,Mailed check,191.05,Yes
0214-JHPFW,Female,No,Yes,No,70,57.8,No,No phone service,DSL,No,Yes,Yes,Yes,Yes,Yes,Two year,No,Bank transfer (automatic),4039.3,No
5642-MHDQT,Female,No,Yes,Yes,53,19.85,Yes,No,No,No internet service,No internet service,No internet service,No internet service,No internet service,No internet service,One year,Yes,Bank transfer (automatic),1039.45,No
3088-FVYWK,Male,No,Yes,Yes,53,25.55,Yes,Yes,No,No internet service,No internet service,No internet service,No internet service,No internet service,No internet service,Two year,No,Credit card (automatic),1336.1,No
3276-HDUEG,Female,No,No,No,1,75.05,Yes,Yes,Fiber optic,No,No,No,No,No,No,Month-to-month,Yes,Mailed check,75.05,Yes
9092-GDZKO,Male,No,No,No,22,24.85,Yes,Yes,No,No internet service,No internet service,No internet service,No internet service,No internet service,No internet service,Month-to-month,Yes,Credit card (automatic),493.4,No
0823-HSCDJ,Male,Yes,No,No,52,49.15,No,No phone service,DSL,No,Yes,No,No,Yes,Yes,Month-to-month,Yes,Electronic check,2550.9,Yes
3729-OWRVL,Male,Yes,No,No,65,110.35,Yes,Yes,Fiber optic,Yes,No,Yes,Yes,Yes,Yes,Two year,Yes,Electronic check,7246.15,No
2324-AALNO,Female,No,No,No,48,24.55,Yes,Yes,No,No internet service,No internet service,No internet service,No internet service,No internet service,No internet service,One year,No,Bank transfer (automatic),1203.95,No
0822-GAVAP,Female,No,No,No,2,34.7,No,No phone service,DSL,No,No,No,No,No,Yes,Month-to-month,Yes,Electronic check,62.25,Yes
5760-IFJOZ,Male,No,No,No,3,107.95,Yes,Yes,Fiber optic,No,Yes,Yes,No,Yes,Yes,Month-to-month,No,Mailed check,313.6,No
2826-UWHIS,Male,No,Yes,No,45,81.4,Yes,Yes,Fiber optic,No,Yes,No,No,No,No,Month-to-month,No,Bank transfer (automatic),3775.85,No
1448-PWKYE,Male,No,Yes,Yes,1,80.0,Yes,No,Fiber optic,No,No,No,No,No,Yes,Month-to-month,No,Electronic check,80.0,Yes
7501-IWUNG,Female,No,Yes,Yes,61,73.8,Yes,No,DSL,No,No,Yes,Yes,Yes,Yes,Two year,Yes,Bank transfer (automatic),4616.05,No
4957-TREIR,Male,No,No,No,3,64.4,Yes,No,DSL,Yes,No,No,Yes,Yes,No,Month-to-month,Yes,Credit card (automatic),195.65,No
7251-LJBQN,Female,Yes,No,No,40,103.75,Yes,Yes,Fiber optic,No,No,Yes,Yes,Yes,Yes,One year,Yes,Credit card (automatic),4188.4,No
8040-MNRTF,Female,No,No,No,1,71.1,Yes,No,Fiber optic,No,No,No,No,No,No,Month-to-month,No,Mailed check,71.1,No
1536-HBSWP,Female,No,No,No,1,49.9,Yes,No,DSL,No,No,No,Yes,No,No,Month-to-month,Yes,Electronic check,49.9,No
5313-FPXWG,Male,No,No,No,51,24.6,Yes,Yes,No,No internet service,No internet service,No internet service,No internet service,No internet service,No internet service,One year,Yes,Bank transfer (automatic),1266.4,No
0067-DKWBL,Male,Yes,No,No,2,49.25,Yes,No,DSL,Yes,No,No,No,No,No,Month-to-month,Yes,Electronic check,91.1,Yes
0946-FKYTX,Male,No,No,No,52,30.1,No,No phone service,DSL,No,Yes,No,No,No,No,One year,No,Mailed check,1623.4,No
5076-YVXCM,Male,No,No,No,51,83.4,Yes,Yes,Fiber optic,No,No,No,No,No,Yes,Month-to-month,No,Bank transfer (automatic),4149.45,No
8262-COGGB,Male,No,No,No,1,20.45,Yes,No,No,No internet service,No internet service,No internet service,No internet service,No internet service,No internet service,Month-to-month,Yes,Mailed check,20.45,No
6663-JOCQO,Male,No,Yes,Yes,31,75.25,Yes,Yes,DSL,Yes,Yes,No,Yes,No,Yes,One year,Yes,Bank transfer (automatic),2344.5,No
9620-QJREV,Male,No,No,Yes,47,20.55,Yes,No,No,No internet service,No internet service,No internet service,No internet service,No internet service,No internet service,One year,No,Credit card (automatic),1013.05,No
2276-YDAVZ,Female,No,No,No,3,75.1,Yes,Yes,Fiber optic,No,No,No,No,No,No,Month-to-month,Yes,Credit card (automatic),270.7,Yes
2682-KEVRP,Female,Yes,No,No,22,20.05,Yes,No,No,No internet service,No internet service,No internet service,No internet service,No internet service,No internet service,One year,Yes,Mailed check,417.0,No
2480-JZOSN,Female,No,Yes,No,1,20.65,Yes,No,No,No internet service,No internet service,No internet service,No internet service,No internet service,No internet service,Month-to-month,Yes,Mailed check,20.65,No
0078-XZMHT,Male,No,Yes,No,72,85.15,Yes,Yes,DSL,No,Yes,Yes,Yes,Yes,Yes,Two year,Yes,Bank transfer (automatic),6316.2,No
5896-NPFWW,Male,No,Yes,Yes,3,50.15,Yes,No,DSL,No,No,Yes,No,No,No,Month-to-month,Yes,Electronic check,168.15,Yes
9978-HYCIN,Male,Yes,Yes,Yes,47,84.95,Yes,No,Fiber optic,No,Yes,No,No,Yes,No,One year,Yes,Bank transfer (automatic),4018.05,No
8338-QIUNR,Male,No,Yes,Yes,72,66.5,Yes,Yes,DSL,Yes,No,Yes,Yes,No,No,Two year,Yes,Credit card (automatic),4811.6,No
1525-LNLOJ,Male,No,Yes,Yes,66,63.3,Yes,Yes,DSL,No,No,Yes,No,Yes,No,Two year,Yes,Bank transfer (automatic),4189.7,No
9450-TRJUU,Male,No,No,No,35,83.15,Yes,Yes,Fiber optic,No,No,No,No,Yes,No,Month-to-month,No,Electronic check,2848.45,No
1766-GKNMI,Male,No,No,No,29,84.9,Yes,Yes,Fiber optic,No,No,No,No,No,Yes,Month-to-month,Yes,Electronic check,2516.2,No
6942-LBFDP,Female,No,No,No,2,20.55,Yes,No,No,No internet service,No internet service,No internet service,No internet service,No internet service,No internet service,Month-to-month,Yes,Mailed check,33.6,No
1456-TWCGB,Male,No,No,No,4,49.25,Yes,No,DSL,No,Yes,No,No,No,No,Month-to-month,No,Mailed check,208.45,No
7133-VBDCG,Female,No,No,No,25,79.85,Yes,No,Fiber optic,Yes,Yes,No,No,No,No,Month-to-month,Yes,Bank transfer (automatic),2015.35,Yes
7596-ZYWBB,Female,No,No,No,65,59.6,Yes,No,DSL,Yes,Yes,No,Yes,No,No,Two year,Yes,Mailed check,3739.8,No
8329-UTMVM,Male,Yes,No,No,27,104.65,Yes,Yes,Fiber optic,No,Yes,No,Yes,Yes,Yes,One year,Yes,Bank transfer (automatic),2964.0,No
3014-WJKSM,Male,No,Yes,No,29,75.3,Yes,No,Fiber optic,No,No,Yes,No,No,No,Month-to-month,Yes,Credit card (automatic),2263.4,No
3347-YJZZE,Male,No,Yes,Yes,29,80.1,Yes,Yes,DSL,No,Yes,Yes,No,Yes,Yes,Month-to-month,No,Credit card (automatic),2211.8,No
1029-QFBEN,Male,No,No,No,1,19.55,Yes,No,No,No internet service,No internet service,No internet service,No internet service,No internet service,No internet service,Month-to-month,No,Mailed check,19.55,Yes
7929-DMBCV,Female,No,Yes,No,20,81.0,Yes,No,Fiber optic,No,No,Yes,Yes,No,No,Month-to-month,Yes,Mailed check,1683.7,No
9661-JALZV,Female,No,No,No,58,24.7,Yes,Yes,No,No internet service,No internet service,No internet service,No internet service,No internet service,No internet service,Two year,Yes,Credit card (automatic),1519.0,No
5433-KYGHE,Female,No,No,Yes,14,86.0,Yes,Yes,Fiber optic,Yes,No,No,Yes,No,No,Month-to-month,Yes,Mailed check,1164.05,No
4312-KFRXN,Male,No,Yes,No,72,25.4,Yes,Yes,No,No internet service,No internet service,No internet service,No internet service,No internet service,No internet service,Two year,No,Mailed check,1710.9,No
5575-TPIZQ,Male,No,No,No,46,89.15,Yes,Yes,Fiber optic,Yes,No,No,No,Yes,No,Month-to-month,Yes,Credit card (automatic),4245.55,No
0114-IGABW,Female,No,Yes,No,71,58.25,No,No phone service,DSL,No,Yes,Yes,Yes,Yes,Yes,Two year,No,Bank transfer (automatic),4145.9,No
9944-AEXBM,Male,No,No,No,32,85.65,Yes,Yes,Fiber optic,No,No,No,No,No,Yes,Month-to-month,Yes,Bank transfer (automatic),2664.3,No
1853-ARAAQ,Female,No,No,No,26,50.35,No,No phone service,DSL,No,No,Yes,No,Yes,Yes,Month-to-month,Yes,Credit card (automatic),1277.5,No
6952-OMNWB,Male,Yes,Yes,No,68,80.35,Yes,Yes,Fiber optic,No,No,Yes,No,No,No,Month-to-month,Yes,Credit card (automatic),5589.3,No
4697-LUPSU,Male,No,Yes,Yes,2,20.2,Yes,No,No,No internet service,No internet service,No internet service,No internet service,No internet service,No internet service,One year,No,Mailed check,34.75,No
8434-VGEQQ,Male,No,Yes,Yes,61,20.55,Yes,No,No,No internet service,No internet service,No internet service,No internet service,No internet service,No internet service,Two year,No,Credit card (automatic),1305.95,No
4952-YSOGZ,Female,No,Yes,Yes,4,85.95,Yes,Yes,Fiber optic,No,No,No,No,No,Yes,Month-to-month,Yes,Electronic check,381.3,Yes
1589-AGTLK,Male,No,No,No,3,45.35,Yes,No,DSL,No,No,No,No,No,No,Month-to-month,Yes,Electronic check,141.5,Yes
5244-IRFIH,Male,Yes,Yes,No,33,94.5,Yes,Yes,Fiber optic,No,No,No,No,Yes,Yes,Month-to-month,Yes,Electronic check,3105.55,Yes
6549-YMFAW,Male,Yes,Yes,No,9,21.25,Yes,No,No,No internet service,No internet service,No internet service,No internet service,No internet service,No internet service,Month-to-month,Yes,Mailed check,204.55,No
4950-HKQTE,Female,No,No,No,22,26.25,Yes,Yes,No,No internet service,No internet service,No internet service,No internet service,No internet service,No internet service,Two year,No,Mailed check,605.9,No
6786-OBWQR,Female,No,Yes,Yes,5,80.85,Yes,No,Fiber optic,No,No,No,No,Yes,No,Month-to-month,Yes,Electronic check,356.1,No
2684-EIWEO,Female,Yes,No,No,30,91.7,Yes,Yes,Fiber optic,Yes,Yes,Yes,No,No,No,Month-to-month,No,Credit card (automatic),2758.15,Yes
2753-JMMCV,Male,No,No,No,65,74.2,Yes,Yes,DSL,No,Yes,Yes,Yes,No,Yes,Two year,Yes,Credit card (automatic),4805.65,No
6439-GTPCA,Female,No,No,No,45,87.25,Yes,Yes,Fiber optic,No,No,Yes,Yes,No,No,Month-to-month,Yes,Electronic check,3941.7,Yes
6621-YOBKI,Male,No,No,No,5,20.35,Yes,No,No,No internet service,No internet service,No internet service,No internet service,No internet service,No internet service,Month-to-month,No,Mailed check,92.75,No
1216-JWVUX,Male,No,Yes,Yes,25,75.5,Yes,No,Fiber optic,No,Yes,No,No,No,No,Month-to-month,Yes,Electronic check,1901.05,No
7564-GHCVB,Female,No,Yes,Yes,72,79.05,Yes,Yes,Fiber optic,Yes,No,No,No,No,No,Two year,No,Bank transfer (automatic),5730.7,No
1173-NOEYG,Female,No,Yes,No,27,90.15,Yes,Yes,Fiber optic,No,No,Yes,No,No,Yes,Month-to-month,No,Bank transfer (automatic),2423.4,No
7595-EHCDL,Male,No,Yes,Yes,32,50.6,No,No phone service,DSL,No,No,Yes,No,Yes,Yes,Month-to-month,No,Credit card (automatic),1653.45,No
6647-ZEDXT,Female,No,No,No,30,110.45,Yes,Yes,Fiber optic,No,Yes,Yes,Yes,Yes,Yes,One year,No,Credit card (automatic),3327.05,No
2521-NPUZR,Male,No,Yes,No,70,101.0,Yes,No,Fiber optic,Yes,Yes,Yes,Yes,No,Yes,Two year,No,Credit card (automatic),7085.5,No
1307-TVUFB,Male,Yes,No,No,42,79.35,Yes,Yes,Fiber optic,No,Yes,No,No,No,No,Month-to-month,Yes,Bank transfer (automatic),3344.1,No
7503-MIOGA,Female,Yes,Yes,No,72,89.85,Yes,Yes,DSL,Yes,Yes,Yes,Yes,Yes,Yes,Two year,Yes,Bank transfer (automatic),6697.35,No
4381-MHQDC,Female,No,No,No,47,65.0,Yes,Yes,DSL,Yes,No,Yes,Yes,No,No,Two year,Yes,Mailed check,2879.9,No
6923-JHPMP,Female,No,No,No,2,80.45,Yes,No,Fiber optic,Yes,No,Yes,No,No,No,Month-to-month,Yes,Electronic check,137.1,No
5138-WVKYJ,Male,No,No,No,10,98.55,Yes,Yes,Fiber optic,Yes,No,No,No,Yes,Yes,Month-to-month,No,Electronic check,1008.55,Yes
4018-PPNDW,Female,No,Yes,Yes,61,24.1,Yes,Yes,No,No internet service,No internet service,No internet service,No internet service,No internet service,No internet service,Two year,Yes,Mailed check,1551.6,No
1635-FJFCC,Female,No,No,No,5,44.05,Yes,No,DSL,No,No,No,No,No,No,Month-to-month,Yes,Credit card (automatic),202.15,No
2499-AJYUA,Female,Yes,Yes,No,72,110.8,Yes,Yes,Fiber optic,No,Yes,Yes,Yes,Yes,Yes,Two year,Yes,Credit card (automatic),7882.25,No
6919-ELBGL,Male,Yes,Yes,Yes,72,114.95,Yes,Yes,Fiber optic,Yes,Yes,Yes,Yes,Yes,Yes,Two year,Yes,Bank transfer (automatic),8196.4,No
3966-HRMZA,Female,Yes,No,No,3,75.05,Yes,No,Fiber optic,No,No,Yes,No,No,No,Month-to-month,No,Mailed check,202.9,No
6425-JWTDV,Male,No,Yes,No,48,19.25,Yes,No,No,No internet service,No internet service,No internet service,No internet service,No internet service,No internet service,Two year,No,Mailed check,855.1,No
8405-IGQFX,Female,No,No,No,63,90.05,Yes,No,Fiber optic,No,No,Yes,Yes,Yes,No,One year,Yes,Credit card (automatic),5817.0,No
8224-IVVPA,Female,No,No,No,27,56.7,Yes,No,DSL,Yes,Yes,No,No,No,No,Month-to-month,Yes,Mailed check,1652.95,No
9477-LGWQI,Male,No,Yes,Yes,70,80.15,Yes,No,DSL,Yes,Yes,Yes,No,Yes,Yes,Two year,Yes,Credit card (automatic),5600.15,No
1410-RSCMR,Male,No,Yes,Yes,7,71.35,Yes,No,DSL,Yes,No,Yes,Yes,No,Yes,Month-to-month,Yes,Credit card (automatic),515.75,No
3115-CZMZD,Male,No,No,Yes,0,20.25,Yes,No,No,No internet service,No internet service,No internet service,No internet service,No internet service,No internet service,Two year,No,Mailed check,,No
0139-IVFJG,Female,No,Yes,No,2,90.35,Yes,No,Fiber optic,Yes,Yes,No,No,Yes,No,Month-to-month,No,Electronic check,190.5,No
6683-VLCTZ,Male,Yes,No,No,20,98.55,Yes,Yes,Fiber optic,No,No,Yes,No,Yes,Yes,Month-to-month,Yes,Electronic check,1842.8,Yes
5730-DBDSI,Male,No,No,No,66,19.7,Yes,No,No,No internet service,No internet service,No internet service,No internet service,No internet service,No internet service,Two year,No,Bank transfer (automatic),1253.8,No
0030-FNXPP,Female,No,No,No,3,19.85,Yes,No,No,No internet service,No internet service,No internet service,No internet service,No internet service,No internet service,Month-to-month,No,Mailed check,57.2,No
2189-WWOEW,Female,No,No,Yes,15,85.9,Yes,No,Fiber optic,No,Yes,No,No,No,Yes,Month-to-month,Yes,Bank transfer (automatic),1269.55,Yes
5684-FJVYR,Female,No,Yes,Yes,72,90.35,Yes,Yes,Fiber optic,Yes,Yes,No,Yes,No,No,Two year,Yes,Bank transfer (automatic),6563.4,No
4013-GUXND,Male,No,No,No,1,20.8,Yes,No,No,No internet service,No internet service,No internet service,No internet service,No internet service,No internet service,Month-to-month,No,Mailed check,20.8,No
1894-IGFSG,Female,No,No,No,22,89.25,Yes,No,Fiber optic,No,No,No,No,Yes,Yes,Month-to-month,No,Electronic check,1907.85,Yes
7379-POKDZ,Male,No,Yes,No,3,70.3,Yes,No,Fiber optic,No,No,No,No,No,No,Month-to-month,Yes,Electronic check,208.85,Yes
1266-NZYUI,Female,No,Yes,Yes,72,66.85,Yes,Yes,DSL,Yes,No,Yes,Yes,No,No,Two year,No,Bank transfer (automatic),4758.8,No
7969-FFOWG,Male,No,Yes,Yes,65,19.9,Yes,No,No,No internet service,No internet service,No internet service,No internet service,No internet service,No internet service,Two year,No,Mailed check,1292.6,No
4718-DHSMV,Female,No,No,No,11,35.8,No,No phone service,DSL,No,No,No,No,Yes,No,Month-to-month,Yes,Mailed check,363.15,No
5175-WLYXL,Male,No,No,No,22,78.85,Yes,Yes,Fiber optic,No,Yes,No,No,No,No,Month-to-month,Yes,Mailed check,1600.25,No
7817-OMJNA,Male,No,No,No,14,20.4,Yes,No,No,No internet service,No internet service,No internet service,No internet service,No internet service,No internet service,One year,No,Bank transfer (automatic),275.7,No
8728-SKJLR,Male,No,No,No,41,74.25,Yes,No,Fiber optic,No,No,No,Yes,No,No,Month-to-month,Yes,Electronic check,3089.1,No
3137-NYQQI,Male,No,Yes,No,17,64.8,Yes,No,DSL,Yes,Yes,No,No,No,Yes,One year,No,Mailed check,1175.6,No
7706-DZNKK,Male,No,No,No,11,20.45,Yes,No,No,No internet service,No internet service,No internet service,No internet service,No internet service,No internet service,Month-to-month,Yes,Credit card (automatic),237.3,No
0236-HFWSV,Male,No,No,No,15,93.35,Yes,Yes,Fiber optic,No,No,No,No,Yes,Yes,Month-to-month,Yes,Electronic check,1444.65,Yes
3900-AQPHZ,Female,No,No,No,1,19.9,Yes,No,No,No internet service,No internet service,No internet service,No internet service,No internet service,No internet service,Month-to-month,No,Mailed check,19.9,Yes
5842-POCOP,Female,No,Yes,No,5,88.9,Yes,No,Fiber optic,Yes,No,Yes,No,No,Yes,Month-to-month,Yes,Mailed check,454.15,Yes
2037-XJFUP,Male,No,Yes,No,33,95.8,Yes,No,Fiber optic,No,No,Yes,No,Yes,Yes,One year,Yes,Electronic check,3036.75,Yes
8823-RLPWL,Female,No,Yes,No,72,110.65,Yes,Yes,Fiber optic,Yes,Yes,Yes,No,Yes,Yes,Two year,Yes,Credit card (automatic),8065.65,No
9505-SQFSW,Female,No,Yes,Yes,3,40.3,No,No phone service,DSL,No,Yes,No,No,No,Yes,Month-to-month,No,Mailed check,92.5,No
7314-OXENN,Male,No,No,No,2,82.0,Yes,Yes,Fiber optic,No,Yes,No,No,No,No,Month-to-month,Yes,Electronic check,184.65,Yes
3758-CKOQL,Female,No,Yes,No,59,107.0,Yes,Yes,Fiber optic,Yes,Yes,Yes,Yes,No,Yes,One year,Yes,Credit card (automatic),6152.3,No
0322-CHQRU,Male,No,No,No,2,45.35,Yes,No,DSL,No,No,No,No,No,No,Month-to-month,No,Electronic check,89.5,Yes
5676-CFLYY,Male,No,Yes,Yes,71,73.35,Yes,No,DSL,No,Yes,No,Yes,Yes,Yes,Two year,Yes,Credit card (automatic),5154.5,No
7521-AFHAB,Female,No,Yes,Yes,5,44.8,Yes,No,DSL,No,No,No,No,No,No,Month-to-month,No,Mailed check,220.45,No
0285-INHLN,Male,No,Yes,Yes,27,54.75,Yes,No,DSL,Yes,Yes,No,No,No,No,Month-to-month,Yes,Credit card (automatic),1510.3,No
4678-DVQEO,Female,No,No,No,1,52.2,Yes,No,DSL,No,No,No,Yes,No,No,Month-to-month,Yes,Electronic check,52.2,Yes
5125-CNDSP,Male,No,No,Yes,63,40.6,No,No phone service,DSL,Yes,Yes,No,Yes,No,No,One year,Yes,Bank transfer (automatic),2588.95,No
0691-IFBQW,Female,Yes,No,No,46,110.0,Yes,Yes,Fiber optic,Yes,Yes,Yes,No,Yes,Yes,One year,Yes,Electronic check,4874.8,Yes
4992-LTJNE,Male,No,Yes,Yes,72,55.3,Yes,Yes,DSL,Yes,No,No,No,No,No,Two year,No,Bank transfer (automatic),3983.6,No
2202-OUTMO,Female,No,Yes,No,34,60.85,Yes,Yes,DSL,Yes,No,No,Yes,No,No,Month-to-month,Yes,Bank transfer (automatic),2003.6,No
0810-BDHAW,Female,No,Yes,Yes,24,78.4,Yes,Yes,DSL,Yes,Yes,No,No,Yes,Yes,One year,No,Electronic check,1832.4,No
0229-LFJAF,Male,No,No,No,72,69.65,Yes,Yes,DSL,Yes,Yes,Yes,Yes,No,No,Two year,No,Bank transfer (automatic),4908.25,No
7131-ZQZNK,Female,No,Yes,Yes,60,59.85,No,No phone service,DSL,Yes,No,Yes,Yes,Yes,Yes,Two year,No,Credit card (automatic),3590.2,No
3442-ZHHCC,Male,No,No,No,68,76.9,Yes,Yes,DSL,Yes,Yes,Yes,No,No,Yes,One year,Yes,Credit card (automatic),5023.0,No
5726-CVNYA,Female,No,Yes,Yes,8,19.85,Yes,No,No,No internet service,No internet service,No internet service,No internet service,No internet service,No internet service,Two year,Yes,Mailed check,146.6,No
9871-ELEYA,Female,No,No,Yes,34,67.65,Yes,No,DSL,Yes,No,Yes,Yes,Yes,No,Two year,No,Credit card (automatic),2339.3,No
4257-GAESD,Female,No,No,No,6,45.0,No,No phone service,DSL,No,No,No,No,Yes,Yes,Month-to-month,No,Credit card (automatic),298.7,No
5173-WXOQV,Male,No,Yes,No,2,64.2,Yes,No,DSL,No,Yes,No,Yes,No,Yes,Month-to-month,Yes,Mailed check,143.65,No
2040-OBMLJ,Male,No,No,No,31,81.7,Yes,Yes,Fiber optic,No,No,No,Yes,No,No,One year,No,Credit card (automatic),2548.65,No
6286-ZHAOK,Female,No,Yes,Yes,20,25.55,Yes,Yes,No,No internet service,No internet service,No internet service,No internet service,No internet service,No internet service,Month-to-month,Yes,Bank transfer (automatic),507.4,No
3807-XHCJH,Female,No,Yes,Yes,1,20.0,Yes,No,No,No internet service,No internet service,No internet service,No internet service,No internet service,No internet service,Month-to-month,No,Electronic check,20.0,No
3009-JWMPU,Male,No,No,No,62,96.75,Yes,Yes,Fiber optic,No,No,Yes,No,Yes,Yes,One year,Yes,Electronic check,6125.4,Yes
5671-RQRLP,Female,Yes,Yes,No,70,75.65,Yes,Yes,Fiber optic,No,No,No,No,No,No,Two year,Yes,Credit card (automatic),5411.4,No
1450-GALXR,Female,No,No,No,10,98.5,Yes,Yes,Fiber optic,No,No,No,Yes,Yes,Yes,Month-to-month,Yes,Electronic check,1058.25,Yes
8859-AXJZP,Male,No,Yes,Yes,39,23.8,Yes,Yes,No,No internet service,No internet service,No internet service,No internet service,No internet service,No internet service,Two year,Yes,Mailed check,903.8,No
3174-AKMAS,Female,No,Yes,No,46,64.2,Yes,No,DSL,No,Yes,No,Yes,Yes,No,Two year,Yes,Credit card (automatic),3009.5,No
3138-BKYAV,Male,No,No,No,6,85.35,Yes,No,Fiber optic,No,Yes,No,No,Yes,No,Month-to-month,Yes,Electronic check,489.45,Yes
9926-PJHDQ,Female,No,Yes,Yes,72,76.8,Yes,Yes,DSL,No,No,Yes,No,Yes,Yes,Two year,Yes,Bank transfer (automatic),5468.45,No
7382-DFJTU,Male,No,No,No,18,55.2,Yes,No,DSL,No,No,Yes,Yes,No,No,Month-to-month,No,Credit card (automatic),1058.1,No
2798-NYLMZ,Male,No,Yes,No,71,108.55,Yes,Yes,Fiber optic,Yes,No,Yes,Yes,Yes,Yes,Two year,Yes,Credit card (automatic),7616.0,No
4289-DTDKW,Male,No,Yes,No,40,101.3,Yes,Yes,Fiber optic,No,Yes,No,No,Yes,Yes,Month-to-month,Yes,Electronic check,4113.1,Yes
1820-TQVEV,Male,No,No,No,1,69.55,Yes,No,Fiber optic,No,No,No,No,No,No,Month-to-month,Yes,Electronic check,69.55,Yes
2239-JALAW,Male,No,No,No,58,103.25,Yes,Yes,Fiber optic,No,Yes,Yes,No,Yes,Yes,One year,Yes,Bank transfer (automatic),6017.65,Yes
4853-RULSV,Male,No,No,No,70,104.0,Yes,Yes,Fiber optic,Yes,No,No,Yes,Yes,Yes,Two year,Yes,Credit card (automatic),7250.15,Yes
8098-TDCBU,Female,No,Yes,No,42,25.25,Yes,Yes,No,No internet service,No internet service,No internet service,No internet service,No internet service,No internet service,Two year,No,Electronic check,1108.2,No
3551-GAEGL,Male,No,Yes,Yes,34,30.4,No,No phone service,DSL,Yes,No,No,No,No,No,One year,No,Bank transfer (automatic),938.65,No
4785-NKHCX,Male,Yes,No,No,5,20.05,Yes,No,No,No internet service,No internet service,No internet service,No internet service,No internet service,No internet service,Month-to-month,No,Bank transfer (automatic),94.15,No
3196-NVXLZ,Female,No,No,No,25,84.6,Yes,Yes,Fiber optic,No,No,No,No,Yes,No,Month-to-month,Yes,Mailed check,2088.05,No
6275-YDUVO,Female,No,No,No,2,86.2,Yes,No,Fiber optic,No,No,Yes,No,No,Yes,Month-to-month,Yes,Mailed check,178.7,Yes
0036-IHMOT,Female,No,Yes,Yes,55,103.7,Yes,No,Fiber optic,No,Yes,Yes,Yes,Yes,Yes,One year,Yes,Bank transfer (automatic),5656.75,No
0115-TFERT,Male,No,Yes,No,21,111.2,Yes,Yes,Fiber optic,No,Yes,Yes,Yes,Yes,Yes,Month-to-month,Yes,Electronic check,2317.1,Yes
4178-EGMON,Male,No,Yes,No,70,88.0,Yes,Yes,Fiber optic,Yes,Yes,No,Yes,No,No,Two year,Yes,Credit card (automatic),5986.45,No
4220-TINQT,Female,No,Yes,No,61,106.35,Yes,Yes,Fiber optic,No,No,Yes,Yes,Yes,Yes,Month-to-month,Yes,Electronic check,6751.35,No
5318-YKDPV,Male,No,Yes,Yes,43,79.15,Yes,No,DSL,Yes,No,Yes,Yes,Yes,Yes,Two year,Yes,Credit card (automatic),3566.6,No
7975-TZMLR,Male,No,No,No,47,103.1,Yes,Yes,Fiber optic,No,Yes,Yes,No,Yes,Yes,One year,Yes,Electronic check,4889.3,No
0295-QVKPB,Male,No,No,No,5,63.95,Yes,No,DSL,No,No,Yes,Yes,Yes,No,Month-to-month,Yes,Credit card (automatic),318.1,No
4335-BSMJS,Female,No,No,No,62,25.8,Yes,Yes,No,No internet service,No internet service,No internet service,No internet service,No internet service,No internet service,Two year,Yes,Credit card (automatic),1563.95,No
2311-QYMUQ,Female,No,Yes,Yes,16,89.45,Yes,No,Fiber optic,No,Yes,Yes,No,Yes,No,Month-to-month,Yes,Credit card (automatic),1430.25,Yes
3643-AHCFP,Male,Yes,Yes,No,7,95.6,Yes,Yes,Fiber optic,No,No,No,No,Yes,Yes,Month-to-month,Yes,Bank transfer (automatic),644.35,Yes
9146-JRIOX,Female,No,Yes,Yes,14,25.55,Yes,Yes,No,No internet service,No internet service,No internet service,No internet service,No internet service,No internet service,Month-to-month,No,Mailed check,372.45,No
3104-OWCGK,Male,No,Yes,Yes,60,90.95,Yes,No,Fiber optic,No,Yes,Yes,No,Yes,No,One year,No,Electronic check,5453.4,Yes
5337-IIWKZ,Male,No,Yes,Yes,34,44.85,No,No phone service,DSL,No,No,Yes,Yes,Yes,No,Month-to-month,Yes,Electronic check,1442.6,No
9101-BWFSS,Female,No,Yes,No,50,108.55,Yes,Yes,Fiber optic,Yes,Yes,No,Yes,Yes,Yes,One year,No,Electronic check,5610.7,Yes
9650-VBUOG,Male,No,Yes,Yes,38,25.05,Yes,Yes,No,No internet service,No internet service,No internet service,No internet service,No internet service,No internet service,Two year,No,Credit card (automatic),963.95,No
3487-EARAT,Female,No,Yes,Yes,70,74.1,Yes,No,DSL,Yes,Yes,Yes,Yes,No,Yes,One year,No,Credit card (automatic),5222.3,No
2672-TGEFF,Female,No,Yes,Yes,37,88.8,Yes,Yes,Fiber optic,No,Yes,No,No,Yes,No,Month-to-month,Yes,Electronic check,3340.55,No
9231-ZJYAM,Female,Yes,No,No,4,78.85,Yes,No,Fiber optic,No,No,No,No,Yes,No,Month-to-month,Yes,Electronic check,292.8,Yes
4250-WAROZ,Male,Yes,Yes,Yes,60,93.25,Yes,Yes,Fiber optic,Yes,Yes,No,No,No,Yes,Month-to-month,Yes,Electronic check,5774.55,No
8184-WMOFI,Male,No,Yes,Yes,62,71.4,Yes,No,DSL,Yes,No,Yes,Yes,No,Yes,One year,No,Credit card (automatic),4487.3,No
6982-SSHFK,Male,No,No,No,1,44.4,Yes,No,DSL,No,No,No,No,No,No,Month-to-month,No,Mailed check,44.4,Yes
6092-QZVPP,Male,No,No,No,36,79.2,Yes,No,DSL,Yes,No,Yes,Yes,Yes,Yes,Month-to-month,Yes,Credit card (automatic),2854.95,No
4625-LAMOB,Male,No,No,No,44,20.4,Yes,No,No,No internet service,No internet service,No internet service,No internet service,No internet service,No internet service,Two year,No,Credit card (automatic),905.55,No
0727-BMPLR,Female,Yes,No,No,55,100.0,Yes,Yes,Fiber optic,No,No,Yes,No,Yes,Yes,One year,Yes,Electronic check,5509.3,Yes
0392-BZIUW,Female,No,Yes,No,72,105.0,Yes,Yes,Fiber optic,Yes,No,Yes,No,Yes,Yes,Two year,Yes,Credit card (automatic),7589.8,No
1038-ZAGBI,Female,No,Yes,Yes,12,19.8,Yes,No,No,No internet service,No internet service,No internet service,No internet service,No internet service,No internet service,One year,No,Bank transfer (automatic),229.6,Yes
6549-NNDYT,Female,No,No,No,13,30.85,No,No phone service,DSL,Yes,No,No,No,No,No,Month-to-month,Yes,Bank transfer (automatic),394.1,No
3027-ZTDHO,Male,No,No,No,1,89.9,Yes,No,Fiber optic,No,No,No,No,Yes,Yes,Month-to-month,Yes,Electronic check,89.9,Yes
0422-OHQHQ,Female,No,Yes,Yes,15,20.55,Yes,No,No,No internet service,No internet service,No internet service,No internet service,No internet service,No internet service,One year,No,Mailed check,295.95,No
6916-HIJSE,Female,No,No,No,65,84.85,Yes,No,DSL,Yes,Yes,Yes,Yes,Yes,Yes,Two year,Yes,Bank transfer (automatic),5459.2,No
2316-ESMLS,Female,No,Yes,Yes,12,33.15,No,No phone service,DSL,Yes,No,No,Yes,No,No,One year,No,Credit card (automatic),444.75,No
9778-OGKQZ,Male,No,Yes,No,72,92.0,Yes,Yes,DSL,Yes,Yes,Yes,Yes,Yes,Yes,Two year,Yes,Credit card (automatic),6782.15,No
7408-OFWXJ,Female,No,Yes,Yes,72,89.8,Yes,Yes,DSL,Yes,Yes,Yes,Yes,Yes,Yes,Two year,No,Credit card (automatic),6510.45,No
6007-TCTST,Female,No,Yes,Yes,72,115.8,Yes,Yes,Fiber optic,Yes,Yes,Yes,Yes,Yes,Yes,Two year,Yes,Bank transfer (automatic),8476.5,No
2252-NKNSI,Male,No,No,Yes,52,85.15,Yes,Yes,DSL,Yes,Yes,No,Yes,Yes,Yes,Two year,Yes,Mailed check,4461.85,No
8713-IGZSO,Male,No,No,No,2,24.85,Yes,Yes,No,No internet service,No internet service,No internet service,No internet service,No internet service,No internet service,Month-to-month,No,Mailed check,62.0,No
7905-TVXTA,Female,No,No,No,5,64.35,Yes,No,DSL,Yes,No,No,Yes,Yes,No,Month-to-month,Yes,Electronic check,352.65,No
7695-PKLCZ,Female,No,No,No,68,20.5,Yes,No,No,No internet service,No internet service,No internet service,No internet service,No internet service,No internet service,Two year,No,Credit card (automatic),1424.9,No
2382-BCKQJ,Female,No,No,Yes,62,100.15,Yes,Yes,Fiber optic,No,No,Yes,No,Yes,Yes,One year,Yes,Electronic check,6413.65,Yes
8374-UULRV,Male,No,No,No,72,86.05,Yes,Yes,DSL,Yes,Yes,No,Yes,Yes,Yes,Two year,No,Credit card (automatic),6309.65,No
2207-NHRJK,Male,No,No,No,1,50.8,Yes,No,DSL,No,Yes,No,No,No,No,Month-to-month,No,Electronic check,50.8,Yes
3224-DFQNQ,Female,No,Yes,No,66,89.0,Yes,Yes,Fiber optic,Yes,Yes,No,Yes,No,No,One year,No,Electronic check,5898.6,No
5275-PMFUT,Male,No,Yes,Yes,72,64.8,No,No phone service,DSL,Yes,Yes,Yes,Yes,Yes,Yes,Two year,Yes,Credit card (automatic),4719.75,No
4795-UXVCJ,Male,No,No,No,26,19.8,Yes,No,No,No internet service,No internet service,No internet service,No internet service,No internet service,No internet service,One year,No,Credit card (automatic),457.3,No
9777-IQHWP,Male,No,Yes,Yes,64,93.4,Yes,Yes,Fiber optic,Yes,No,Yes,No,No,Yes,Two year,No,Bank transfer (automatic),5822.3,No
0947-MUGVO,Male,Yes,Yes,No,20,73.65,Yes,No,Fiber optic,No,Yes,No,No,No,No,Month-to-month,Yes,Electronic check,1463.5,Yes
9944-HKVVB,Female,No,No,No,3,95.1,Yes,No,Fiber optic,No,Yes,No,No,Yes,Yes,Month-to-month,Yes,Electronic check,307.4,Yes
4124-MMETB,Male,No,No,No,22,94.65,Yes,Yes,Fiber optic,No,No,No,No,Yes,Yes,Month-to-month,Yes,Credit card (automatic),2104.55,Yes
3671-SHRSP,Male,No,Yes,No,4,80.6,Yes,No,Fiber optic,No,No,Yes,Yes,No,No,Month-to-month,Yes,Mailed check,319.15,Yes
0979-MOZQI,Male,No,Yes,No,62,39.0,No,No phone service,DSL,No,No,No,Yes,Yes,No,Two year,Yes,Bank transfer (automatic),2337.45,No
2732-ISEZX,Female,No,No,No,5,20.5,Yes,No,No,No internet service,No internet service,No internet service,No internet service,No internet service,No internet service,Month-to-month,Yes,Mailed check,104.3,No
3313-QKNKB,Male,No,Yes,No,59,85.55,Yes,Yes,Fiber optic,No,No,No,No,No,Yes,One year,No,Electronic check,5084.65,Yes
0323-XWWTN,Male,No,No,Yes,3,26.4,Yes,Yes,No,No internet service,No internet service,No internet service,No internet service,No internet service,No internet service,Two year,Yes,Mailed check,121.25,No
1937-OTUKY,Female,No,Yes,No,72,98.2,Yes,Yes,Fiber optic,Yes,No,Yes,Yes,Yes,No,Two year,Yes,Bank transfer (automatic),7015.9,No
1573-LGXBA,Male,No,Yes,Yes,57,97.55,Yes,No,Fiber optic,No,Yes,Yes,No,Yes,Yes,One year,Yes,Credit card (automatic),5598.0,No
1764-VUUMT,Male,No,No,Yes,66,19.95,Yes,No,No,No internet service,No internet service,No internet service,No internet service,No internet service,No internet service,Two year,No,Credit card (automatic),1269.1,No
5073-WXOYN,Female,No,No,No,60,50.8,No,No phone service,DSL,No,Yes,No,No,Yes,Yes,Month-to-month,Yes,Electronic check,3027.4,Yes
4713-ZBURT,Male,No,No,Yes,45,99.7,Yes,Yes,Fiber optic,No,No,Yes,No,Yes,Yes,Two year,No,Bank transfer (automatic),4634.35,No
3050-GBUSH,Female,No,No,No,3,34.8,No,No phone service,DSL,No,No,No,No,Yes,No,Month-to-month,Yes,Credit card (automatic),113.95,No
0207-MDKNV,Female,No,No,No,15,105.1,Yes,No,Fiber optic,Yes,No,Yes,Yes,Yes,Yes,Month-to-month,No,Electronic check,1582.75,Yes
7876-AEHIG,Female,No,No,Yes,51,60.15,No,No phone service,DSL,Yes,No,Yes,Yes,Yes,Yes,One year,No,Bank transfer (automatic),3077.0,No
7945-HLKEA,Female,No,No,No,60,64.75,Yes,Yes,DSL,Yes,No,Yes,Yes,No,No,One year,No,Electronic check,4039.5,No
9342-VNIMQ,Male,No,No,No,33,54.65,Yes,Yes,DSL,No,Yes,No,No,No,No,Month-to-month,Yes,Bank transfer (automatic),1665.2,No
9851-KIELU,Male,No,No,No,10,110.1,Yes,No,Fiber optic,Yes,Yes,Yes,Yes,Yes,Yes,Month-to-month,Yes,Electronic check,1043.3,Yes
3523-BRGUW,Male,Yes,No,No,26,19.3,Yes,No,No,No internet service,No internet service,No internet service,No internet service,No internet service,No internet service,One year,No,Credit card (automatic),504.2,No
3908-BLSYF,Female,No,No,No,6,83.9,Yes,No,Fiber optic,No,No,Yes,No,No,Yes,Month-to-month,No,Electronic check,497.55,Yes
3199-NPKCN,Female,No,Yes,No,67,111.25,Yes,Yes,Fiber optic,Yes,No,Yes,Yes,Yes,Yes,One year,Yes,Electronic check,7511.65,No
5170-PTRKA,Female,No,Yes,Yes,49,35.8,No,No phone service,DSL,Yes,No,No,Yes,No,No,One year,Yes,Credit card (automatic),1782.0,No
4661-NJEUX,Male,No,No,No,1,20.05,Yes,No,No,No internet service,No internet service,No internet service,No internet service,No internet service,No internet service,Month-to-month,Yes,Mailed check,20.05,No
2123-AGEEN,Female,Yes,No,No,7,84.35,Yes,No,Fiber optic,No,No,Yes,No,Yes,No,Month-to-month,Yes,Electronic check,609.65,No
1258-YMZNM,Female,Yes,No,No,27,110.5,Yes,Yes,Fiber optic,Yes,Yes,Yes,No,Yes,Yes,One year,Yes,Bank transfer (automatic),2857.6,No
0048-LUMLS,Male,No,Yes,Yes,37,91.2,Yes,No,Fiber optic,No,No,No,No,Yes,Yes,One year,No,Credit card (automatic),3247.55,No
7549-MYGPK,Female,No,Yes,Yes,63,100.55,Yes,Yes,Fiber optic,Yes,Yes,Yes,No,Yes,No,Month-to-month,Yes,Electronic check,6215.35,Yes
5898-IGSLP,Male,No,Yes,Yes,31,89.3,Yes,Yes,Fiber optic,Yes,No,Yes,Yes,No,No,Month-to-month,No,Electronic check,2823.0,No
3804-RVTGV,Male,No,Yes,Yes,50,103.85,Yes,Yes,Fiber optic,No,Yes,Yes,No,Yes,Yes,Month-to-month,Yes,Bank transfer (automatic),5017.9,Yes
6259-WJQLC,Male,Yes,No,No,32,81.1,Yes,Yes,Fiber optic,No,No,Yes,No,No,No,Month-to-month,Yes,Credit card (automatic),2619.25,No
9227-LUNBG,Female,No,No,No,1,24.6,No,No phone service,DSL,No,No,No,No,No,No,Month-to-month,No,Electronic check,24.6,Yes
7997-EASSD,Female,No,Yes,No,63,81.2,Yes,Yes,Fiber optic,No,No,No,Yes,No,No,One year,Yes,Credit card (automatic),4965.1,No
0730-KOAVE,Male,No,No,No,30,94.3,Yes,Yes,Fiber optic,Yes,Yes,No,No,No,Yes,Month-to-month,Yes,Credit card (automatic),2679.7,No
8975-SKGRX,Male,No,Yes,No,71,116.1,Yes,Yes,Fiber optic,Yes,Yes,Yes,Yes,Yes,Yes,Two year,Yes,Bank transfer (automatic),8310.55,No
0678-RLHVP,Female,No,No,No,53,105.55,Yes,Yes,Fiber optic,No,Yes,Yes,No,Yes,Yes,Two year,No,Electronic check,5682.25,No
4315-MURBD,Female,No,No,No,12,98.9,Yes,No,Fiber optic,Yes,No,No,Yes,Yes,Yes,Month-to-month,Yes,Bank transfer (automatic),1120.95,Yes
2267-FPIMA,Male,No,Yes,No,50,94.4,Yes,Yes,Fiber optic,Yes,Yes,No,No,No,Yes,Month-to-month,Yes,Credit card (automatic),4914.9,No
1051-GEJLJ,Female,No,No,No,2,19.5,Yes,No,No,No internet service,No internet service,No internet service,No internet service,No internet service,No internet service,Month-to-month,No,Mailed check,27.55,No
9734-YWGEX,Female,No,No,No,9,98.3,Yes,Yes,Fiber optic,No,No,Yes,No,Yes,Yes,Month-to-month,No,Credit card (automatic),923.5,Yes
2719-BDAQO,Male,No,No,No,17,93.85,Yes,No,Fiber optic,Yes,No,No,No,Yes,Yes,Month-to-month,No,Electronic check,1625.65,Yes
5285-MVEHD,Female,No,Yes,No,56,105.6,Yes,No,Fiber optic,Yes,Yes,Yes,No,Yes,Yes,One year,Yes,Credit card (automatic),6068.65,No
0379-DJQHR,Male,No,Yes,Yes,67,81.35,Yes,No,DSL,Yes,Yes,Yes,No,Yes,Yes,Two year,No,Credit card (automatic),5398.6,No
0781-LKXBR,Male,Yes,No,No,9,100.5,Yes,Yes,Fiber optic,No,No,Yes,No,Yes,Yes,Month-to-month,Yes,Electronic check,918.6,Yes
5543-QDCRY,Male,No,No,No,4,56.4,Yes,No,DSL,No,No,No,No,Yes,No,Month-to-month,Yes,Electronic check,234.85,No
0297-RBCSG,Male,No,No,No,19,65.35,Yes,No,DSL,No,Yes,No,Yes,No,Yes,One year,Yes,Bank transfer (automatic),1231.85,No
4694-PHWFW,Female,No,No,Yes,8,19.95,Yes,No,No,No internet service,No internet service,No internet service,No internet service,No internet service,No internet service,Month-to-month,No,Mailed check,170.9,No
0835-JKADZ,Female,No,No,No,71,111.25,Yes,Yes,Fiber optic,No,Yes,Yes,Yes,Yes,Yes,Two year,Yes,Electronic check,7984.15,No
1907-UBQFC,Male,Yes,No,No,10,72.85,Yes,No,Fiber optic,No,Yes,No,No,No,No,Month-to-month,Yes,Electronic check,688.65,Yes
7508-SMHXL,Female,Yes,No,No,15,89.0,Yes,Yes,Fiber optic,No,Yes,No,No,Yes,No,Month-to-month,No,Credit card (automatic),1288.3,No
3865-YIOTT,Male,No,Yes,Yes,72,106.1,Yes,Yes,Fiber optic,Yes,No,Yes,No,Yes,Yes,One year,Yes,Bank transfer (automatic),7848.5,No
5993-BQHEA,Male,No,No,No,12,20.05,Yes,No,No,No internet service,No internet service,No internet service,No internet service,No internet service,No internet service,One year,No,Credit card (automatic),267.0,No
6024-RUGGH,Male,No,Yes,Yes,72,25.2,Yes,Yes,No,No internet service,No internet service,No internet service,No internet service,No internet service,No internet service,Two year,Yes,Bank transfer (automatic),1798.9,No
6513-EECDB,Male,Yes,Yes,No,1,73.55,Yes,Yes,Fiber optic,No,No,No,No,No,No,Month-to-month,Yes,Electronic check,73.55,Yes
3956-CJUST,Female,Yes,No,No,23,75.4,Yes,No,Fiber optic,Yes,No,No,No,No,No,Month-to-month,Yes,Bank transfer (automatic),1643.55,No
4079-WWQQQ,Male,No,No,No,72,65.55,No,No phone service,DSL,Yes,Yes,Yes,Yes,Yes,Yes,Two year,Yes,Bank transfer (automatic),4807.45,No
6103-BOCOU,Female,No,No,No,26,80.7,Yes,Yes,Fiber optic,No,No,Yes,No,No,No,Month-to-month,Yes,Electronic check,2193.0,No
5149-TGWDZ,Female,No,No,No,21,104.55,Yes,No,Fiber optic,No,Yes,Yes,Yes,Yes,Yes,One year,Yes,Mailed check,2239.4,No
7471-WNSUF,Male,No,Yes,No,60,24.15,Yes,Yes,No,No internet service,No internet service,No internet service,No internet service,No internet service,No internet service,One year,No,Bank transfer (automatic),1505.9,No
8942-DBMHZ,Male,No,No,No,12,20.45,Yes,No,No,No internet service,No internet service,No internet service,No internet service,No internet service,No internet service,Month-to-month,No,Mailed check,255.35,No
4301-VVZKA,Male,No,Yes,No,16,75.4,Yes,Yes,Fiber optic,No,No,No,No,No,No,Month-to-month,Yes,Electronic check,1189.4,No
9199-PWQVC,Female,No,Yes,No,63,79.7,Yes,Yes,DSL,Yes,Yes,No,No,Yes,Yes,One year,Yes,Credit card (automatic),4786.15,No
4824-GUCBY,Female,Yes,No,No,22,81.7,Yes,No,Fiber optic,Yes,Yes,No,No,No,No,Month-to-month,No,Electronic check,1820.9,No
5393-HJZSM,Female,No,Yes,Yes,32,76.3,Yes,No,DSL,Yes,Yes,Yes,Yes,No,Yes,Month-to-month,No,Bank transfer (automatic),2404.15,No
7074-IEVOJ,Female,Yes,No,No,3,79.4,Yes,Yes,Fiber optic,No,Yes,No,No,No,No,Month-to-month,Yes,Electronic check,205.05,Yes
9625-QSTYE,Female,No,No,No,13,81.15,Yes,No,Fiber optic,No,Yes,Yes,No,No,No,Month-to-month,Yes,Electronic check,952.3,Yes
0862-PRCBS,Female,No,Yes,Yes,68,103.75,Yes,Yes,Fiber optic,No,Yes,No,Yes,Yes,Yes,Two year,Yes,Credit card (automatic),7039.45,No
8812-ZRHFP,Female,No,Yes,Yes,30,86.45,Yes,No,Fiber optic,No,No,Yes,No,No,Yes,One year,No,Electronic check,2538.05,No
5146-CBVOE,Female,No,No,No,16,75.1,Yes,No,Fiber optic,No,Yes,No,No,No,No,Month-to-month,No,Bank transfer (automatic),1212.85,No
0454-OKRCT,Male,No,No,No,33,80.6,Yes,No,Fiber optic,No,Yes,No,Yes,No,No,Two year,No,Bank transfer (automatic),2651.1,No
5787-KXGIY,Male,No,Yes,No,72,19.3,Yes,No,No,No internet service,No internet service,No internet service,No internet service,No internet service,No internet service,Two year,No,Credit card (automatic),1304.8,No
4750-ZRXIU,Female,Yes,No,No,4,84.6,Yes,Yes,Fiber optic,No,No,No,No,No,Yes,Month-to-month,Yes,Electronic check,360.1,Yes
4198-VFOEA,Female,No,No,No,12,33.6,No,No phone service,DSL,Yes,No,No,Yes,No,No,One year,Yes,Mailed check,435.45,No
6630-UJZMY,Female,Yes,Yes,No,4,83.25,Yes,Yes,Fiber optic,No,No,No,No,Yes,No,Month-to-month,Yes,Electronic check,308.05,No
5709-LVOEQ,Female,No,Yes,Yes,0,80.85,Yes,No,DSL,Yes,Yes,Yes,No,Yes,Yes,Two year,No,Mailed check,,No
6400-BWQKW,Female,No,No,No,6,79.05,Yes,Yes,Fiber optic,Yes,No,No,No,No,No,Month-to-month,Yes,Electronic check,434.5,Yes
2692-AQCPF,Female,No,Yes,No,65,108.05,Yes,Yes,Fiber optic,No,Yes,Yes,Yes,Yes,Yes,One year,Yes,Credit card (automatic),7118.9,No
0347-UBKUZ,Female,No,No,No,15,19.9,Yes,No,No,No internet service,No internet service,No internet service,No internet service,No internet service,No internet service,Month-to-month,No,Mailed check,320.45,No
0835-DUUIQ,Female,No,No,Yes,24,21.05,Yes,No,No,No internet service,No internet service,No internet service,No internet service,No internet service,No internet service,One year,No,Bank transfer (automatic),531.55,No
0811-GSDTP,Female,No,No,Yes,13,30.15,No,No phone service,DSL,No,Yes,No,No,No,No,Month-to-month,No,Electronic check,382.2,No
7567-ECMCM,Male,No,No,No,24,79.85,Yes,No,Fiber optic,No,No,No,No,No,Yes,Month-to-month,Yes,Credit card (automatic),2001.0,No
6115-ZTBFQ,Female,No,Yes,No,72,65.5,No,No phone service,DSL,Yes,Yes,Yes,Yes,Yes,Yes,Two year,No,Bank transfer (automatic),4919.7,No
6353-BRMMA,Female,No,Yes,Yes,54,104.1,Yes,Yes,Fiber optic,Yes,Yes,No,No,Yes,Yes,Month-to-month,Yes,Bank transfer (automatic),5645.8,No
6680-WKXRZ,Female,No,No,No,3,74.4,Yes,Yes,Fiber optic,No,No,No,No,No,No,Month-to-month,No,Bank transfer (automatic),215.8,Yes
6231-WFGFH,Male,No,Yes,Yes,4,20.5,Yes,No,No,No internet service,No internet service,No internet service,No internet service,No internet service,No internet service,Month-to-month,Yes,Mailed check,77.6,No
9904-EHEVJ,Female,Yes,Yes,Yes,32,91.35,Yes,Yes,Fiber optic,No,No,Yes,No,Yes,No,Month-to-month,Yes,Mailed check,2896.55,No
7028-DVOIQ,Male,Yes,No,No,35,99.05,Yes,Yes,Fiber optic,No,No,Yes,No,Yes,Yes,Month-to-month,Yes,Electronic check,3395.8,Yes
6169-PPETC,Male,No,Yes,Yes,35,20.5,Yes,No,No,No internet service,No internet service,No internet service,No internet service,No internet service,No internet service,Two year,No,Bank transfer (automatic),759.35,No
4208-UFFGW,Male,Yes,No,No,2,44.95,Yes,No,DSL,No,No,No,No,No,No,Month-to-month,No,Mailed check,85.15,Yes
8584-KMVXD,Female,No,No,No,8,75.6,Yes,No,Fiber optic,No,Yes,No,No,No,No,Month-to-month,No,Electronic check,535.55,No
8467-WYNSR,Male,No,No,No,22,55.1,Yes,No,DSL,Yes,No,No,Yes,No,No,Month-to-month,No,Mailed check,1253.15,No
0851-DFJKB,Female,No,No,No,15,58.95,Yes,No,DSL,Yes,No,Yes,Yes,No,No,Month-to-month,No,Electronic check,955.15,No
5382-SOYZL,Male,No,No,No,22,95.1,Yes,Yes,Fiber optic,No,No,No,No,Yes,Yes,Month-to-month,Yes,Electronic check,2162.6,No
9448-REEVD,Male,No,Yes,No,1,44.7,Yes,No,DSL,No,No,No,No,No,No,Month-to-month,No,Credit card (automatic),44.7,Yes
3261-CQXOL,Female,No,Yes,Yes,71,25.45,Yes,Yes,No,No internet service,No internet service,No internet service,No internet service,No internet service,No internet service,Two year,No,Bank transfer (automatic),1813.35,No
8388-FYNPZ,Male,No,No,No,4,56.75,Yes,No,DSL,Yes,No,Yes,No,No,No,Month-to-month,No,Electronic check,245.15,No
4002-BQWPQ,Male,No,No,No,25,81.75,Yes,Yes,DSL,Yes,Yes,Yes,Yes,No,Yes,Month-to-month,No,Bank transfer (automatic),2028.8,No
5651-YLPRD,Female,No,Yes,Yes,32,86.1,Yes,No,Fiber optic,No,Yes,No,No,Yes,No,Month-to-month,Yes,Electronic check,2723.75,No
2826-DXLQO,Male,Yes,Yes,No,7,29.8,No,No phone service,DSL,Yes,No,No,No,No,No,Month-to-month,No,Bank transfer (automatic),220.45,No
4378-BZYFP,Male,No,No,No,17,20.5,Yes,No,No,No internet service,No internet service,No internet service,No internet service,No internet service,No internet service,One year,Yes,Mailed check,365.8,No
9489-UTFKA,Male,Yes,Yes,No,8,60.9,Yes,No,DSL,Yes,No,No,No,Yes,No,Month-to-month,No,Bank transfer (automatic),551.95,No
4849-PYRLQ,Female,Yes,No,No,56,73.25,Yes,Yes,DSL,Yes,No,Yes,Yes,No,Yes,Two year,No,Bank transfer (automatic),4054.2,No
9117-SHLZX,Male,No,No,No,1,45.7,Yes,No,DSL,No,No,No,No,No,No,Month-to-month,Yes,Mailed check,45.7,Yes
9889-TMAHG,Male,Yes,No,No,8,100.3,Yes,No,Fiber optic,Yes,No,No,Yes,Yes,Yes,Month-to-month,No,Credit card (automatic),832.35,Yes
4541-RMRLG,Male,No,No,No,7,19.25,Yes,No,No,No internet service,No internet service,No internet service,No internet service,No internet service,No internet service,Month-to-month,No,Electronic check,112.3,Yes
7764-BDPEE,Male,No,No,Yes,3,20.85,Yes,No,No,No internet service,No internet service,No internet service,No internet service,No internet service,No internet service,Month-to-month,No,Mailed check,60.65,No
3429-IFLEM,Female,No,No,No,71,77.35,Yes,No,DSL,Yes,Yes,Yes,Yes,Yes,No,Two year,No,Credit card (automatic),5550.1,No
3158-MOERK,Female,No,No,No,2,96.0,Yes,Yes,Fiber optic,No,No,No,No,Yes,Yes,Month-to-month,Yes,Electronic check,174.8,Yes
7294-TMAOP,Female,No,No,No,1,90.55,Yes,No,Fiber optic,No,No,No,No,Yes,Yes,Month-to-month,No,Electronic check,90.55,Yes
5002-GCQFH,Male,No,Yes,No,49,93.85,Yes,Yes,Fiber optic,Yes,Yes,No,No,Yes,No,Month-to-month,Yes,Bank transfer (automatic),4733.1,No
0556-FJEGU,Male,No,No,No,58,70.1,Yes,No,DSL,No,Yes,Yes,Yes,Yes,No,Two year,No,Bank transfer (automatic),4048.95,No
8919-FYFQZ,Male,Yes,Yes,No,44,30.35,No,No phone service,DSL,No,Yes,No,No,No,No,Month-to-month,Yes,Electronic check,1359.7,Yes
0604-THJFP,Female,No,Yes,Yes,59,75.95,Yes,No,DSL,No,Yes,No,Yes,Yes,Yes,Two year,Yes,Credit card (automatic),4542.35,No
2834-JRTUA,Male,No,No,No,71,108.05,Yes,Yes,Fiber optic,Yes,No,Yes,Yes,Yes,Yes,Two year,Yes,Electronic check,7532.15,Yes
5875-YPQFJ,Male,No,No,No,1,69.9,Yes,No,Fiber optic,No,No,No,No,No,No,Month-to-month,Yes,Electronic check,69.9,Yes
5879-SESNB,Female,No,No,No,11,75.25,Yes,Yes,Fiber optic,No,No,No,No,No,No,Month-to-month,No,Electronic check,888.65,No
6646-QVXLR,Male,Yes,Yes,No,62,103.75,Yes,Yes,Fiber optic,No,Yes,Yes,No,Yes,Yes,One year,Yes,Electronic check,6383.35,Yes
6461-PPAXN,Female,No,Yes,Yes,35,54.95,Yes,No,DSL,Yes,No,No,Yes,No,No,One year,Yes,Bank transfer (automatic),1916.0,No
3318-ISQFQ,Female,No,No,No,20,19.5,Yes,No,No,No internet service,No internet service,No internet service,No internet service,No internet service,No internet service,Month-to-month,Yes,Bank transfer (automatic),413.0,No
1106-HRLKZ,Male,No,Yes,Yes,40,19.6,Yes,No,No,No internet service,No internet service,No internet service,No internet service,No internet service,No internet service,Two year,No,Mailed check,808.95,No
2483-XSSMZ,Female,No,No,No,39,47.85,Yes,No,DSL,Yes,No,No,No,No,No,One year,Yes,Electronic check,1886.4,No
8603-IJWDN,Male,No,No,No,1,86.6,Yes,Yes,Fiber optic,No,No,No,No,No,Yes,Month-to-month,Yes,Electronic check,86.6,Yes
8165-ZJRNM,Female,No,Yes,Yes,72,23.75,Yes,Yes,No,No internet service,No internet service,No internet service,No internet service,No internet service,No internet service,Two year,No,Bank transfer (automatic),1679.25,No
9369-XFEHK,Female,Yes,Yes,No,33,80.6,Yes,Yes,Fiber optic,No,Yes,No,No,No,No,Month-to-month,Yes,Bank transfer (automatic),2656.5,Yes
2604-XVDAM,Female,No,No,No,12,43.8,Yes,No,DSL,No,No,No,No,No,No,Month-to-month,No,Bank transfer (automatic),540.95,No
3717-OFRTN,Male,No,No,No,1,19.75,Yes,No,No,No internet service,No internet service,No internet service,No internet service,No internet service,No internet service,Month-to-month,No,Bank transfer (automatic),19.75,No
9046-JBFWA,Male,No,No,Yes,27,19.15,Yes,No,No,No internet service,No internet service,No internet service,No internet service,No internet service,No internet service,Month-to-month,No,Mailed check,537.35,No
3280-NMUVX,Male,No,Yes,Yes,34,19.6,Yes,No,No,No internet service,No internet service,No internet service,No internet service,No internet service,No internet service,One year,No,Credit card (automatic),678.8,No
1206-EHBDD,Female,No,Yes,No,56,80.3,Yes,No,Fiber optic,Yes,No,Yes,No,No,No,Two year,No,Bank transfer (automatic),4513.65,No
8361-LBRDI,Female,No,No,No,58,24.35,Yes,Yes,No,No internet service,No internet service,No internet service,No internet service,No internet service,No internet service,Two year,No,Credit card (automatic),1423.85,No
4883-KCPZJ,Female,No,Yes,Yes,22,25.25,Yes,Yes,No,No internet service,No internet service,No internet service,No internet service,No internet service,No internet service,Two year,No,Credit card (automatic),555.4,No
9108-EQPNQ,Female,No,Yes,Yes,10,26.1,Yes,Yes,No,No internet service,No internet service,No internet service,No internet service,No internet service,No internet service,Two year,No,Credit card (automatic),225.55,No
7277-KAMWT,Male,No,No,No,13,20.0,Yes,No,No,No internet service,No internet service,No internet service,No internet service,No internet service,No internet service,Two year,No,Credit card (automatic),268.45,No
3842-IYKUE,Female,No,No,No,35,85.3,Yes,Yes,Fiber optic,No,Yes,No,Yes,No,No,Month-to-month,No,Credit card (automatic),2917.5,Yes
6641-XRPSU,Female,No,No,No,34,70.0,Yes,No,Fiber optic,No,No,No,No,No,No,Month-to-month,Yes,Credit card (automatic),2416.1,Yes
1374-DMZUI,Female,Yes,No,No,4,94.3,Yes,Yes,Fiber optic,No,No,No,No,Yes,Yes,Month-to-month,Yes,Electronic check,424.45,Yes
2545-LXYVJ,Male,No,Yes,No,72,20.7,Yes,No,No,No internet service,No internet service,No internet service,No internet service,No internet service,No internet service,Two year,No,Bank transfer (automatic),1492.1,No
3234-VKACU,Male,No,No,No,2,70.3,Yes,No,DSL,No,No,No,Yes,Yes,Yes,Month-to-month,No,Electronic check,132.4,No
8357-EQXFO,Female,No,No,No,7,95.35,Yes,No,Fiber optic,No,No,Yes,No,Yes,Yes,Month-to-month,Yes,Electronic check,660.9,Yes
1989-PRJHP,Male,Yes,Yes,No,27,75.5,Yes,Yes,Fiber optic,No,No,No,No,No,No,Month-to-month,Yes,Electronic check,1893.95,Yes
8120-JDCAM,Male,No,Yes,Yes,4,69.55,Yes,No,Fiber optic,No,No,No,No,No,No,Month-to-month,Yes,Mailed check,284.9,No
8917-FAEMR,Female,No,No,No,37,19.85,Yes,No,No,No internet service,No internet service,No internet service,No internet service,No internet service,No internet service,Two year,No,Mailed check,784.25,No
7047-YXDMZ,Male,No,No,No,21,20.0,Yes,No,No,No internet service,No internet service,No internet service,No internet service,No internet service,No internet service,Month-to-month,No,Mailed check,417.7,No
2858-EIMXH,Female,Yes,Yes,No,53,95.85,Yes,Yes,Fiber optic,No,No,No,No,Yes,Yes,One year,Yes,Credit card (automatic),5016.25,No
9524-EGPJC,Female,No,No,No,18,90.1,Yes,Yes,Fiber optic,No,No,No,Yes,No,Yes,Month-to-month,Yes,Electronic check,1612.75,Yes
6993-OHLXR,Female,No,No,No,2,68.95,Yes,No,Fiber optic,No,No,No,No,No,No,Month-to-month,No,Electronic check,119.75,Yes
8818-XYFCQ,Male,No,Yes,Yes,32,99.55,Yes,Yes,Fiber optic,Yes,No,No,No,Yes,Yes,Month-to-month,Yes,Credit card (automatic),3204.65,Yes
6419-ZTTLE,Male,Yes,Yes,No,23,20.75,Yes,No,No,No internet service,No internet service,No internet service,No internet service,No internet service,No internet service,One year,Yes,Electronic check,485.2,No
0929-HYQEW,Male,No,No,No,3,50.15,Yes,No,DSL,Yes,No,No,No,No,No,Month-to-month,Yes,Mailed check,160.85,No
6614-YOLAC,Female,No,Yes,Yes,71,58.65,No,No phone service,DSL,Yes,Yes,No,Yes,Yes,Yes,Two year,No,Mailed check,4145.25,No
7426-RHZGU,Male,No,No,No,9,95.9,Yes,No,Fiber optic,No,No,No,Yes,Yes,Yes,Month-to-month,Yes,Bank transfer (automatic),827.45,No
4065-JJAVA,Female,No,No,No,1,49.5,Yes,No,DSL,No,Yes,No,No,No,No,Month-to-month,No,Electronic check,49.5,No
4695-VADHF,Male,No,Yes,Yes,18,57.45,Yes,No,DSL,No,No,Yes,No,No,Yes,Month-to-month,No,Electronic check,990.85,Yes
3863-IUBJR,Male,No,Yes,Yes,12,53.65,Yes,No,DSL,No,No,No,No,No,Yes,One year,No,Credit card (automatic),696.35,Yes
7649-SIJJF,Male,No,Yes,No,71,80.1,Yes,Yes,DSL,Yes,Yes,Yes,Yes,No,Yes,Two year,Yes,Mailed check,5585.4,No
9361-YNQWJ,Female,No,No,No,64,24.4,Yes,Yes,No,No internet service,No internet service,No internet service,No internet service,No internet service,No internet service,One year,Yes,Bank transfer (automatic),1601.2,No
3748-FVMZZ,Male,No,No,No,4,40.05,No,No phone service,DSL,No,No,No,Yes,No,Yes,Month-to-month,Yes,Electronic check,162.45,No
9391-TTOYH,Female,No,No,No,23,19.5,Yes,No,No,No internet service,No internet service,No internet service,No internet service,No internet service,No internet service,Month-to-month,Yes,Mailed check,470.2,No
1452-XRSJV,Female,No,Yes,Yes,39,51.05,Yes,No,DSL,Yes,No,No,No,No,No,Month-to-month,No,Credit card (automatic),2066.0,No
3422-WJOYD,Male,No,Yes,No,28,54.35,Yes,No,DSL,Yes,No,No,Yes,No,No,One year,No,Mailed check,1426.45,No
8242-SOQUO,Female,Yes,No,No,5,84.7,Yes,No,Fiber optic,No,Yes,No,No,Yes,No,Month-to-month,Yes,Electronic check,392.5,No
7460-ITWWP,Female,Yes,Yes,No,45,86.1,Yes,No,Fiber optic,No,No,Yes,No,No,Yes,Month-to-month,Yes,Electronic check,3861.45,No
7147-AYBAA,Male,No,No,No,37,70.35,Yes,No,Fiber optic,No,No,No,No,No,No,Month-to-month,Yes,Mailed check,2552.9,No
7868-TMWMZ,Female,Yes,Yes,No,60,110.0,Yes,No,Fiber optic,Yes,Yes,Yes,Yes,Yes,Yes,Two year,Yes,Bank transfer (automatic),6668.35,No
4822-RVYBB,Male,Yes,No,No,8,100.6,Yes,Yes,Fiber optic,No,No,Yes,No,Yes,Yes,Month-to-month,Yes,Electronic check,819.4,Yes
6732-FZUGP,Female,No,No,No,47,94.9,Yes,Yes,Fiber optic,Yes,No,Yes,No,Yes,No,One year,No,Credit card (automatic),4615.25,No
8436-BJUMM,Male,No,Yes,Yes,26,83.75,Yes,Yes,Fiber optic,No,No,No,No,Yes,No,Month-to-month,Yes,Electronic check,2070.6,Yes
4184-TJFAN,Female,Yes,Yes,Yes,3,88.3,Yes,No,Fiber optic,Yes,No,No,Yes,Yes,No,Month-to-month,Yes,Mailed check,273.75,Yes
8329-GWVPJ,Female,No,Yes,Yes,50,69.75,Yes,No,Fiber optic,No,No,No,No,No,No,Month-to-month,Yes,Bank transfer (automatic),3557.7,No
1352-VHKAJ,Male,No,Yes,Yes,27,71.6,Yes,Yes,DSL,No,No,No,Yes,Yes,Yes,Month-to-month,No,Bank transfer (automatic),1957.1,No
4145-UQXUQ,Female,Yes,No,No,8,92.1,Yes,No,Fiber optic,No,No,Yes,No,Yes,Yes,Month-to-month,Yes,Electronic check,729.95,Yes
2632-TACXW,Female,No,Yes,No,62,23.65,Yes,Yes,No,No internet service,No internet service,No internet service,No internet service,No internet service,No internet service,Two year,No,Bank transfer (automatic),1416.75,No
8146-QQKZH,Female,No,Yes,No,71,81.85,Yes,No,DSL,Yes,No,Yes,Yes,Yes,Yes,Two year,No,Bank transfer (automatic),5924.4,No
1767-CJKBA,Male,No,No,No,66,25.1,Yes,Yes,No,No internet service,No internet service,No internet service,No internet service,No internet service,No internet service,Two year,No,Mailed check,1697.7,No
6445-TNRXS,Male,No,Yes,Yes,68,114.7,Yes,Yes,Fiber optic,Yes,Yes,Yes,Yes,Yes,Yes,Two year,Yes,Bank transfer (automatic),7849.85,No
4581-LNWUM,Female,No,No,No,13,49.15,No,No phone service,DSL,No,No,Yes,No,Yes,Yes,Month-to-month,No,Electronic check,649.4,No
4869-EPIUS,Male,No,Yes,No,56,80.9,Yes,No,Fiber optic,No,No,No,No,No,Yes,One year,Yes,Electronic check,4557.5,No
9948-YPTDG,Male,No,Yes,No,38,79.45,Yes,No,Fiber optic,Yes,Yes,No,No,No,No,Month-to-month,Yes,Electronic check,3013.05,Yes
1236-WFCDV,Male,Yes,No,No,14,90.45,Yes,No,Fiber optic,No,No,No,No,Yes,Yes,Month-to-month,No,Credit card (automatic),1266.1,Yes
1915-OAKWD,Female,No,No,Yes,16,19.3,Yes,No,No,No internet service,No internet service,No internet service,No internet service,No internet service,No internet service,One year,Yes,Bank transfer (automatic),360.35,No
7296-PIXQY,Female,No,Yes,Yes,14,70.2,Yes,No,Fiber optic,No,No,No,No,No,No,Month-to-month,No,Electronic check,1046.5,No
4883-QICIH,Male,No,Yes,Yes,32,69.75,Yes,No,Fiber optic,No,No,No,No,No,No,Month-to-month,Yes,Bank transfer (automatic),2347.9,Yes
3354-OADJP,Female,No,No,No,8,54.25,Yes,No,DSL,Yes,No,No,Yes,No,No,One year,No,Bank transfer (automatic),447.75,No
3524-WQDSG,Female,No,Yes,Yes,43,99.3,Yes,Yes,Fiber optic,No,No,Yes,No,Yes,Yes,Month-to-month,Yes,Bank transfer (automatic),4209.95,No
0810-DHDBD,Female,No,No,No,52,74.0,Yes,Yes,DSL,Yes,No,Yes,Yes,Yes,No,One year,No,Credit card (automatic),3877.65,No
4026-SKKHW,Male,No,No,No,3,50.25,Yes,No,DSL,No,No,No,Yes,No,No,Month-to-month,Yes,Mailed check,152.3,No
2829-HYVZP,Male,No,No,No,29,19.8,Yes,No,No,No internet service,No internet service,No internet service,No internet service,No internet service,No internet service,One year,Yes,Mailed check,572.2,No
8329-IBCTI,Female,No,No,No,1,19.65,Yes,No,No,No internet service,No internet service,No internet service,No internet service,No internet service,No internet service,Month-to-month,No,Mailed check,19.65,Yes
1271-SJBGZ,Male,Yes,No,No,12,43.65,No,No phone service,DSL,No,No,Yes,Yes,No,Yes,Month-to-month,Yes,Electronic check,526.95,Yes
3845-JHAMY,Female,No,Yes,Yes,16,35.5,No,No phone service,DSL,No,No,No,No,No,Yes,Month-to-month,Yes,Credit card (automatic),552.7,No
7013-PSXHK,Female,No,No,No,40,80.75,Yes,Yes,DSL,No,No,Yes,Yes,Yes,Yes,One year,Yes,Mailed check,3208.65,No
5669-SRAIP,Female,No,No,No,5,39.5,No,No phone service,DSL,No,No,Yes,No,No,Yes,Month-to-month,No,Electronic check,210.75,Yes
5981-ITEMU,Male,No,Yes,No,40,97.1,Yes,Yes,Fiber optic,No,No,No,No,Yes,Yes,Month-to-month,Yes,Bank transfer (automatic),3706.95,Yes
3486-NPGST,Female,No,No,No,36,19.55,Yes,No,No,No internet service,No internet service,No internet service,No internet service,No internet service,No internet service,One year,No,Mailed check,620.75,No
6941-PMGEP,Female,No,No,No,5,80.0,Yes,No,Fiber optic,No,No,No,No,No,Yes,Month-to-month,Yes,Electronic check,412.5,Yes
1624-WOIWJ,Female,No,No,No,10,84.7,Yes,No,Fiber optic,Yes,No,No,No,Yes,No,Month-to-month,Yes,Mailed check,832.05,Yes
2074-GKOWZ,Male,No,Yes,Yes,2,89.55,Yes,No,Fiber optic,No,No,No,No,Yes,Yes,Month-to-month,Yes,Bank transfer (automatic),185.55,Yes
0376-YMCJC,Male,No,No,No,23,90.6,Yes,Yes,Fiber optic,No,No,No,Yes,Yes,No,Month-to-month,Yes,Electronic check,1943.2,Yes
6100-FJZDG,Male,No,Yes,Yes,26,20.05,Yes,No,No,No internet service,No internet service,No internet service,No internet service,No internet service,No internet service,One year,Yes,Bank transfer (automatic),505.9,No
4829-ZLJTK,Female,Yes,Yes,No,72,112.4,Yes,Yes,Fiber optic,Yes,Yes,Yes,No,Yes,Yes,Two year,Yes,Electronic check,8046.85,No
1730-VFMWO,Female,No,Yes,No,34,50.2,Yes,No,DSL,No,No,No,Yes,No,No,Month-to-month,No,Bank transfer (automatic),1815.3,No
7143-BQIBA,Male,No,No,No,10,62.25,Yes,No,DSL,Yes,No,No,Yes,Yes,No,Month-to-month,No,Bank transfer (automatic),612.95,No
3800-LYTRK,Female,No,No,No,14,55.7,Yes,No,DSL,Yes,No,No,Yes,No,No,One year,No,Mailed check,795.15,No
0634-SZPQA,Female,No,No,No,23,90.05,Yes,Yes,Fiber optic,Yes,No,No,No,Yes,No,Month-to-month,Yes,Bank transfer (automatic),2169.8,Yes
9646-NMHXE,Male,No,Yes,No,47,19.65,Yes,No,No,No internet service,No internet service,No internet service,No internet service,No internet service,No internet service,Two year,No,Mailed check,973.1,No
7030-NJVDP,Male,No,Yes,No,24,89.25,Yes,No,Fiber optic,Yes,No,No,Yes,No,Yes,Month-to-month,Yes,Electronic check,2210.2,No
5536-RTPWK,Male,No,Yes,No,49,99.05,Yes,Yes,Fiber optic,No,Yes,No,No,Yes,Yes,Month-to-month,Yes,Bank transfer (automatic),4853.75,Yes
8883-GRDWQ,Male,Yes,No,No,20,54.0,Yes,No,DSL,Yes,No,No,Yes,No,No,One year,No,Mailed check,1055.9,No
6166-ILMNY,Female,No,No,No,2,69.75,Yes,No,Fiber optic,No,No,No,No,No,No,Month-to-month,No,Bank transfer (automatic),144.55,Yes
3097-NNSPB,Female,No,No,No,2,49.05,Yes,No,DSL,No,Yes,No,No,No,No,Month-to-month,Yes,Credit card (automatic),91.1,Yes
7771-ZONAT,Male,No,No,No,22,56.75,No,No phone service,DSL,No,No,Yes,Yes,Yes,Yes,Two year,No,Bank transfer (automatic),1304.85,No
0655-RBDUG,Male,No,No,No,7,98.05,Yes,Yes,Fiber optic,No,No,Yes,No,Yes,Yes,Month-to-month,Yes,Bank transfer (automatic),713.0,Yes
2111-DWYHN,Male,No,No,No,1,21.1,Yes,No,No,No internet service,No internet service,No internet service,No internet service,No internet service,No internet service,Month-to-month,No,Mailed check,21.1,No
4194-WHFCB,Female,No,Yes,Yes,59,96.65,Yes,Yes,Fiber optic,No,Yes,No,Yes,No,Yes,Month-to-month,Yes,Bank transfer (automatic),5580.8,No
4121-AGSIN,Female,No,Yes,Yes,58,24.5,Yes,Yes,No,No internet service,No internet service,No internet service,No internet service,No internet service,No internet service,One year,Yes,Credit card (automatic),1497.9,No
4361-BKAXE,Female,No,No,No,41,114.5,Yes,Yes,Fiber optic,Yes,Yes,Yes,Yes,Yes,Yes,Month-to-month,Yes,Bank transfer (automatic),4527.45,Yes
9845-PEEKO,Female,Yes,No,No,59,79.2,Yes,Yes,Fiber optic,No,Yes,No,No,No,No,Two year,Yes,Credit card (automatic),4590.35,No
0455-XFASS,Female,No,Yes,Yes,3,69.55,Yes,No,Fiber optic,No,No,No,No,No,No,Month-to-month,Yes,Electronic check,200.2,No
0301-KOBTQ,Male,No,No,No,32,20.05,Yes,No,No,No internet service,No internet service,No internet service,No internet service,No internet service,No internet service,Two year,Yes,Bank transfer (automatic),614.45,No
1751-NCDLI,Male,Yes,Yes,No,46,98.85,Yes,Yes,Fiber optic,No,No,Yes,No,Yes,Yes,Month-to-month,Yes,Electronic check,4564.9,No
4367-NUYAO,Male,No,Yes,Yes,0,25.75,Yes,Yes,No,No internet service,No internet service,No internet service,No internet service,No internet service,No internet service,Two year,No,Mailed check,,No
9878-TNQGW,Male,No,No,No,2,80.95,Yes,No,Fiber optic,No,No,No,No,No,Yes,Month-to-month,Yes,Electronic check,171.15,Yes
9170-ARBTB,Female,No,Yes,Yes,52,19.6,Yes,No,No,No internet service,No internet service,No internet service,No internet service,No internet service,No internet service,One year,No,Credit card (automatic),1012.4,No
4441-NIHPT,Female,Yes,No,No,13,74.3,Yes,No,Fiber optic,No,No,Yes,No,No,No,Month-to-month,Yes,Electronic check,940.35,Yes
8999-BOHSE,Female,Yes,No,No,11,89.7,Yes,No,Fiber optic,No,No,No,No,Yes,Yes,Month-to-month,No,Bank transfer (automatic),1047.7,Yes
7241-AJHFS,Male,No,No,No,32,87.65,Yes,Yes,Fiber optic,Yes,No,No,Yes,No,No,Month-to-month,No,Bank transfer (automatic),2766.4,No
7029-RPUAV,Male,Yes,Yes,No,17,100.45,Yes,Yes,Fiber optic,No,No,Yes,No,Yes,Yes,Month-to-month,Yes,Credit card (automatic),1622.45,Yes
4546-FOKWR,Female,No,No,No,16,74.75,Yes,Yes,Fiber optic,No,No,No,No,No,No,Month-to-month,Yes,Credit card (automatic),1129.35,No
9036-CSKBW,Female,No,No,No,51,107.45,Yes,Yes,Fiber optic,Yes,Yes,Yes,No,Yes,Yes,One year,No,Bank transfer (automatic),5680.9,No
5832-TRLPB,Male,No,No,No,29,75.35,Yes,No,DSL,No,No,Yes,Yes,Yes,Yes,One year,Yes,Bank transfer (automatic),2243.9,No
8590-YFFQO,Male,No,Yes,No,70,64.95,Yes,No,DSL,Yes,Yes,Yes,Yes,No,No,Two year,No,Credit card (automatic),4523.25,No
8659-IOOPU,Female,No,Yes,Yes,71,100.45,Yes,Yes,Fiber optic,Yes,No,Yes,Yes,No,Yes,Two year,No,Electronic check,7159.7,No
1338-CECEE,Male,No,Yes,Yes,41,68.5,Yes,Yes,DSL,No,Yes,Yes,No,Yes,No,One year,No,Bank transfer (automatic),2839.95,No
7439-DKZTW,Male,No,No,No,1,80.55,Yes,No,Fiber optic,No,No,No,No,Yes,No,Month-to-month,Yes,Electronic check,80.55,No
4646-QZXTF,Female,No,Yes,No,7,81.25,Yes,No,DSL,Yes,No,Yes,Yes,Yes,Yes,Month-to-month,No,Bank transfer (automatic),580.1,No
4607-CHPCA,Male,No,Yes,Yes,25,90.4,Yes,No,Fiber optic,No,No,No,No,Yes,Yes,One year,Yes,Electronic check,2178.6,Yes
9742-XOKTS,Male,No,Yes,Yes,67,89.55,Yes,Yes,Fiber optic,Yes,Yes,No,Yes,No,No,One year,No,Electronic check,6038.55,No
6921-OZMFH,Male,No,Yes,Yes,5,55.7,Yes,Yes,DSL,No,No,No,Yes,No,No,Month-to-month,Yes,Mailed check,259.4,No
9578-FOMUK,Male,No,No,Yes,15,24.8,Yes,Yes,No,No internet service,No internet service,No internet service,No internet service,No internet service,No internet service,Month-to-month,Yes,Electronic check,324.15,No
4712-UYOOI,Female,No,Yes,Yes,20,20.0,Yes,No,No,No internet service,No internet service,No internet service,No internet service,No internet service,No internet service,Month-to-month,No,Electronic check,417.65,No
8824-RWFXJ,Male,No,Yes,Yes,3,56.15,Yes,No,DSL,No,Yes,Yes,No,No,No,Month-to-month,Yes,Mailed check,168.15,Yes
7722-CVFXN,Male,No,Yes,Yes,54,105.2,Yes,Yes,Fiber optic,No,Yes,No,Yes,Yes,Yes,One year,Yes,Electronic check,5637.85,No
8717-VCTXJ,Male,No,No,No,42,19.55,Yes,No,No,No internet service,No internet service,No internet service,No internet service,No internet service,No internet service,One year,Yes,Mailed check,839.4,No
7363-QTBIW,Female,No,Yes,No,9,79.75,Yes,No,Fiber optic,No,No,No,No,No,Yes,Month-to-month,Yes,Electronic check,769.1,No
4159-NAAIX,Female,No,No,No,63,97.45,Yes,Yes,Fiber optic,No,Yes,No,No,Yes,Yes,Two year,No,Bank transfer (automatic),6253.0,No
0971-QIFJK,Female,No,Yes,No,69,24.25,Yes,Yes,No,No internet service,No internet service,No internet service,No internet service,No internet service,No internet service,Two year,No,Bank transfer (automatic),1641.8,No
9397-TZSHA,Female,No,No,No,69,24.6,Yes,Yes,No,No internet service,No internet service,No internet service,No internet service,No internet service,No internet service,Two year,No,Credit card (automatic),1678.05,No
3391-JSQEW,Male,No,Yes,No,40,50.15,Yes,No,DSL,No,Yes,No,No,No,No,Month-to-month,Yes,Mailed check,2058.5,No
0343-QLUZP,Male,No,No,No,60,39.6,No,No phone service,DSL,Yes,Yes,Yes,No,No,No,Two year,No,Bank transfer (automatic),2424.5,No
9763-PDTKK,Female,No,No,No,4,94.4,Yes,No,Fiber optic,Yes,No,Yes,Yes,No,Yes,Month-to-month,Yes,Bank transfer (automatic),387.2,Yes
2176-LVPNX,Female,Yes,No,No,71,89.85,Yes,Yes,DSL,Yes,Yes,Yes,Yes,Yes,Yes,Two year,No,Mailed check,6293.45,No
7627-JKIAZ,Female,No,Yes,No,37,78.95,Yes,Yes,Fiber optic,No,No,Yes,No,No,No,Month-to-month,Yes,Credit card (automatic),2839.65,Yes
3312-UUMZW,Male,No,Yes,No,32,98.85,Yes,Yes,Fiber optic,No,Yes,No,No,Yes,Yes,Month-to-month,Yes,Credit card (automatic),3145.9,No
1271-UODNO,Male,No,No,No,39,53.85,Yes,Yes,DSL,No,No,No,Yes,No,No,Two year,Yes,Credit card (automatic),2200.7,No
8461-EFQYM,Female,No,No,No,38,24.25,Yes,Yes,No,No internet service,No internet service,No internet service,No internet service,No internet service,No internet service,One year,Yes,Electronic check,914.4,No
6900-RBKER,Male,No,No,No,52,89.45,Yes,Yes,Fiber optic,No,No,Yes,No,No,Yes,Two year,Yes,Credit card (automatic),4577.75,No
6891-JPYFF,Female,No,Yes,Yes,48,105.25,Yes,Yes,Fiber optic,Yes,Yes,No,No,Yes,Yes,Month-to-month,Yes,Credit card (automatic),4997.5,No
1459-QNFQT,Male,No,Yes,Yes,70,59.5,No,No phone service,DSL,Yes,No,Yes,Yes,Yes,Yes,Two year,No,Bank transfer (automatic),4144.8,No
1047-NNCBF,Male,No,No,No,20,70.55,Yes,No,Fiber optic,No,No,No,No,No,No,Month-to-month,No,Credit card (automatic),1493.55,No
3696-XRIEN,Female,No,No,No,50,82.5,Yes,Yes,DSL,Yes,No,Yes,Yes,Yes,Yes,One year,Yes,Credit card (automatic),4179.1,No
4081-DYXAV,Female,No,No,No,19,44.85,No,No phone service,DSL,No,No,No,No,Yes,Yes,One year,Yes,Credit card (automatic),893.55,Yes
0074-HDKDG,Male,No,Yes,Yes,25,61.6,Yes,No,DSL,Yes,Yes,Yes,No,No,No,One year,Yes,Bank transfer (automatic),1611.0,No
8791-GFXLZ,Male,No,No,No,12,49.05,Yes,No,DSL,No,Yes,No,No,No,No,Month-to-month,Yes,Bank transfer (automatic),593.05,No
8111-SLLHI,Male,Yes,Yes,No,39,105.65,Yes,Yes,Fiber optic,No,Yes,Yes,No,Yes,Yes,Month-to-month,Yes,Electronic check,4284.8,Yes
0927-LCSMG,Male,No,No,No,7,74.65,Yes,No,Fiber optic,No,No,Yes,No,No,No,Month-to-month,No,Mailed check,544.55,Yes
9330-DHBFL,Female,No,Yes,Yes,23,66.25,Yes,No,DSL,Yes,Yes,Yes,Yes,No,No,One year,Yes,Mailed check,1533.8,No
0098-BOWSO,Male,No,No,No,27,19.4,Yes,No,No,No internet service,No internet service,No internet service,No internet service,No internet service,No internet service,Month-to-month,Yes,Electronic check,529.8,No
3452-ABWRL,Male,Yes,No,No,47,86.05,Yes,Yes,Fiber optic,No,No,No,No,Yes,No,Month-to-month,Yes,Credit card (automatic),3865.6,No
5859-HZYLF,Male,No,Yes,Yes,26,19.15,Yes,No,No,No internet service,No internet service,No internet service,No internet service,No internet service,No internet service,Two year,Yes,Credit card (automatic),515.75,No
8257-RZAHR,Female,No,Yes,No,14,64.7,Yes,Yes,DSL,Yes,No,No,No,Yes,No,Month-to-month,Yes,Bank transfer (automatic),941.0,Yes
5293-WXJAK,Female,Yes,Yes,No,11,104.05,Yes,Yes,Fiber optic,No,No,Yes,Yes,Yes,Yes,Month-to-month,Yes,Bank transfer (automatic),1133.65,Yes
3156-QLHBO,Male,No,No,Yes,2,19.25,Yes,No,No,No internet service,No internet service,No internet service,No internet service,No internet service,No internet service,Month-to-month,No,Mailed check,48.35,No
2208-NQBCT,Female,No,Yes,Yes,26,81.95,Yes,No,Fiber optic,Yes,Yes,No,No,No,No,Month-to-month,No,Electronic check,2070.05,No
1779-PWPMG,Female,Yes,Yes,No,72,114.65,Yes,Yes,Fiber optic,Yes,Yes,Yes,Yes,Yes,Yes,Two year,Yes,Bank transfer (automatic),8333.95,No
6621-NRZAK,Female,No,Yes,Yes,63,20.0,Yes,No,No,No internet service,No internet service,No internet service,No internet service,No internet service,No internet service,Two year,No,Credit card (automatic),1209.25,No
0831-JNISG,Male,No,Yes,Yes,71,19.8,Yes,No,No,No internet service,No internet service,No internet service,No internet service,No internet service,No internet service,Two year,No,Mailed check,1396.25,No
0774-IFUVM,Male,No,Yes,Yes,11,65.15,Yes,Yes,DSL,Yes,No,No,No,Yes,No,Month-to-month,Yes,Bank transfer (automatic),723.35,No
3082-WQRVY,Male,Yes,Yes,No,14,19.65,Yes,No,No,No internet service,No internet service,No internet service,No internet service,No internet service,No internet service,One year,No,Mailed check,228.65,No
9553-DLCLU,Female,No,No,Yes,13,88.95,Yes,Yes,DSL,Yes,Yes,Yes,Yes,Yes,Yes,Two year,No,Credit card (automatic),1161.75,No
1641-BYBTK,Male,No,No,Yes,6,20.2,Yes,No,No,No internet service,No internet service,No internet service,No internet service,No internet service,No internet service,Month-to-month,Yes,Mailed check,98.35,No
2460-NGXBJ,Male,Yes,Yes,Yes,11,75.2,Yes,Yes,Fiber optic,No,No,No,No,No,No,Month-to-month,Yes,Credit card (automatic),775.3,No
2446-ZKVAF,Male,No,Yes,No,18,56.8,Yes,Yes,DSL,No,Yes,No,No,No,No,Month-to-month,No,Credit card (automatic),1074.65,No
0841-NULXI,Male,No,No,No,1,35.55,No,No phone service,DSL,No,No,No,No,No,Yes,Month-to-month,Yes,Electronic check,35.55,Yes
3522-CDKHF,Female,No,Yes,No,32,75.5,Yes,No,Fiber optic,Yes,No,No,No,No,No,Month-to-month,Yes,Bank transfer (automatic),2324.7,No
1430-SFQSA,Male,No,No,No,29,35.6,No,No phone service,DSL,Yes,No,No,Yes,No,No,One year,No,Mailed check,1072.6,No
0411-EZJZE,Female,No,No,No,3,60.25,Yes,Yes,DSL,No,No,No,No,Yes,No,Month-to-month,Yes,Electronic check,170.5,No
7851-WZEKY,Female,No,No,No,2,95.15,Yes,Yes,Fiber optic,No,No,No,No,Yes,Yes,Month-to-month,Yes,Electronic check,196.9,Yes
8844-TONUD,Male,No,Yes,Yes,13,96.65,Yes,No,Fiber optic,No,No,Yes,No,Yes,Yes,Month-to-month,Yes,Mailed check,1162.85,Yes
8807-ARQET,Female,No,No,No,41,40.35,No,No phone service,DSL,No,Yes,No,No,No,Yes,Month-to-month,Yes,Electronic check,1677.85,No
8992-CEUEN,Female,No,No,No,1,18.85,Yes,No,No,No internet service,No internet service,No internet service,No internet service,No internet service,No internet service,Month-to-month,No,Electronic check,18.85,No
4320-QMLLA,Male,No,No,No,7,54.85,Yes,No,DSL,No,No,No,No,Yes,No,Month-to-month,No,Mailed check,370.4,No
8777-PVYGU,Female,No,Yes,No,52,64.3,Yes,No,DSL,Yes,No,Yes,No,Yes,No,One year,Yes,Mailed check,3410.6,No
8292-ITGYJ,Female,No,Yes,Yes,45,24.65,Yes,Yes,No,No internet service,No internet service,No internet service,No internet service,No internet service,No internet service,Two year,Yes,Bank transfer (automatic),1138.8,No
6870-ZWMNX,Male,No,Yes,No,70,76.1,Yes,Yes,DSL,No,Yes,Yes,Yes,Yes,No,Two year,No,Credit card (automatic),5264.25,No
0621-CXBKL,Female,No,No,No,53,18.7,Yes,No,No,No internet service,No internet service,No internet service,No internet service,No internet service,No internet service,Two year,No,Mailed check,1005.7,No
5268-DSMNQ,Female,Yes,Yes,No,62,97.95,Yes,Yes,Fiber optic,No,Yes,Yes,No,Yes,No,One year,Yes,Credit card (automatic),5936.55,No
5334-JLAXU,Female,No,Yes,No,60,94.1,Yes,Yes,Fiber optic,Yes,Yes,No,No,No,Yes,Month-to-month,Yes,Credit card (automatic),5475.9,No
4086-YQSNZ,Female,Yes,Yes,No,3,80.4,Yes,No,Fiber optic,No,No,No,No,Yes,No,Month-to-month,Yes,Electronic check,224.05,Yes
6242-MBHPK,Female,Yes,Yes,No,23,95.1,Yes,No,Fiber optic,Yes,No,No,No,Yes,Yes,Month-to-month,Yes,Electronic check,2326.05,No
5868-CZJDR,Male,No,No,Yes,1,31.35,No,No phone service,DSL,No,Yes,No,No,No,No,Month-to-month,Yes,Mailed check,31.35,Yes
9359-UGBTK,Female,No,No,No,67,72.35,Yes,No,DSL,Yes,No,Yes,Yes,No,Yes,One year,Yes,Bank transfer (automatic),4991.5,No
0135-NMXAP,Female,No,No,No,12,89.75,Yes,Yes,Fiber optic,No,Yes,No,No,Yes,No,Month-to-month,Yes,Bank transfer (automatic),1052.4,Yes
4782-OSFXZ,Female,Yes,Yes,No,71,82.7,Yes,Yes,DSL,Yes,Yes,Yes,Yes,No,Yes,Two year,Yes,Bank transfer (automatic),5831.2,No
6479-OAUSD,Male,No,No,No,25,19.9,Yes,No,No,No internet service,No internet service,No internet service,No internet service,No internet service,No internet service,One year,No,Credit card (automatic),510.8,No
7129-ACFOG,Female,No,No,No,5,53.8,Yes,Yes,DSL,Yes,No,No,No,No,No,Month-to-month,Yes,Electronic check,283.95,No
4189-NAKJS,Male,No,No,No,26,51.55,Yes,Yes,DSL,No,No,No,No,No,No,One year,Yes,Credit card (automatic),1295.4,No
5562-BETPV,Male,No,Yes,Yes,1,19.65,Yes,No,No,No internet service,No internet service,No internet service,No internet service,No internet service,No internet service,One year,No,Mailed check,19.65,No
1282-IHQAC,Male,Yes,No,No,70,44.05,No,No phone service,DSL,No,Yes,Yes,No,Yes,No,One year,Yes,Credit card (automatic),3011.65,No
9127-FHJBZ,Male,No,Yes,Yes,72,114.0,Yes,Yes,Fiber optic,Yes,Yes,Yes,Yes,Yes,Yes,Two year,Yes,Electronic check,8093.15,No
6270-OMFIW,Male,No,Yes,No,60,94.4,Yes,No,Fiber optic,No,Yes,No,No,Yes,Yes,One year,Yes,Electronic check,5610.25,Yes
1641-RQDAY,Female,Yes,Yes,Yes,32,100.4,Yes,Yes,Fiber optic,No,Yes,No,No,Yes,Yes,Month-to-month,Yes,Electronic check,3217.65,No
0107-WESLM,Male,No,No,No,1,19.85,Yes,No,No,No internet service,No internet service,No internet service,No internet service,No internet service,No internet service,Month-to-month,Yes,Electronic check,19.85,Yes
6994-ORCWG,Female,No,No,No,14,54.25,Yes,Yes,DSL,No,Yes,No,No,No,No,One year,Yes,Mailed check,773.2,No
1346-UFHAX,Female,No,No,No,13,80.0,Yes,Yes,Fiber optic,Yes,No,No,No,No,No,Month-to-month,Yes,Credit card (automatic),1029.35,No
3992-YWPKO,Female,No,No,No,6,109.9,Yes,Yes,Fiber optic,No,Yes,Yes,Yes,Yes,Yes,Month-to-month,Yes,Credit card (automatic),669.45,Yes
2933-XEUJM,Female,No,No,No,46,79.2,Yes,Yes,DSL,Yes,No,Yes,No,Yes,Yes,Two year,No,Mailed check,3593.8,No
0125-LZQXK,Male,No,No,No,15,101.35,Yes,No,Fiber optic,No,No,Yes,Yes,Yes,Yes,Month-to-month,Yes,Electronic check,1553.95,Yes
5461-QKNTN,Male,Yes,Yes,No,43,94.3,Yes,Yes,Fiber optic,No,Yes,No,Yes,Yes,No,Month-to-month,Yes,Electronic check,3953.15,No
4835-YSJMR,Male,No,No,No,39,49.8,Yes,No,DSL,No,No,No,Yes,No,No,Two year,Yes,Bank transfer (automatic),1971.15,No
8399-YNDCH,Male,Yes,No,No,21,60.05,Yes,No,DSL,No,No,Yes,No,Yes,No,Month-to-month,Yes,Bank transfer (automatic),1236.15,Yes
3164-YAXFY,Male,No,No,No,57,53.75,No,No phone service,DSL,Yes,No,Yes,No,Yes,Yes,Month-to-month,Yes,Electronic check,3196.0,No
0887-WBJVH,Female,No,Yes,No,53,93.45,Yes,No,Fiber optic,No,No,No,Yes,Yes,Yes,One year,Yes,Electronic check,4872.2,No
4660-IRIBM,Male,No,Yes,Yes,18,87.9,Yes,No,Fiber optic,Yes,No,Yes,No,Yes,No,Month-to-month,Yes,Mailed check,1500.5,No
5673-FSSMF,Female,No,No,No,1,60.15,Yes,Yes,DSL,No,No,No,No,No,Yes,Month-to-month,Yes,Electronic check,60.15,Yes
7670-ZBPOQ,Female,No,Yes,No,58,61.05,Yes,Yes,DSL,Yes,No,No,Yes,No,No,One year,Yes,Bank transfer (automatic),3478.75,No
8089-UZWLX,Female,Yes,No,No,71,104.05,Yes,Yes,Fiber optic,No,No,Yes,No,Yes,Yes,Two year,No,Bank transfer (automatic),7413.55,No
0080-OROZO,Female,No,No,No,35,99.25,Yes,No,Fiber optic,No,No,Yes,Yes,Yes,Yes,One year,Yes,Electronic check,3532.0,No
3916-NRPAP,Male,No,No,No,3,85.7,Yes,No,Fiber optic,No,No,Yes,No,No,Yes,Month-to-month,No,Credit card (automatic),256.75,No
6807-SIWJI,Male,No,No,No,38,104.85,Yes,Yes,Fiber optic,Yes,Yes,No,No,Yes,Yes,One year,Yes,Electronic check,3887.25,No
8221-HVAYI,Male,No,Yes,Yes,35,69.15,Yes,Yes,DSL,Yes,Yes,Yes,Yes,No,No,Two year,Yes,Credit card (automatic),2490.15,No
1579-KLYDT,Male,No,No,No,7,90.45,Yes,Yes,Fiber optic,No,No,Yes,No,Yes,No,Month-to-month,Yes,Electronic check,593.45,Yes
5232-NXPAY,Female,No,No,No,47,74.45,Yes,No,DSL,No,No,Yes,Yes,Yes,Yes,Two year,No,Mailed check,3510.3,No
8967-SZQAS,Female,No,No,No,14,50.45,Yes,No,DSL,No,Yes,No,No,No,No,Month-to-month,No,Electronic check,765.45,No
4468-KAZHE,Female,Yes,Yes,No,20,60.0,Yes,No,DSL,No,Yes,No,No,No,Yes,Month-to-month,Yes,Electronic check,1259.35,No
0455-ENTCR,Male,No,Yes,No,66,85.25,Yes,Yes,DSL,Yes,Yes,No,Yes,Yes,Yes,Two year,No,Electronic check,5538.35,No
8944-AILEF,Male,No,Yes,No,15,19.45,Yes,No,No,No internet service,No internet service,No internet service,No internet service,No internet service,No internet service,Month-to-month,Yes,Credit card (automatic),340.85,No
5542-NKVRU,Female,No,No,No,42,20.75,Yes,No,No,No internet service,No internet service,No internet service,No internet service,No internet service,No internet service,Two year,Yes,Bank transfer (automatic),844.45,No
7126-RBHSD,Female,No,Yes,No,17,78.9,Yes,Yes,Fiber optic,Yes,No,No,No,No,No,Month-to-month,No,Electronic check,1348.95,No
5370-IIVVL,Male,No,No,No,37,104.5,Yes,Yes,Fiber optic,No,Yes,No,Yes,Yes,Yes,One year,Yes,Credit card (automatic),3778.0,No
6789-HJBWG,Female,No,No,No,12,49.4,Yes,No,DSL,No,Yes,No,No,No,No,Month-to-month,Yes,Electronic check,611.65,No
3927-NLNRY,Male,No,Yes,No,53,94.25,Yes,No,Fiber optic,No,Yes,No,No,Yes,Yes,One year,Yes,Bank transfer (automatic),4867.95,Yes
9087-EYCPR,Female,No,No,No,60,25.0,Yes,Yes,No,No internet service,No internet service,No internet service,No internet service,No internet service,No internet service,Two year,No,Mailed check,1505.05,No
6791-YBNAK,Male,No,Yes,Yes,18,25.55,No,No phone service,DSL,No,No,No,No,No,No,Month-to-month,No,Credit card (automatic),467.85,No
6358-LYNGM,Male,No,No,No,1,74.9,Yes,Yes,Fiber optic,No,No,No,No,No,No,Month-to-month,Yes,Electronic check,74.9,Yes
6077-BDPXA,Female,No,No,No,3,70.15,Yes,No,Fiber optic,No,No,No,No,No,No,Month-to-month,Yes,Electronic check,194.2,No
0013-MHZWF,Female,No,No,Yes,9,69.4,Yes,No,DSL,No,No,No,Yes,Yes,Yes,Month-to-month,Yes,Credit card (automatic),571.45,No
5494-HECPR,Female,No,No,No,1,80.25,Yes,No,Fiber optic,No,No,No,No,Yes,No,Month-to-month,Yes,Electronic check,80.25,Yes
8268-YDIXR,Male,No,Yes,No,56,93.15,Yes,Yes,Fiber optic,Yes,Yes,Yes,No,No,No,One year,Yes,Electronic check,5253.95,No
9824-BEMCV,Male,No,Yes,Yes,17,69.0,Yes,No,Fiber optic,No,No,No,No,No,No,Month-to-month,Yes,Electronic check,1149.65,Yes
1373-ORVIZ,Female,No,Yes,Yes,11,66.35,Yes,Yes,DSL,No,No,No,Yes,No,Yes,Month-to-month,Yes,Electronic check,740.8,Yes
4291-SHSBH,Male,No,No,No,7,69.55,Yes,No,Fiber optic,No,No,No,No,No,No,Month-to-month,Yes,Electronic check,521.35,No
6980-IMXXE,Female,No,Yes,Yes,69,20.2,Yes,No,No,No internet service,No internet service,No internet service,No internet service,No internet service,No internet service,Two year,No,Bank transfer (automatic),1412.65,No
9866-QEVEE,Male,No,No,No,19,86.0,Yes,Yes,Fiber optic,No,No,No,No,No,Yes,Month-to-month,Yes,Bank transfer (automatic),1532.45,Yes
9897-KXHCM,Female,No,Yes,Yes,3,80.3,Yes,No,Fiber optic,No,No,No,No,No,Yes,Month-to-month,Yes,Electronic check,250.05,Yes
0040-HALCW,Male,No,Yes,Yes,54,20.4,Yes,No,No,No internet service,No internet service,No internet service,No internet service,No internet service,No internet service,Two year,No,Credit card (automatic),1090.6,No
0784-GTUUK,Male,No,Yes,No,62,23.75,Yes,Yes,No,No internet service,No internet service,No internet service,No internet service,No internet service,No internet service,One year,Yes,Credit card (automatic),1446.8,No
7979-CORPM,Male,No,No,No,24,90.55,Yes,Yes,Fiber optic,No,Yes,No,No,Yes,No,Month-to-month,Yes,Credit card (automatic),2282.55,Yes
2294-DMMUS,Female,No,Yes,Yes,62,70.45,Yes,Yes,DSL,No,No,No,No,Yes,Yes,Month-to-month,Yes,Credit card (automatic),4300.45,No
0872-JCPIB,Male,No,No,No,17,65.75,Yes,Yes,DSL,Yes,No,No,No,No,Yes,Month-to-month,No,Bank transfer (automatic),1111.2,No
3055-MJDSB,Male,No,No,No,9,24.6,No,No phone service,DSL,No,No,No,No,No,No,Month-to-month,Yes,Mailed check,190.1,No
9091-WTUUY,Male,No,Yes,Yes,64,69.25,Yes,No,DSL,Yes,No,Yes,Yes,Yes,No,Two year,No,Mailed check,4447.75,No
1618-CFHME,Female,No,No,No,2,75.9,Yes,Yes,Fiber optic,No,No,No,No,No,No,Month-to-month,Yes,Electronic check,143.35,Yes
3165-HDOEW,Male,No,Yes,Yes,1,45.85,Yes,No,DSL,No,No,No,No,No,No,Month-to-month,Yes,Mailed check,45.85,Yes
6581-NQCBA,Female,No,Yes,No,16,49.95,No,No phone service,DSL,No,No,No,Yes,Yes,Yes,Month-to-month,Yes,Electronic check,810.2,Yes
7115-IRDHS,Female,No,Yes,No,72,24.65,Yes,Yes,No,No internet service,No internet service,No internet service,No internet service,No internet service,No internet service,Two year,No,Bank transfer (automatic),1830.05,No
8496-DMZUK,Male,No,No,No,30,90.4,Yes,Yes,Fiber optic,Yes,Yes,Yes,No,No,No,One year,No,Bank transfer (automatic),2820.65,No
2040-VZIKE,Female,No,Yes,No,49,100.85,Yes,Yes,Fiber optic,Yes,No,No,No,Yes,Yes,Month-to-month,Yes,Mailed check,4847.35,No
9068-VPWQQ,Male,No,Yes,No,61,75.35,Yes,Yes,DSL,Yes,No,Yes,Yes,No,Yes,Two year,No,Credit card (automatic),4729.3,No
0178-SZBHO,Male,No,Yes,Yes,47,87.2,Yes,Yes,Fiber optic,No,Yes,No,No,Yes,No,Month-to-month,No,Electronic check,4017.45,No
0384-RVBPI,Male,No,No,No,20,64.4,Yes,No,DSL,Yes,No,Yes,No,No,Yes,Month-to-month,No,Credit card (automatic),1398.6,No
1689-MRZQR,Male,No,Yes,Yes,34,78.3,Yes,No,Fiber optic,No,No,No,No,Yes,No,Month-to-month,No,Electronic check,2564.3,Yes
1299-AURJA,Female,No,Yes,Yes,70,24.7,Yes,Yes,No,No internet service,No internet service,No internet service,No internet service,No internet service,No internet service,Two year,No,Bank transfer (automatic),1685.9,No
4525-VZCZG,Male,No,No,Yes,54,105.85,Yes,No,Fiber optic,Yes,Yes,No,Yes,Yes,Yes,One year,Yes,Electronic check,5826.65,No
1543-LLLFT,Male,Yes,Yes,No,61,98.3,Yes,Yes,Fiber optic,No,Yes,Yes,Yes,Yes,No,One year,Yes,Mailed check,6066.55,No
5835-BEQEU,Male,No,No,No,3,76.95,Yes,Yes,Fiber optic,No,No,No,No,No,No,Month-to-month,Yes,Electronic check,228.4,Yes
2788-CJQAQ,Male,No,No,No,13,19.45,Yes,No,No,No internet service,No internet service,No internet service,No internet service,No internet service,No internet service,One year,No,Mailed check,270.2,No
5565-FILXA,Female,Yes,No,No,16,96.15,Yes,Yes,Fiber optic,No,No,No,No,Yes,Yes,Month-to-month,Yes,Electronic check,1529.2,Yes
0319-QZTCO,Female,No,Yes,Yes,3,58.7,Yes,No,DSL,No,Yes,No,No,Yes,No,Month-to-month,Yes,Credit card (automatic),168.6,No
2120-SMPEX,Male,No,No,No,25,20.15,Yes,No,No,No internet service,No internet service,No internet service,No internet service,No internet service,No internet service,Month-to-month,Yes,Mailed check,536.35,No
0096-FCPUF,Male,No,No,No,30,64.5,Yes,Yes,DSL,Yes,No,No,No,No,Yes,Month-to-month,Yes,Mailed check,1888.45,No
0668-OGMHD,Female,No,Yes,No,21,28.5,No,No phone service,DSL,Yes,No,No,No,No,No,Month-to-month,No,Electronic check,629.35,No
5552-ZNFSJ,Male,No,No,No,1,45.3,Yes,No,DSL,No,No,No,No,No,No,Month-to-month,No,Electronic check,45.3,Yes
2223-KAGMX,Female,No,No,No,15,19.4,Yes,No,No,No internet service,No internet service,No internet service,No internet service,No internet service,No internet service,Month-to-month,No,Bank transfer (automatic),289.3,Yes
6507-ZJSUR,Male,Yes,Yes,No,23,90.45,Yes,No,Fiber optic,No,No,No,No,Yes,Yes,Month-to-month,Yes,Electronic check,2117.25,No
9408-HRXRK,Female,No,Yes,Yes,45,105.15,Yes,Yes,Fiber optic,Yes,Yes,No,No,Yes,Yes,Month-to-month,Yes,Electronic check,4730.9,No
5593-SUAOO,Female,No,Yes,Yes,24,83.15,Yes,Yes,Fiber optic,No,Yes,Yes,No,No,No,One year,No,Bank transfer (automatic),2033.05,No
7321-PKUYW,Female,No,No,No,11,90.15,Yes,Yes,Fiber optic,No,No,No,Yes,Yes,No,Month-to-month,No,Electronic check,987.95,Yes
2833-SLKDQ,Male,No,No,No,1,45.05,Yes,No,DSL,No,No,No,No,No,No,Month-to-month,No,Mailed check,45.05,Yes
6766-HFKLA,Female,No,Yes,No,56,103.2,Yes,Yes,Fiber optic,No,No,Yes,Yes,Yes,Yes,Two year,No,Bank transfer (automatic),5744.35,No
7595-EUIVN,Female,No,No,No,1,75.8,Yes,No,Fiber optic,No,Yes,No,No,No,No,Month-to-month,No,Electronic check,75.8,Yes
7617-EYGLW,Male,No,No,No,1,19.45,Yes,No,No,No internet service,No internet service,No internet service,No internet service,No internet service,No internet service,Month-to-month,No,Electronic check,19.45,No
2026-TGDHM,Female,No,No,No,7,79.3,Yes,No,Fiber optic,No,No,No,No,No,Yes,Month-to-month,Yes,Electronic check,523.15,Yes
9220-ZNKJI,Female,Yes,Yes,No,55,88.8,Yes,No,Fiber optic,No,No,Yes,Yes,Yes,No,Two year,No,Credit card (automatic),4805.3,No
4030-VPZBD,Female,No,No,No,2,30.9,No,No phone service,DSL,No,No,No,Yes,No,No,Month-to-month,Yes,Electronic check,59.05,Yes
2226-ICFDO,Female,No,Yes,Yes,72,85.9,Yes,Yes,DSL,Yes,No,Yes,Yes,Yes,Yes,Two year,Yes,Credit card (automatic),6110.75,No
0723-VSOBE,Female,Yes,No,No,45,34.2,No,No phone service,DSL,No,No,No,No,No,Yes,One year,No,Electronic check,1596.6,No
5529-GIBVH,Female,No,No,No,47,20.15,Yes,No,No,No internet service,No internet service,No internet service,No internet service,No internet service,No internet service,Two year,No,Mailed check,1046.2,No
4187-CINZD,Female,Yes,No,No,46,95.25,Yes,No,Fiber optic,No,Yes,No,No,Yes,Yes,One year,No,Credit card (automatic),4424.2,Yes
9992-UJOEL,Male,No,No,No,2,50.3,Yes,No,DSL,No,Yes,No,No,No,No,Month-to-month,Yes,Mailed check,92.75,No
4741-WWJQZ,Female,No,Yes,No,2,80.15,Yes,No,Fiber optic,Yes,No,No,Yes,No,No,Month-to-month,Yes,Electronic check,194.55,No
6625-UTXEW,Female,No,Yes,No,12,51.25,Yes,No,DSL,No,Yes,No,No,No,No,Month-to-month,Yes,Electronic check,612.1,No
6818-WOBHJ,Female,Yes,Yes,No,68,89.6,Yes,Yes,Fiber optic,No,Yes,No,No,No,Yes,Month-to-month,Yes,Bank transfer (automatic),6127.6,Yes
6244-BESBM,Male,No,Yes,Yes,69,95.2,Yes,No,Fiber optic,No,No,No,Yes,Yes,Yes,Two year,Yes,Credit card (automatic),6671.7,No
1004-NOZNR,Male,Yes,No,Yes,56,94.8,Yes,No,Fiber optic,Yes,No,No,No,Yes,Yes,One year,No,Credit card (automatic),5264.3,No
1251-STYSZ,Female,Yes,No,No,4,80.25,Yes,Yes,Fiber optic,Yes,No,No,No,No,No,Month-to-month,Yes,Electronic check,303.7,No
2612-PHGOX,Male,No,Yes,No,64,76.1,Yes,Yes,DSL,No,Yes,Yes,Yes,Yes,No,Two year,Yes,Bank transfer (automatic),4818.8,No
2408-TZMJL,Male,No,Yes,No,59,110.15,Yes,Yes,Fiber optic,Yes,Yes,Yes,No,Yes,Yes,One year,Yes,Electronic check,6448.05,Yes
8480-PPONV,Male,No,Yes,Yes,62,115.55,Yes,Yes,Fiber optic,Yes,Yes,Yes,Yes,Yes,Yes,Two year,No,Bank transfer (automatic),7159.05,No
8780-IHCRN,Male,No,Yes,Yes,63,24.65,Yes,Yes,No,No internet service,No internet service,No internet service,No internet service,No internet service,No internet service,Two year,No,Credit card (automatic),1574.5,No
4598-ZADCK,Female,No,No,No,53,53.6,No,No phone service,DSL,Yes,Yes,Yes,Yes,Yes,No,One year,Yes,Electronic check,2879.2,No
1257-SXUXQ,Male,No,Yes,Yes,5,19.45,Yes,No,No,No internet service,No internet service,No internet service,No internet service,No internet service,No internet service,Month-to-month,No,Mailed check,86.05,No
9681-KYGYB,Male,Yes,Yes,No,49,88.2,Yes,Yes,Fiber optic,Yes,Yes,Yes,No,No,No,Month-to-month,Yes,Electronic check,4159.45,No
7182-OVLBJ,Female,No,Yes,Yes,62,101.15,Yes,Yes,Fiber optic,Yes,No,No,No,Yes,Yes,Two year,Yes,Bank transfer (automatic),6638.35,No
5095-ETBRJ,Female,No,Yes,No,55,56.8,Yes,No,DSL,Yes,Yes,No,Yes,No,No,Two year,No,Mailed check,3112.05,No
7005-CYUIL,Female,Yes,Yes,No,71,99.4,Yes,No,Fiber optic,Yes,Yes,Yes,Yes,Yes,No,Two year,Yes,Electronic check,7168.25,No
4821-WQOYN,Female,No,Yes,Yes,72,20.1,Yes,No,No,No internet service,No internet service,No internet service,No internet service,No internet service,No internet service,Two year,Yes,Credit card (automatic),1326.25,No
4730-AWNAU,Male,No,Yes,Yes,36,60.7,No,No phone service,DSL,Yes,No,Yes,Yes,Yes,Yes,One year,No,Credit card (automatic),2234.55,No
3452-FLHYD,Male,No,Yes,No,25,20.95,Yes,No,No,No internet service,No internet service,No internet service,No internet service,No internet service,No internet service,One year,Yes,Bank transfer (automatic),495.15,No
2388-LAESQ,Female,Yes,Yes,No,72,114.85,Yes,Yes,Fiber optic,Yes,Yes,Yes,Yes,Yes,Yes,Two year,Yes,Bank transfer (automatic),8317.95,No
9531-NSBMR,Female,No,No,No,36,19.25,Yes,No,No,No internet service,No internet service,No internet service,No internet service,No internet service,No internet service,One year,Yes,Bank transfer (automatic),679.8,No
6260-ONULR,Male,No,No,No,1,62.8,Yes,No,DSL,No,No,No,No,Yes,Yes,Month-to-month,Yes,Mailed check,62.8,No
4389-UEFCZ,Female,No,Yes,No,72,105.5,Yes,Yes,Fiber optic,Yes,No,Yes,No,Yes,Yes,Two year,Yes,Electronic check,7544.0,No
8711-LOBKY,Male,No,Yes,Yes,59,19.85,Yes,No,No,No internet service,No internet service,No internet service,No internet service,No internet service,No internet service,Two year,No,Mailed check,1188.25,No
9134-CEQMF,Male,Yes,Yes,No,7,89.5,Yes,No,Fiber optic,No,No,No,No,Yes,Yes,Month-to-month,Yes,Electronic check,676.7,Yes
8985-OOPOS,Female,No,No,No,1,74.1,Yes,No,DSL,No,No,Yes,Yes,Yes,Yes,One year,No,Credit card (automatic),74.1,No
8800-ZKRFW,Female,No,Yes,Yes,30,107.5,Yes,Yes,Fiber optic,No,Yes,Yes,Yes,Yes,Yes,Month-to-month,Yes,Electronic check,3242.5,No
2616-FLVQC,Male,No,No,No,64,19.55,Yes,No,No,No internet service,No internet service,No internet service,No internet service,No internet service,No internet service,Two year,No,Mailed check,1240.15,No
9968-FFVVH,Male,No,No,No,63,68.8,Yes,Yes,DSL,Yes,Yes,Yes,Yes,No,No,One year,No,Bank transfer (automatic),4111.35,No
3108-PCCGG,Male,Yes,Yes,No,72,84.45,Yes,Yes,DSL,Yes,Yes,Yes,No,Yes,Yes,Two year,No,Credit card (automatic),5899.85,No
7993-PYKOF,Male,No,Yes,No,8,75.0,Yes,No,Fiber optic,Yes,No,No,No,No,No,Month-to-month,No,Electronic check,632.95,Yes
8390-FESFV,Female,No,No,No,62,84.5,Yes,Yes,DSL,No,Yes,Yes,Yes,Yes,Yes,Two year,No,Bank transfer (automatic),5193.2,No
3022-BEXHZ,Male,No,Yes,Yes,67,111.2,Yes,Yes,Fiber optic,No,Yes,Yes,Yes,Yes,Yes,Two year,Yes,Bank transfer (automatic),7530.8,No
5027-XWQHA,Male,No,No,No,6,44.75,Yes,No,DSL,No,No,No,No,No,No,Month-to-month,No,Electronic check,270.95,Yes
6248-TKCQV,Female,No,Yes,Yes,70,80.6,Yes,Yes,DSL,Yes,No,No,Yes,Yes,Yes,Two year,Yes,Bank transfer (automatic),5460.2,No
6729-GDNGC,Female,Yes,No,No,20,80.7,Yes,No,Fiber optic,No,No,No,No,Yes,No,Month-to-month,No,Bank transfer (automatic),1614.2,No
6198-ZFIOJ,Female,No,No,No,5,75.6,Yes,Yes,Fiber optic,No,No,No,No,No,No,Month-to-month,No,Electronic check,402.5,No
5989-OMNJE,Female,No,Yes,Yes,24,57.6,No,No phone service,DSL,Yes,Yes,Yes,No,Yes,Yes,One year,No,Electronic check,1367.75,No
4566-QVRRW,Female,No,Yes,No,11,44.05,Yes,No,DSL,No,No,No,No,No,No,Month-to-month,Yes,Electronic check,483.7,Yes
1291-CUOCY,Male,No,Yes,No,72,110.6,Yes,Yes,Fiber optic,No,Yes,Yes,Yes,Yes,Yes,Two year,Yes,Credit card (automatic),7962.2,No
9795-SHUHB,Female,No,Yes,Yes,66,58.2,Yes,No,DSL,Yes,Yes,No,Yes,No,No,Two year,Yes,Credit card (automatic),3810.8,No
3230-IUALN,Female,No,Yes,Yes,45,81.0,Yes,No,DSL,Yes,No,Yes,Yes,Yes,Yes,Two year,Yes,Mailed check,3533.6,No
0042-RLHYP,Female,No,Yes,Yes,69,19.7,Yes,No,No,No internet service,No internet service,No internet service,No internet service,No internet service,No internet service,Two year,No,Bank transfer (automatic),1396.9,No
8519-IMDHU,Male,Yes,Yes,No,15,85.6,Yes,Yes,Fiber optic,No,No,No,No,No,Yes,Month-to-month,Yes,Bank transfer (automatic),1345.55,Yes
4945-RVMTE,Female,No,No,No,28,59.55,Yes,No,DSL,No,No,Yes,No,Yes,No,Month-to-month,Yes,Bank transfer (automatic),1646.45,No
0201-OAMXR,Female,No,No,No,70,115.55,Yes,Yes,Fiber optic,Yes,Yes,Yes,Yes,Yes,Yes,One year,No,Credit card (automatic),8127.6,Yes
1866-NXPSP,Female,No,No,No,36,75.55,Yes,No,DSL,Yes,Yes,Yes,Yes,No,Yes,One year,Yes,Mailed check,2680.15,No
3372-KWFBM,Male,Yes,No,No,16,86.6,Yes,Yes,Fiber optic,No,No,No,No,Yes,No,Month-to-month,Yes,Electronic check,1281.0,Yes
7831-QGOXH,Female,No,No,No,18,85.2,Yes,Yes,Fiber optic,No,No,No,No,Yes,No,Month-to-month,Yes,Electronic check,1553.9,Yes
6393-WRYZE,Female,No,Yes,No,34,97.65,Yes,Yes,Fiber optic,No,No,No,No,Yes,Yes,Month-to-month,Yes,Electronic check,3207.55,Yes
3941-XTSKM,Male,No,Yes,Yes,42,45.1,No,No phone service,DSL,No,Yes,Yes,No,No,Yes,One year,Yes,Credit card (automatic),2049.05,No
1661-CZBAU,Male,No,No,No,48,70.95,Yes,Yes,DSL,Yes,No,No,Yes,No,Yes,One year,Yes,Bank transfer (automatic),3629.2,No
6599-RCLCJ,Male,No,Yes,No,47,109.55,Yes,Yes,Fiber optic,No,Yes,Yes,Yes,Yes,Yes,Month-to-month,Yes,Electronic check,5124.55,Yes
9831-BPFRI,Female,No,Yes,Yes,39,89.55,Yes,Yes,Fiber optic,No,Yes,Yes,Yes,No,No,One year,Yes,Electronic check,3474.45,Yes
5158-RIVOP,Female,No,Yes,Yes,11,20.9,Yes,No,No,No internet service,No internet service,No internet service,No internet service,No internet service,No internet service,Two year,No,Credit card (automatic),202.3,No
9788-YTFGE,Male,No,No,No,7,19.95,Yes,No,No,No internet service,No internet service,No internet service,No internet service,No internet service,No internet service,Month-to-month,Yes,Mailed check,147.5,No
9277-JOOMO,Female,No,No,No,3,24.6,Yes,Yes,No,No internet service,No internet service,No internet service,No internet service,No internet service,No internet service,Month-to-month,No,Mailed check,86.35,No
1907-YLNYW,Male,No,No,No,8,66.7,Yes,No,DSL,Yes,No,Yes,No,No,Yes,Month-to-month,Yes,Electronic check,579.0,No
1725-MIMXW,Male,No,No,Yes,1,19.45,Yes,No,No,No internet service,No internet service,No internet service,No internet service,No internet service,No internet service,Month-to-month,Yes,Mailed check,19.45,Yes
8947-YRTDV,Male,No,Yes,Yes,32,94.8,Yes,No,Fiber optic,Yes,Yes,Yes,No,No,Yes,One year,No,Mailed check,3131.55,No
3161-ONRWK,Male,No,Yes,Yes,60,65.85,Yes,No,DSL,Yes,Yes,Yes,Yes,No,No,One year,Yes,Bank transfer (automatic),3928.3,No
0114-RSRRW,Female,No,Yes,No,10,19.95,Yes,No,No,No internet service,No internet service,No internet service,No internet service,No internet service,No internet service,Month-to-month,Yes,Bank transfer (automatic),187.75,No
4565-NLZBV,Female,No,Yes,No,71,24.65,Yes,Yes,No,No internet service,No internet service,No internet service,No internet service,No internet service,No internet service,Two year,Yes,Bank transfer (automatic),1710.15,No
0031-PVLZI,Female,No,Yes,Yes,4,20.35,Yes,No,No,No internet service,No internet service,No internet service,No internet service,No internet service,No internet service,Month-to-month,No,Mailed check,76.35,Yes
7206-GZCDC,Female,Yes,No,No,1,69.25,Yes,No,Fiber optic,No,No,No,No,No,No,Month-to-month,Yes,Electronic check,69.25,Yes
6682-VCIXC,Female,No,Yes,Yes,43,51.25,No,No phone service,DSL,Yes,Yes,No,Yes,Yes,No,One year,Yes,Bank transfer (automatic),2151.6,No
4791-QRGMF,Male,No,Yes,No,59,99.5,Yes,Yes,Fiber optic,No,No,Yes,No,Yes,Yes,One year,Yes,Bank transfer (automatic),5961.1,Yes
6475-VHUIZ,Female,No,Yes,No,23,54.25,Yes,No,DSL,No,No,Yes,Yes,No,No,Month-to-month,No,Electronic check,1221.55,No
3910-MRQOY,Female,No,Yes,No,72,19.4,Yes,No,No,No internet service,No internet service,No internet service,No internet service,No internet service,No internet service,Two year,No,Bank transfer (automatic),1496.45,No
0661-WCQNQ,Male,No,Yes,No,22,56.25,Yes,No,DSL,Yes,No,No,Yes,No,No,One year,Yes,Credit card (automatic),1292.2,No
7537-RBWEA,Female,No,No,No,1,25.15,No,No phone service,DSL,No,No,No,No,No,No,Month-to-month,Yes,Mailed check,25.15,No
4656-CAURT,Male,No,No,No,69,23.95,Yes,Yes,No,No internet service,No internet service,No internet service,No internet service,No internet service,No internet service,Two year,No,Bank transfer (automatic),1713.1,No
0121-SNYRK,Male,No,No,No,50,35.4,No,No phone service,DSL,Yes,No,No,Yes,No,No,One year,Yes,Mailed check,1748.9,No
1768-ZAIFU,Female,Yes,No,No,1,25.2,No,No phone service,DSL,No,No,No,No,No,No,Month-to-month,Yes,Electronic check,25.2,Yes
4671-LXRDQ,Male,No,No,No,2,45.0,Yes,No,DSL,No,No,No,No,No,No,Month-to-month,Yes,Mailed check,96.45,Yes
3733-LSYCE,Female,No,Yes,No,15,75.35,Yes,No,Fiber optic,No,Yes,No,No,No,No,Month-to-month,No,Bank transfer (automatic),1114.55,No
6265-FRMTQ,Male,No,No,No,31,20.4,Yes,No,No,No internet service,No internet service,No internet service,No internet service,No internet service,No internet service,Two year,No,Bank transfer (automatic),609.1,No
1934-SJVJK,Male,No,No,No,1,20.15,Yes,No,No,No internet service,No internet service,No internet service,No internet service,No internet service,No internet service,Month-to-month,No,Mailed check,20.15,Yes
3838-OZURD,Male,No,Yes,No,66,105.0,Yes,Yes,Fiber optic,No,Yes,Yes,No,Yes,Yes,Month-to-month,Yes,Credit card (automatic),7133.25,Yes
1371-DWPAZ,Female,No,Yes,Yes,0,56.05,No,No phone service,DSL,Yes,Yes,Yes,Yes,Yes,No,Two year,No,Credit card (automatic),,No
9269-CQOOL,Male,No,No,Yes,3,54.7,Yes,No,DSL,No,No,No,No,Yes,No,Month-to-month,Yes,Credit card (automatic),169.45,Yes
2017-CCBLH,Female,No,No,No,8,20.0,Yes,No,No,No internet service,No internet service,No internet service,No internet service,No internet service,No internet service,Two year,No,Mailed check,141.6,No
7690-KPNCU,Male,No,Yes,Yes,64,73.05,Yes,No,DSL,Yes,No,Yes,No,Yes,Yes,One year,Yes,Credit card (automatic),4688.65,No
0536-BGFMZ,Female,No,Yes,No,28,20.5,Yes,No,No,No internet service,No internet service,No internet service,No internet service,No internet service,No internet service,Month-to-month,No,Mailed check,563.05,No
2293-IJWPS,Female,No,Yes,No,57,100.75,Yes,Yes,Fiber optic,No,No,Yes,No,Yes,Yes,One year,Yes,Credit card (automatic),5985.0,No
2845-HSJCY,Female,No,Yes,Yes,14,87.25,Yes,Yes,Fiber optic,No,No,Yes,No,No,Yes,Month-to-month,Yes,Electronic check,1258.6,Yes
5469-NUJUR,Male,No,No,No,19,19.95,Yes,No,No,No internet service,No internet service,No internet service,No internet service,No internet service,No internet service,Two year,Yes,Mailed check,373.5,No
1184-PJVDB,Male,No,Yes,No,10,79.95,Yes,No,Fiber optic,No,No,No,No,Yes,No,Month-to-month,Yes,Electronic check,857.2,Yes
2625-TRCZQ,Female,No,Yes,No,51,49.65,No,No phone service,DSL,No,Yes,No,No,Yes,Yes,Month-to-month,Yes,Electronic check,2553.35,No
4102-HLENU,Female,No,Yes,No,67,65.65,Yes,Yes,DSL,Yes,Yes,Yes,No,No,No,Two year,No,Mailed check,4322.85,No
7266-GSSJX,Male,No,Yes,Yes,11,20.45,Yes,No,No,No internet service,No internet service,No internet service,No internet service,No internet service,No internet service,Month-to-month,Yes,Electronic check,250.8,No
7722-VJRQD,Male,No,Yes,Yes,72,60.95,No,No phone service,DSL,Yes,No,Yes,Yes,Yes,Yes,Two year,No,Bank transfer (automatic),4549.05,No
7073-QETQY,Male,No,Yes,Yes,66,20.35,Yes,No,No,No internet service,No internet service,No internet service,No internet service,No internet service,No internet service,One year,Yes,Electronic check,1359.5,No
9415-DPEWS,Female,No,No,No,18,88.35,Yes,Yes,Fiber optic,No,No,No,Yes,Yes,No,Month-to-month,Yes,Electronic check,1639.3,Yes
5624-RYAMH,Female,No,No,No,9,19.5,Yes,No,No,No internet service,No internet service,No internet service,No internet service,No internet service,No internet service,Month-to-month,Yes,Electronic check,178.85,No
0196-JTUQI,Female,No,No,No,9,75.2,Yes,Yes,Fiber optic,No,No,No,No,No,No,Month-to-month,Yes,Credit card (automatic),633.85,No
7130-YXBRO,Male,No,Yes,No,48,111.45,Yes,Yes,Fiber optic,Yes,Yes,Yes,No,Yes,Yes,Month-to-month,Yes,Bank transfer (automatic),5315.1,No
9272-LSVYH,Male,No,No,No,10,70.15,Yes,No,Fiber optic,No,No,No,No,No,No,Month-to-month,No,Mailed check,735.5,No
7943-RQCHR,Female,No,No,No,9,94.75,Yes,Yes,Fiber optic,No,No,No,No,Yes,Yes,Month-to-month,Yes,Electronic check,889.9,Yes
3793-MMFUH,Female,Yes,No,No,13,95.05,Yes,Yes,Fiber optic,No,No,No,No,Yes,Yes,Month-to-month,Yes,Electronic check,1290.0,Yes
3249-ZPQRG,Male,No,No,No,4,78.45,Yes,Yes,Fiber optic,No,Yes,No,No,No,No,Month-to-month,No,Electronic check,330.05,Yes
2568-BRGYX,Male,No,No,No,4,70.2,Yes,No,Fiber optic,No,No,No,No,No,No,Month-to-month,Yes,Electronic check,237.95,Yes
3084-DOWLE,Female,No,Yes,No,72,92.0,Yes,Yes,DSL,Yes,Yes,Yes,Yes,Yes,Yes,Two year,No,Bank transfer (automatic),6474.4,No
1084-MNSMJ,Female,No,Yes,Yes,51,85.5,Yes,No,DSL,Yes,Yes,Yes,Yes,Yes,Yes,Two year,No,Credit card (automatic),4421.95,No
7721-JXEAW,Male,No,Yes,No,59,41.05,No,No phone service,DSL,No,Yes,No,No,No,Yes,Month-to-month,Yes,Bank transfer (automatic),2452.7,Yes
7249-WBIYX,Male,No,Yes,No,10,85.6,Yes,Yes,Fiber optic,No,No,No,No,Yes,No,Month-to-month,Yes,Electronic check,813.85,Yes
4238-HFHSN,Male,Yes,Yes,No,61,82.15,Yes,Yes,Fiber optic,No,Yes,No,No,No,No,Month-to-month,Yes,Electronic check,4904.85,No
6250-CGGUN,Male,No,No,No,54,84.4,Yes,No,Fiber optic,Yes,No,Yes,Yes,No,No,One year,No,Electronic check,4484.05,No
5478-JJVZK,Female,No,No,No,33,60.9,Yes,Yes,DSL,Yes,Yes,No,No,No,No,Month-to-month,Yes,Mailed check,2033.85,No
7596-IIWYC,Female,No,No,No,27,20.25,Yes,No,No,No internet service,No internet service,No internet service,No internet service,No internet service,No internet service,Two year,Yes,Bank transfer (automatic),538.2,No
6567-HOOPW,Female,Yes,No,No,1,79.2,Yes,No,Fiber optic,No,No,No,No,Yes,No,Month-to-month,Yes,Electronic check,79.2,Yes
9793-WECQC,Male,No,No,No,23,95.3,Yes,No,Fiber optic,No,Yes,No,No,Yes,Yes,Month-to-month,No,Mailed check,2192.9,No
4291-HPAXL,Male,No,No,Yes,1,19.85,Yes,No,No,No internet service,No internet service,No internet service,No internet service,No internet service,No internet service,Month-to-month,No,Mailed check,19.85,No
8999-YPYBV,Male,No,Yes,Yes,45,84.35,Yes,No,DSL,Yes,Yes,Yes,Yes,Yes,Yes,Two year,Yes,Mailed check,3858.05,No
1839-FBNFR,Female,No,Yes,Yes,39,19.85,Yes,No,No,No internet service,No internet service,No internet service,No internet service,No internet service,No internet service,Two year,Yes,Bank transfer (automatic),854.8,No
3164-AALRN,Male,No,No,No,5,70.0,Yes,No,DSL,No,No,Yes,No,Yes,Yes,One year,Yes,Mailed check,347.4,Yes
3071-MVJCD,Male,No,Yes,Yes,72,82.3,Yes,Yes,DSL,Yes,Yes,Yes,Yes,Yes,No,Two year,No,Bank transfer (automatic),5815.15,No
1697-BCSHV,Female,No,Yes,Yes,58,66.8,Yes,Yes,DSL,No,Yes,No,No,Yes,No,Month-to-month,Yes,Bank transfer (automatic),3970.4,No
0562-KBDVM,Female,No,No,No,70,44.6,No,No phone service,DSL,Yes,Yes,Yes,Yes,No,No,Two year,Yes,Bank transfer (automatic),3058.15,No
1131-SUEKT,Male,No,Yes,Yes,61,98.45,Yes,No,Fiber optic,No,Yes,No,Yes,Yes,Yes,One year,Yes,Bank transfer (automatic),6145.2,No
3717-OEAUQ,Male,No,No,No,2,70.7,Yes,No,Fiber optic,No,No,No,No,No,No,Month-to-month,No,Mailed check,129.2,No
4538-WNTMJ,Female,No,Yes,Yes,46,24.95,Yes,Yes,No,No internet service,No internet service,No internet service,No internet service,No internet service,No internet service,One year,No,Mailed check,1165.9,No
3334-CTHOL,Female,No,No,No,1,49.95,Yes,Yes,DSL,No,No,No,No,No,No,Month-to-month,Yes,Bank transfer (automatic),49.95,Yes
4704-ERYFC,Female,No,Yes,No,22,69.25,Yes,No,Fiber optic,No,No,No,No,No,No,Month-to-month,Yes,Electronic check,1554.0,Yes
9432-RUVSL,Female,No,No,No,48,102.5,Yes,No,Fiber optic,Yes,No,Yes,Yes,Yes,Yes,Two year,Yes,Credit card (automatic),4904.25,No
8060-HIWJJ,Male,No,No,No,64,86.55,Yes,Yes,DSL,No,Yes,Yes,Yes,Yes,Yes,Two year,No,Credit card (automatic),5632.55,No
7684-XSZIY,Male,No,Yes,Yes,72,24.3,Yes,Yes,No,No internet service,No internet service,No internet service,No internet service,No internet service,No internet service,Two year,No,Bank transfer (automatic),1643.25,No
9089-UOWJG,Female,No,Yes,Yes,12,58.35,Yes,No,DSL,No,No,Yes,No,Yes,No,Month-to-month,Yes,Credit card (automatic),740.55,No
8621-MNIHH,Female,Yes,Yes,No,34,94.25,Yes,Yes,Fiber optic,No,Yes,Yes,No,No,Yes,Month-to-month,Yes,Electronic check,3217.55,Yes
8039-ACLPL,Female,No,Yes,Yes,72,68.75,Yes,No,DSL,Yes,Yes,Yes,No,No,Yes,Two year,No,Credit card (automatic),4888.2,No
9885-AIBVB,Male,No,Yes,No,29,85.8,Yes,Yes,Fiber optic,No,Yes,Yes,No,No,No,Month-to-month,Yes,Electronic check,2440.25,No
1934-MKPXS,Male,No,Yes,Yes,33,20.1,Yes,No,No,No internet service,No internet service,No internet service,No internet service,No internet service,No internet service,One year,No,Credit card (automatic),620.55,No
2592-YKDIF,Female,No,No,No,1,20.35,Yes,No,No,No internet service,No internet service,No internet service,No internet service,No internet service,No internet service,Month-to-month,No,Mailed check,20.35,No
2272-JKMSI,Female,No,Yes,Yes,62,110.8,Yes,Yes,Fiber optic,No,Yes,Yes,Yes,Yes,Yes,One year,Yes,Electronic check,6840.95,No
0471-LVHGK,Male,No,Yes,No,41,73.0,Yes,Yes,DSL,No,No,Yes,No,Yes,Yes,One year,Yes,Electronic check,3001.2,Yes
9518-RWHZL,Female,No,No,No,64,100.05,Yes,Yes,Fiber optic,No,No,Yes,No,Yes,Yes,One year,Yes,Credit card (automatic),6254.2,Yes
8714-CTZJW,Female,No,No,No,4,82.85,Yes,No,Fiber optic,No,No,Yes,No,No,Yes,Month-to-month,Yes,Credit card (automatic),319.6,No
3569-EDBPQ,Female,No,No,No,24,84.35,Yes,Yes,Fiber optic,Yes,No,No,Yes,No,No,Month-to-month,Yes,Electronic check,1938.05,No
3131-NWVFJ,Female,No,Yes,Yes,14,19.55,Yes,No,No,No internet service,No internet service,No internet service,No internet service,No internet service,No internet service,One year,No,Mailed check,294.5,No
7521-YXVZY,Male,No,No,Yes,3,19.95,Yes,No,No,No internet service,No internet service,No internet service,No internet service,No internet service,No internet service,Month-to-month,No,Mailed check,58.3,No
5419-CONWX,Female,Yes,No,No,4,99.8,Yes,No,Fiber optic,No,Yes,Yes,No,Yes,Yes,Month-to-month,Yes,Credit card (automatic),442.85,Yes
6240-EURKS,Female,No,No,Yes,18,35.0,No,No phone service,DSL,No,No,No,No,No,Yes,Month-to-month,Yes,Electronic check,553.0,Yes
2373-NTKOD,Male,No,No,No,8,66.25,Yes,No,DSL,No,No,No,No,Yes,Yes,Month-to-month,Yes,Electronic check,546.45,No
1970-KKFWL,Female,No,No,No,35,23.3,Yes,Yes,No,No internet service,No internet service,No internet service,No internet service,No internet service,No internet service,Two year,No,Bank transfer (automatic),797.1,No
6960-HVYXR,Female,No,No,No,1,76.0,Yes,Yes,Fiber optic,No,No,No,No,No,No,Month-to-month,No,Electronic check,76.0,Yes
9337-SRRNI,Male,No,No,Yes,66,25.3,Yes,Yes,No,No internet service,No internet service,No internet service,No internet service,No internet service,No internet service,Two year,Yes,Credit card (automatic),1673.8,No
0895-UADGO,Male,No,No,Yes,8,44.55,No,No phone service,DSL,Yes,No,No,Yes,No,Yes,Two year,Yes,Mailed check,343.45,No
5678-VFNEQ,Female,No,Yes,No,71,104.1,Yes,Yes,Fiber optic,Yes,No,Yes,No,Yes,Yes,One year,Yes,Credit card (automatic),7412.25,No
5977-CKHON,Female,No,Yes,Yes,43,92.55,Yes,Yes,Fiber optic,No,No,Yes,No,No,Yes,Month-to-month,Yes,Bank transfer (automatic),4039.0,No
7024-OHCCK,Female,Yes,No,No,2,93.85,Yes,Yes,Fiber optic,No,No,No,No,Yes,Yes,Month-to-month,Yes,Electronic check,170.85,Yes
2692-BUCFV,Male,Yes,No,No,29,101.45,Yes,No,Fiber optic,No,Yes,Yes,No,Yes,Yes,Month-to-month,Yes,Bank transfer (automatic),2948.6,No
7861-UVUFT,Female,No,Yes,No,15,84.3,Yes,No,Fiber optic,No,No,Yes,No,Yes,No,Month-to-month,Yes,Electronic check,1308.4,Yes
1830-GGFNM,Male,No,Yes,Yes,65,94.55,Yes,Yes,Fiber optic,Yes,Yes,Yes,Yes,No,No,Two year,No,Credit card (automatic),6078.75,No
5302-BDJNT,Male,No,No,No,35,95.5,Yes,Yes,Fiber optic,No,No,Yes,Yes,Yes,No,Month-to-month,No,Electronic check,3418.2,No
5223-UZAVK,Male,No,No,No,64,100.3,Yes,No,Fiber optic,Yes,Yes,No,No,Yes,Yes,One year,Yes,Credit card (automatic),6603.8,No
4859-ZSRDZ,Female,No,Yes,Yes,58,55.5,No,No phone service,DSL,No,No,Yes,Yes,Yes,Yes,Two year,Yes,Credit card (automatic),3166.9,No
5651-WYIPH,Female,Yes,No,No,18,49.85,Yes,No,DSL,No,Yes,No,No,No,No,Month-to-month,Yes,Credit card (automatic),865.75,No
9350-VLHMB,Male,No,Yes,Yes,67,89.55,Yes,Yes,Fiber optic,No,Yes,No,No,No,Yes,Month-to-month,Yes,Bank transfer (automatic),6373.1,No
3498-LZGQZ,Male,No,Yes,Yes,63,19.15,Yes,No,No,No internet service,No internet service,No internet service,No internet service,No internet service,No internet service,Two year,Yes,Mailed check,1177.05,No
8785-CJSHH,Female,No,Yes,No,60,99.8,Yes,Yes,Fiber optic,No,Yes,No,No,Yes,Yes,Month-to-month,Yes,Electronic check,5985.75,No
5357-TZHPP,Male,Yes,No,No,9,84.4,Yes,Yes,Fiber optic,No,No,No,No,No,Yes,Month-to-month,Yes,Credit card (automatic),732.5,Yes
3870-SPZSI,Female,No,Yes,Yes,70,113.05,Yes,Yes,Fiber optic,Yes,Yes,Yes,Yes,Yes,Yes,Two year,Yes,Credit card (automatic),7869.05,No
0680-DFNNY,Male,No,Yes,No,15,101.1,Yes,Yes,Fiber optic,No,No,Yes,No,Yes,Yes,Month-to-month,Yes,Electronic check,1504.05,Yes
7560-QRBXH,Female,No,No,Yes,48,19.95,Yes,No,No,No internet service,No internet service,No internet service,No internet service,No internet service,No internet service,One year,No,Mailed check,936.7,No
7077-XJMET,Male,No,Yes,No,12,74.15,Yes,No,DSL,No,No,Yes,Yes,Yes,Yes,Month-to-month,Yes,Electronic check,741.4,No
8752-GHJFU,Male,Yes,Yes,No,71,92.0,Yes,Yes,Fiber optic,Yes,Yes,Yes,Yes,No,No,One year,Yes,Electronic check,6585.2,No
6896-SRVYQ,Male,Yes,No,No,44,73.85,Yes,No,Fiber optic,No,No,Yes,No,No,No,Month-to-month,No,Electronic check,3122.4,No
7767-UXAGJ,Male,No,No,No,1,50.45,Yes,Yes,DSL,No,No,No,No,No,No,Month-to-month,Yes,Electronic check,50.45,Yes
4652-ODEVH,Male,No,Yes,Yes,45,24.45,Yes,Yes,No,No internet service,No internet service,No internet service,No internet service,No internet service,No internet service,Two year,No,Mailed check,1088.25,No
6510-UPNKS,Female,No,No,No,23,24.8,Yes,Yes,No,No internet service,No internet service,No internet service,No internet service,No internet service,No internet service,One year,No,Credit card (automatic),615.35,No
6718-BDGHG,Female,No,Yes,No,43,64.85,Yes,Yes,DSL,No,No,No,Yes,Yes,No,One year,Yes,Bank transfer (automatic),2908.2,No
9046-DQMTP,Male,No,No,No,35,20.75,Yes,No,No,No internet service,No internet service,No internet service,No internet service,No internet service,No internet service,Month-to-month,No,Bank transfer (automatic),739.9,No
6439-LAJXL,Male,No,Yes,No,9,68.95,Yes,No,DSL,Yes,Yes,No,Yes,Yes,No,Month-to-month,Yes,Mailed check,593.85,No
1571-SAVHK,Male,No,No,No,12,99.95,Yes,Yes,Fiber optic,No,No,No,Yes,Yes,Yes,Month-to-month,Yes,Mailed check,1132.75,Yes
9052-VKDUW,Female,Yes,Yes,No,65,109.4,Yes,Yes,Fiber optic,Yes,Yes,Yes,No,Yes,Yes,Month-to-month,Yes,Credit card (automatic),7227.45,No
9546-CQJSU,Female,No,No,No,2,91.4,Yes,Yes,Fiber optic,No,No,Yes,No,Yes,No,Month-to-month,Yes,Electronic check,193.6,Yes
1666-JZPZT,Male,No,No,No,27,49.0,Yes,Yes,DSL,No,No,No,No,No,No,Month-to-month,No,Mailed check,1291.35,No
5777-KJIRB,Female,No,No,No,40,50.25,Yes,No,DSL,No,No,Yes,No,No,No,One year,Yes,Mailed check,2023.55,No
0506-LVNGN,Female,Yes,No,No,5,75.55,Yes,No,Fiber optic,No,No,Yes,No,No,No,Month-to-month,Yes,Credit card (automatic),349.65,Yes
7677-SJJJK,Male,No,Yes,Yes,8,19.9,Yes,No,No,No internet service,No internet service,No internet service,No internet service,No internet service,No internet service,One year,No,Credit card (automatic),153.95,No
2480-EJWYP,Female,Yes,Yes,No,58,97.8,Yes,Yes,Fiber optic,No,Yes,No,No,Yes,Yes,One year,Yes,Bank transfer (automatic),5458.8,No
3253-HKOKL,Female,No,Yes,Yes,52,100.3,Yes,No,Fiber optic,Yes,No,Yes,No,Yes,Yes,One year,No,Electronic check,5244.45,No
7055-HNEOJ,Male,No,Yes,No,3,55.8,Yes,No,DSL,No,No,Yes,Yes,No,No,Month-to-month,Yes,Mailed check,154.55,No
5514-YQENT,Male,No,No,Yes,41,111.15,Yes,No,Fiber optic,Yes,Yes,Yes,Yes,Yes,Yes,Two year,Yes,Electronic check,4507.15,No
3211-AAPKX,Male,No,No,No,20,98.55,Yes,Yes,Fiber optic,No,No,No,Yes,Yes,Yes,Month-to-month,Yes,Mailed check,2031.95,No
8445-DNBAE,Male,No,No,Yes,1,50.05,Yes,Yes,DSL,No,No,No,No,No,No,Month-to-month,Yes,Electronic check,50.05,No
2951-QOQTK,Male,No,No,Yes,4,80.8,Yes,Yes,Fiber optic,No,No,No,Yes,No,No,Month-to-month,No,Credit card (automatic),332.45,Yes
2958-NHPPS,Male,No,No,No,23,20.85,Yes,No,No,No internet service,No internet service,No internet service,No internet service,No internet service,No internet service,Month-to-month,No,Electronic check,473.9,No
6806-YDEUL,Female,Yes,No,No,6,19.5,Yes,No,No,No internet service,No internet service,No internet service,No internet service,No internet service,No internet service,Month-to-month,No,Bank transfer (automatic),106.8,No
1735-XMJVH,Male,No,Yes,Yes,8,19.35,Yes,No,No,No internet service,No internet service,No internet service,No internet service,No internet service,No internet service,Month-to-month,Yes,Mailed check,152.6,No
6890-PFRQX,Male,No,No,No,18,69.5,Yes,Yes,DSL,Yes,No,Yes,No,Yes,No,Month-to-month,No,Mailed check,1199.4,No
0222-CNVPT,Male,Yes,No,No,52,48.8,No,No phone service,DSL,Yes,No,No,No,Yes,Yes,Month-to-month,Yes,Credit card (automatic),2555.05,No
5899-OUVKV,Male,No,No,No,31,94.5,Yes,No,Fiber optic,No,Yes,No,No,Yes,Yes,Month-to-month,Yes,Electronic check,2979.2,No
8681-ICONS,Male,No,Yes,Yes,29,20.65,Yes,No,No,No internet service,No internet service,No internet service,No internet service,No internet service,No internet service,Month-to-month,Yes,Mailed check,654.85,No
1621-YNCJH,Female,No,Yes,No,36,106.05,Yes,Yes,Fiber optic,Yes,Yes,Yes,Yes,No,Yes,Two year,Yes,Credit card (automatic),3834.4,No
3473-XIIIT,Female,No,Yes,No,16,100.0,Yes,Yes,Fiber optic,No,Yes,No,No,Yes,Yes,Month-to-month,Yes,Electronic check,1534.75,Yes
6362-QHAFM,Male,No,Yes,No,42,108.3,Yes,Yes,Fiber optic,No,No,Yes,Yes,Yes,Yes,One year,Yes,Electronic check,4586.15,No
7893-IXHRQ,Male,No,No,No,1,20.55,Yes,No,No,No internet service,No internet service,No internet service,No internet service,No internet service,No internet service,Month-to-month,No,Electronic check,20.55,Yes
3070-BDOQC,Female,No,No,No,60,99.65,Yes,No,Fiber optic,No,Yes,Yes,No,Yes,Yes,Two year,Yes,Electronic check,5941.05,No
2952-QAYZF,Male,No,No,No,5,85.3,Yes,Yes,Fiber optic,No,Yes,Yes,No,No,No,Month-to-month,Yes,Electronic check,424.15,Yes
6234-PFPXL,Male,No,Yes,No,22,95.9,Yes,Yes,Fiber optic,Yes,No,No,Yes,Yes,No,Month-to-month,No,Credit card (automatic),2234.95,No
9824-QCJPK,Male,No,Yes,No,36,20.0,Yes,No,No,No internet service,No internet service,No internet service,No internet service,No internet service,No internet service,One year,No,Mailed check,666.75,No
4763-PGDPO,Female,No,No,No,4,70.4,Yes,No,Fiber optic,No,No,No,No,No,No,Month-to-month,No,Electronic check,281.0,Yes
4283-IVYCI,Male,No,No,No,9,64.95,Yes,No,DSL,Yes,No,No,Yes,No,Yes,Month-to-month,No,Mailed check,547.8,No
1866-OBPNR,Male,No,Yes,Yes,1,74.6,Yes,No,Fiber optic,No,Yes,No,No,No,No,Month-to-month,No,Credit card (automatic),74.6,No
8205-MQUGY,Male,No,Yes,Yes,12,49.2,Yes,No,DSL,Yes,No,No,No,No,No,Month-to-month,Yes,Electronic check,571.15,No
8970-ANWXO,Female,No,No,No,23,73.75,Yes,Yes,DSL,No,No,No,Yes,Yes,Yes,One year,Yes,Mailed check,1756.6,No
9480-BQJEI,Male,No,No,No,62,92.3,Yes,Yes,Fiber optic,Yes,Yes,No,No,No,Yes,One year,Yes,Bank transfer (automatic),5731.45,No
5394-SVGJV,Male,No,No,No,37,98.8,Yes,Yes,Fiber optic,No,No,No,Yes,Yes,Yes,Month-to-month,No,Bank transfer (automatic),3475.55,Yes
6979-TNDEU,Female,No,No,No,8,19.2,Yes,No,No,No internet service,No internet service,No internet service,No internet service,No internet service,No internet service,Month-to-month,No,Mailed check,156.85,No
9777-WJJPR,Male,No,Yes,No,31,88.65,Yes,Yes,Fiber optic,No,No,Yes,No,Yes,No,Month-to-month,No,Credit card (automatic),2683.2,No
9283-LZQOH,Male,No,Yes,Yes,13,74.4,Yes,Yes,Fiber optic,No,No,No,No,No,No,Month-to-month,Yes,Credit card (automatic),896.75,Yes
7079-QRCBC,Female,No,No,No,24,98.75,Yes,Yes,Fiber optic,No,No,Yes,No,Yes,Yes,Month-to-month,Yes,Electronic check,2407.3,Yes
9495-SKLKD,Male,No,Yes,Yes,45,95.95,Yes,Yes,Fiber optic,No,Yes,Yes,No,No,Yes,Month-to-month,Yes,Bank transfer (automatic),4456.65,No
6048-UWKAL,Female,Yes,Yes,No,69,105.4,Yes,Yes,Fiber optic,No,Yes,No,Yes,Yes,Yes,Two year,No,Credit card (automatic),6998.95,No
5067-DGXLL,Male,No,No,No,2,20.25,Yes,No,No,No internet service,No internet service,No internet service,No internet service,No internet service,No internet service,Month-to-month,No,Mailed check,36.8,No
5469-CTCWN,Male,No,Yes,Yes,61,106.0,Yes,Yes,Fiber optic,Yes,Yes,No,No,Yes,Yes,One year,Yes,Electronic check,6547.7,Yes
9851-QXEEQ,Male,No,No,No,41,104.7,Yes,Yes,Fiber optic,No,Yes,Yes,No,Yes,Yes,Month-to-month,Yes,Electronic check,4346.4,Yes
6281-FKEWS,Female,No,No,No,44,49.05,No,No phone service,DSL,No,No,Yes,No,Yes,Yes,One year,Yes,Electronic check,2265.0,No
8898-KASCD,Male,No,No,No,39,35.55,No,No phone service,DSL,No,No,Yes,Yes,No,No,One year,No,Mailed check,1309.15,No
9242-TKFSV,Male,No,Yes,Yes,72,65.1,No,No phone service,DSL,Yes,Yes,Yes,Yes,Yes,Yes,Two year,Yes,Credit card (automatic),4754.3,No
9290-SHCMB,Female,Yes,No,No,13,96.85,Yes,No,Fiber optic,No,No,Yes,No,Yes,Yes,Month-to-month,Yes,Electronic check,1235.55,No
0743-HNPFG,Female,No,Yes,Yes,51,69.75,Yes,No,DSL,Yes,Yes,No,Yes,No,Yes,One year,Yes,Credit card (automatic),3562.5,No
2277-BKJKN,Female,Yes,Yes,No,71,99.2,Yes,No,Fiber optic,No,Yes,Yes,No,Yes,Yes,Two year,Yes,Electronic check,7213.75,No
9809-IMGCQ,Male,Yes,No,No,22,96.7,Yes,Yes,Fiber optic,No,No,No,No,Yes,Yes,Month-to-month,Yes,Electronic check,2082.95,Yes
5208-HFSBT,Female,No,No,No,2,55.05,Yes,No,DSL,No,Yes,No,Yes,No,No,Month-to-month,Yes,Credit card (automatic),102.75,Yes
5035-PGZXH,Female,No,No,No,56,106.8,Yes,Yes,Fiber optic,No,Yes,Yes,No,Yes,Yes,One year,Yes,Electronic check,5914.4,No
8695-WDYEA,Male,No,No,No,1,51.25,Yes,No,DSL,Yes,No,No,No,No,No,Month-to-month,No,Mailed check,51.25,No
6543-JXSOO,Female,No,Yes,Yes,23,57.75,Yes,No,DSL,Yes,Yes,No,Yes,No,No,One year,Yes,Mailed check,1282.85,No
8016-ZMGMO,Female,Yes,Yes,No,66,70.85,Yes,Yes,DSL,No,Yes,Yes,No,Yes,No,One year,Yes,Bank transfer (automatic),4738.85,No
8605-ITULD,Female,No,No,No,1,19.55,Yes,No,No,No internet service,No internet service,No internet service,No internet service,No internet service,No internet service,Month-to-month,No,Mailed check,19.55,No
3254-YRILK,Male,Yes,No,No,19,88.2,Yes,Yes,Fiber optic,No,Yes,No,No,Yes,No,Month-to-month,Yes,Electronic check,1775.8,Yes
6416-YJTTB,Male,No,No,No,11,79.5,Yes,No,Fiber optic,Yes,No,Yes,No,No,No,Month-to-month,Yes,Bank transfer (automatic),795.65,No
2667-WYLWJ,Female,No,Yes,Yes,8,19.75,Yes,No,No,No internet service,No internet service,No internet service,No internet service,No internet service,No internet service,One year,Yes,Mailed check,145.0,Yes
4472-VESGY,Female,No,Yes,Yes,52,98.15,Yes,Yes,Fiber optic,Yes,Yes,Yes,No,No,Yes,Month-to-month,No,Bank transfer (automatic),4993.4,No
3195-TQDZX,Male,No,No,No,3,20.25,Yes,No,No,No internet service,No internet service,No internet service,No internet service,No internet service,No internet service,Month-to-month,Yes,Electronic check,61.45,No
3128-YOVTD,Female,No,Yes,Yes,51,79.15,Yes,No,Fiber optic,Yes,Yes,No,No,No,No,Month-to-month,Yes,Bank transfer (automatic),4018.55,No
0529-ONKER,Male,Yes,No,No,15,75.65,Yes,Yes,Fiber optic,No,No,No,No,No,No,Month-to-month,No,Electronic check,1146.65,Yes
1728-CXQBE,Male,Yes,Yes,No,64,94.25,Yes,Yes,Fiber optic,No,Yes,Yes,No,No,Yes,Month-to-month,Yes,Electronic check,6081.4,No
7041-TXQJH,Female,No,No,No,37,40.2,No,No phone service,DSL,No,No,Yes,No,No,Yes,Month-to-month,Yes,Credit card (automatic),1478.85,No
5014-GSOUQ,Male,No,No,No,13,19.95,Yes,No,No,No internet service,No internet service,No internet service,No internet service,No internet service,No internet service,Two year,No,Mailed check,243.65,No
5724-BIDBU,Male,No,Yes,No,49,55.35,Yes,Yes,DSL,Yes,No,No,No,No,No,One year,Yes,Electronic check,2633.95,No
0481-SUMCB,Female,Yes,No,No,45,102.15,Yes,Yes,Fiber optic,No,No,Yes,No,Yes,Yes,One year,Yes,Bank transfer (automatic),4735.35,No
1769-GRUIK,Female,No,No,No,18,71.1,Yes,No,Fiber optic,No,No,No,No,No,No,Month-to-month,Yes,Electronic check,1247.75,No
5240-IJOQT,Male,Yes,No,No,1,74.7,Yes,Yes,Fiber optic,No,No,No,No,No,No,Month-to-month,Yes,Electronic check,74.7,Yes
8819-WFGGJ,Male,No,Yes,No,68,54.1,No,No phone service,DSL,Yes,No,Yes,No,Yes,Yes,Two year,Yes,Bank transfer (automatic),3794.5,No
7427-AUFPY,Male,No,No,No,54,19.65,Yes,No,No,No internet service,No internet service,No internet service,No internet service,No internet service,No internet service,Two year,No,Credit card (automatic),1008.7,No
2811-POVEX,Female,Yes,Yes,Yes,23,88.45,Yes,No,Fiber optic,No,Yes,Yes,No,No,Yes,Month-to-month,Yes,Bank transfer (automatic),2130.55,No
1092-GANHU,Male,No,No,No,17,76.65,Yes,No,Fiber optic,No,No,Yes,No,No,No,Month-to-month,Yes,Electronic check,1313.55,Yes
7898-PDWQE,Male,No,Yes,No,71,80.4,Yes,Yes,DSL,Yes,Yes,Yes,Yes,No,Yes,Two year,No,Credit card (automatic),5727.15,No
9972-EWRJS,Female,No,Yes,Yes,67,19.25,Yes,No,No,No internet service,No internet service,No internet service,No internet service,No internet service,No internet service,Two year,Yes,Bank transfer (automatic),1372.9,No
9314-IJWSQ,Female,No,Yes,Yes,14,84.8,Yes,Yes,Fiber optic,No,No,No,No,Yes,No,Month-to-month,Yes,Electronic check,1203.9,No
0661-XEYAN,Female,Yes,No,No,1,25.8,No,No phone service,DSL,No,No,No,No,No,No,Month-to-month,Yes,Mailed check,25.8,Yes
5799-JRCZO,Female,No,No,Yes,63,19.5,Yes,No,No,No internet service,No internet service,No internet service,No internet service,No internet service,No internet service,Two year,No,Credit card (automatic),1215.1,No
1921-KYSAY,Female,No,No,No,41,68.6,Yes,Yes,DSL,No,No,Yes,Yes,No,Yes,One year,Yes,Electronic check,2877.05,No
6198-RTPMF,Female,No,Yes,No,17,92.6,Yes,Yes,Fiber optic,No,No,No,No,Yes,Yes,Month-to-month,No,Electronic check,1579.7,No
2924-KHUVI,Male,No,Yes,No,56,100.55,Yes,Yes,Fiber optic,Yes,No,No,No,Yes,Yes,One year,Yes,Electronic check,5514.95,No
1925-GMVBW,Female,No,No,No,5,20.55,Yes,No,No,No internet service,No internet service,No internet service,No internet service,No internet service,No internet service,Month-to-month,No,Credit card (automatic),96.1,No
7881-EVUAD,Female,No,No,No,2,42.6,No,No phone service,DSL,Yes,Yes,No,No,No,Yes,Month-to-month,Yes,Electronic check,72.4,Yes
6184-DYUOB,Female,No,Yes,No,3,19.6,Yes,No,No,No internet service,No internet service,No internet service,No internet service,No internet service,No internet service,Month-to-month,Yes,Mailed check,55.25,No
9207-ZPANB,Male,No,No,No,37,67.45,Yes,Yes,DSL,Yes,Yes,Yes,Yes,No,No,One year,No,Electronic check,2443.3,No
5766-XQXMQ,Female,No,No,No,29,68.85,Yes,No,DSL,Yes,Yes,Yes,No,No,Yes,Month-to-month,Yes,Bank transfer (automatic),1970.5,Yes
9327-QSDED,Male,No,No,No,8,43.55,Yes,No,DSL,No,No,No,No,No,No,Month-to-month,No,Mailed check,335.4,No
1656-DRSMG,Female,No,No,No,63,109.85,Yes,Yes,Fiber optic,No,Yes,Yes,Yes,Yes,Yes,Month-to-month,Yes,Credit card (automatic),7002.95,No
3012-VFFMN,Female,No,Yes,Yes,7,20.65,Yes,No,No,No internet service,No internet service,No internet service,No internet service,No internet service,No internet service,Month-to-month,No,Mailed check,158.95,No
2984-AFWNC,Female,No,No,No,3,95.4,Yes,No,Fiber optic,No,Yes,No,No,Yes,Yes,Month-to-month,No,Electronic check,293.15,No
0640-YJTPY,Male,No,Yes,Yes,72,21.0,Yes,No,No,No internet service,No internet service,No internet service,No internet service,No internet service,No internet service,Two year,No,Bank transfer (automatic),1493.75,No
8096-LOIST,Female,No,No,No,19,56.2,Yes,No,DSL,No,No,No,No,No,Yes,Month-to-month,Yes,Electronic check,1093.4,No
9764-REAFF,Female,No,Yes,No,59,18.4,Yes,No,No,No internet service,No internet service,No internet service,No internet service,No internet service,No internet service,Two year,No,Bank transfer (automatic),1057.85,No
3703-VAVCL,Male,No,Yes,Yes,2,90.0,Yes,No,Fiber optic,No,No,Yes,Yes,No,Yes,Month-to-month,No,Credit card (automatic),190.05,Yes
7107-UBYKY,Female,No,Yes,Yes,35,25.75,Yes,Yes,No,No internet service,No internet service,No internet service,No internet service,No internet service,No internet service,Month-to-month,Yes,Electronic check,882.55,No
4881-GQJTW,Male,No,No,No,14,19.6,Yes,No,No,No internet service,No internet service,No internet service,No internet service,No internet service,No internet service,Month-to-month,No,Credit card (automatic),300.4,No
8519-QJGJD,Female,No,No,No,14,75.35,Yes,No,Fiber optic,No,No,Yes,No,No,No,Month-to-month,No,Electronic check,1025.95,Yes
7876-DNYAP,Female,No,Yes,Yes,69,19.8,Yes,No,No,No internet service,No internet service,No internet service,No internet service,No internet service,No internet service,Two year,No,Credit card (automatic),1436.95,No
7905-NJMXS,Male,Yes,Yes,No,7,64.2,Yes,Yes,DSL,Yes,Yes,No,Yes,No,No,Month-to-month,No,Electronic check,475.0,No
2882-WDTBA,Male,No,Yes,Yes,69,75.75,Yes,No,DSL,Yes,Yes,Yes,Yes,Yes,No,Two year,Yes,Bank transfer (automatic),5388.15,No
2091-GPPIQ,Female,No,Yes,Yes,72,78.95,Yes,Yes,DSL,No,Yes,No,Yes,Yes,Yes,Two year,Yes,Electronic check,5730.15,No
6326-MTTXK,Male,No,No,No,8,100.85,Yes,Yes,Fiber optic,No,Yes,No,No,Yes,Yes,Month-to-month,No,Electronic check,819.55,Yes
5071-FBJFS,Female,No,Yes,Yes,4,50.3,Yes,No,DSL,Yes,No,No,No,No,No,Month-to-month,No,Electronic check,217.1,No
2796-UUZZO,Male,No,Yes,Yes,63,80.3,Yes,No,Fiber optic,No,Yes,Yes,No,No,No,Month-to-month,Yes,Credit card (automatic),4896.35,No
2429-AYKKO,Male,No,No,No,72,19.85,Yes,No,No,No internet service,No internet service,No internet service,No internet service,No internet service,No internet service,Two year,No,Bank transfer (automatic),1434.1,No
9798-OPFEM,Female,No,No,No,46,21.1,Yes,No,No,No internet service,No internet service,No internet service,No internet service,No internet service,No internet service,Two year,Yes,Electronic check,937.1,No
0330-IVZHA,Female,No,Yes,No,5,69.95,Yes,No,Fiber optic,No,No,No,No,No,No,Month-to-month,No,Electronic check,330.15,Yes
3794-NFNCH,Male,No,Yes,No,30,50.0,Yes,No,DSL,No,No,Yes,No,No,No,Month-to-month,Yes,Mailed check,1474.9,No
5193-QLVZB,Male,No,No,No,63,104.75,Yes,Yes,Fiber optic,No,Yes,Yes,No,Yes,Yes,Two year,Yes,Bank transfer (automatic),6536.5,No
7114-AEOZE,Female,No,No,No,60,19.85,Yes,No,No,No internet service,No internet service,No internet service,No internet service,No internet service,No internet service,Two year,No,Bank transfer (automatic),1128.1,No
2886-KEFUM,Female,No,Yes,No,63,107.5,Yes,Yes,Fiber optic,No,Yes,Yes,No,Yes,Yes,One year,Yes,Electronic check,6873.75,Yes
5522-NYKPB,Male,No,Yes,Yes,25,85.9,Yes,No,Fiber optic,No,No,No,Yes,Yes,No,Month-to-month,No,Electronic check,2199.05,No
4237-RLAQD,Male,No,No,No,1,45.85,Yes,No,DSL,No,No,No,No,No,No,Month-to-month,Yes,Mailed check,45.85,Yes
9957-YODKZ,Male,Yes,Yes,No,6,80.8,Yes,Yes,Fiber optic,No,No,Yes,No,No,No,Month-to-month,Yes,Electronic check,457.1,No
6518-KZXCB,Male,No,No,No,22,25.25,Yes,Yes,No,No internet service,No internet service,No internet service,No internet service,No internet service,No internet service,Two year,No,Mailed check,566.5,No
2245-ADZFJ,Female,No,Yes,Yes,31,80.55,Yes,Yes,DSL,No,Yes,No,Yes,Yes,Yes,Two year,No,Bank transfer (automatic),2471.6,No
7776-QGYJC,Female,No,Yes,Yes,39,81.5,Yes,No,Fiber optic,No,No,Yes,Yes,No,No,Month-to-month,Yes,Bank transfer (automatic),3107.3,No
9313-QOLTZ,Male,No,No,No,26,20.9,Yes,No,No,No internet service,No internet service,No internet service,No internet service,No internet service,No internet service,Month-to-month,No,Mailed check,518.3,No
9651-GTSAQ,Female,No,Yes,No,53,106.1,Yes,No,Fiber optic,Yes,Yes,Yes,No,Yes,Yes,One year,Yes,Bank transfer (automatic),5769.75,Yes
3186-BAXNB,Female,No,No,No,1,91.7,Yes,No,Fiber optic,No,Yes,No,Yes,Yes,No,Month-to-month,No,Electronic check,91.7,Yes
4672-FOTSD,Male,No,No,No,12,67.25,Yes,Yes,DSL,Yes,Yes,No,Yes,No,No,Month-to-month,Yes,Electronic check,832.3,No
0637-YLETY,Female,No,No,No,16,95.6,Yes,Yes,Fiber optic,No,Yes,Yes,No,No,Yes,Month-to-month,Yes,Credit card (automatic),1555.65,Yes
9818-XQCUV,Female,No,No,No,2,20.35,Yes,No,No,No internet service,No internet service,No internet service,No internet service,No internet service,No internet service,Month-to-month,No,Mailed check,45.3,No
7338-ERIVA,Male,No,No,Yes,39,45.05,No,No phone service,DSL,Yes,No,No,Yes,Yes,No,One year,No,Bank transfer (automatic),1790.6,No
1157-BQCUW,Male,No,No,No,1,74.95,Yes,Yes,Fiber optic,No,No,No,No,No,No,Month-to-month,Yes,Electronic check,74.95,Yes
8259-NFJTV,Female,No,Yes,Yes,7,34.65,No,No phone service,DSL,Yes,No,No,Yes,No,No,Month-to-month,No,Mailed check,246.6,No
3223-DWFIO,Male,Yes,No,No,4,69.35,Yes,No,Fiber optic,No,No,No,No,No,No,Month-to-month,No,Electronic check,261.65,No
2660-EMUBI,Male,Yes,No,No,10,95.35,Yes,Yes,Fiber optic,No,No,No,No,Yes,Yes,Month-to-month,Yes,Electronic check,898.35,Yes
6968-GMKPR,Female,No,No,No,55,81.55,Yes,No,Fiber optic,No,Yes,Yes,No,No,No,Month-to-month,Yes,Electronic check,4509.5,No
4751-ERMAN,Male,No,Yes,Yes,72,75.4,Yes,No,DSL,No,Yes,Yes,No,Yes,Yes,Two year,Yes,Bank transfer (automatic),5480.25,No
1436-ZMJAN,Female,No,Yes,No,10,67.8,Yes,No,DSL,No,No,Yes,No,Yes,Yes,Month-to-month,Yes,Credit card (automatic),653.15,No
3292-PBZEJ,Male,Yes,No,No,11,111.4,Yes,Yes,Fiber optic,No,Yes,Yes,Yes,Yes,Yes,Month-to-month,Yes,Electronic check,1183.05,No
0799-DDIHE,Female,No,Yes,Yes,15,46.3,Yes,No,DSL,No,No,No,No,No,No,Month-to-month,No,Electronic check,639.45,No
3070-FNFZQ,Female,No,Yes,Yes,23,20.4,Yes,No,No,No internet service,No internet service,No internet service,No internet service,No internet service,No internet service,Two year,No,Bank transfer (automatic),478.75,No
2812-SFXMJ,Male,No,No,Yes,1,20.05,Yes,No,No,No internet service,No internet service,No internet service,No internet service,No internet service,No internet service,Month-to-month,No,Mailed check,20.05,No
7675-OZCZG,Female,Yes,No,No,3,45.0,Yes,No,DSL,No,No,No,No,No,No,Month-to-month,No,Electronic check,127.1,Yes
5014-WUQMG,Male,No,Yes,Yes,47,96.1,Yes,No,Fiber optic,Yes,Yes,Yes,No,No,Yes,One year,Yes,Electronic check,4391.45,No
5312-TSZVC,Female,No,No,Yes,15,19.65,Yes,No,No,No internet service,No internet service,No internet service,No internet service,No internet service,No internet service,One year,No,Mailed check,270.6,No
2003-CKLOR,Male,No,No,No,66,99.5,Yes,No,Fiber optic,No,Yes,Yes,No,Yes,Yes,Month-to-month,No,Electronic check,6710.5,Yes
0993-OSGPT,Female,Yes,Yes,No,68,60.65,Yes,No,DSL,No,Yes,Yes,Yes,No,No,One year,Yes,Bank transfer (automatic),3975.9,No
9254-RBFON,Female,No,Yes,Yes,17,98.6,Yes,No,Fiber optic,No,No,Yes,Yes,Yes,Yes,One year,No,Bank transfer (automatic),1704.95,Yes
1205-WNWPJ,Female,No,No,No,7,59.5,Yes,No,DSL,No,No,No,Yes,Yes,No,Month-to-month,Yes,Mailed check,415.95,Yes
9391-EOYLI,Male,Yes,Yes,No,12,80.45,Yes,No,Fiber optic,No,No,No,No,No,Yes,Month-to-month,Yes,Electronic check,950.2,Yes
7108-DGVUU,Female,Yes,Yes,No,21,71.7,Yes,Yes,DSL,No,Yes,Yes,No,No,Yes,One year,No,Bank transfer (automatic),1497.05,No
2782-JEEBU,Male,No,No,No,21,36.0,No,No phone service,DSL,No,Yes,No,Yes,No,No,Month-to-month,Yes,Mailed check,780.15,No
5127-BZENZ,Female,No,Yes,Yes,56,65.2,Yes,Yes,DSL,Yes,No,No,No,Yes,No,One year,No,Bank transfer (automatic),3512.15,No
2720-FVBQP,Female,No,Yes,Yes,6,48.95,Yes,Yes,DSL,No,No,No,No,No,No,Month-to-month,Yes,Credit card (automatic),273.25,No
9906-NHHVC,Female,Yes,No,No,65,53.5,No,No phone service,DSL,No,Yes,Yes,No,Yes,Yes,Two year,Yes,Bank transfer (automatic),3517.9,No
4522-XRWWI,Male,No,Yes,No,42,80.45,Yes,Yes,DSL,Yes,No,No,Yes,Yes,Yes,One year,No,Credit card (automatic),3375.9,No
3766-EJLFL,Female,No,Yes,Yes,68,109.05,Yes,Yes,Fiber optic,Yes,No,Yes,Yes,Yes,Yes,Two year,Yes,Bank transfer (automatic),7508.55,No
5939-SXWHM,Male,No,Yes,Yes,48,26.3,Yes,Yes,No,No internet service,No internet service,No internet service,No internet service,No internet service,No internet service,Two year,No,Bank transfer (automatic),1245.05,No
8152-UOBNY,Female,Yes,No,No,50,106.8,Yes,Yes,Fiber optic,No,Yes,No,Yes,Yes,Yes,One year,Yes,Electronic check,5347.95,No
7351-KYHQH,Female,Yes,No,No,7,64.95,Yes,No,DSL,No,Yes,Yes,No,Yes,No,Month-to-month,Yes,Electronic check,493.65,No
7643-RCHXS,Female,No,Yes,Yes,63,19.35,Yes,No,No,No internet service,No internet service,No internet service,No internet service,No internet service,No internet service,Two year,No,Electronic check,1263.85,No
8246-SHFGA,Male,No,No,No,17,21.1,Yes,No,No,No internet service,No internet service,No internet service,No internet service,No internet service,No internet service,Month-to-month,No,Credit card (automatic),385.55,No
8387-MOJJT,Female,No,Yes,Yes,42,77.95,Yes,No,Fiber optic,No,No,No,No,Yes,No,Month-to-month,Yes,Credit card (automatic),3384.0,Yes
0620-XEFWH,Male,No,Yes,Yes,4,18.85,Yes,No,No,No internet service,No internet service,No internet service,No internet service,No internet service,No internet service,Month-to-month,No,Mailed check,84.2,No
6485-QXWWE,Female,No,No,Yes,62,26.0,Yes,Yes,No,No internet service,No internet service,No internet service,No internet service,No internet service,No internet service,Two year,No,Bank transfer (automatic),1638.7,No
2761-OCIAX,Male,Yes,No,No,2,74.7,Yes,No,Fiber optic,No,Yes,No,No,No,No,Month-to-month,Yes,Electronic check,165.4,Yes
7321-VGNKU,Female,No,Yes,No,2,70.35,Yes,No,Fiber optic,No,No,No,No,No,No,Month-to-month,Yes,Electronic check,120.25,No
5327-CNLUQ,Male,No,Yes,No,48,96.9,Yes,Yes,Fiber optic,Yes,Yes,Yes,No,Yes,No,Two year,Yes,Bank transfer (automatic),4473.45,No
7552-KEYGT,Male,No,Yes,No,27,19.55,Yes,No,No,No internet service,No internet service,No internet service,No internet service,No internet service,No internet service,Two year,No,Bank transfer (automatic),520.55,No
5816-JMLGY,Female,No,Yes,Yes,70,80.4,Yes,No,DSL,No,Yes,Yes,Yes,Yes,Yes,Two year,Yes,Bank transfer (automatic),5717.85,No
3068-OMWZA,Male,Yes,No,No,1,88.8,Yes,Yes,Fiber optic,No,No,Yes,No,Yes,No,Month-to-month,Yes,Electronic check,88.8,Yes
2927-QRRQV,Male,No,Yes,No,46,94.65,Yes,Yes,Fiber optic,No,Yes,Yes,No,Yes,No,One year,Yes,Electronic check,4312.5,No
6032-KRXXO,Male,No,No,No,30,90.25,Yes,No,Fiber optic,No,No,No,No,Yes,Yes,Month-to-month,Yes,Electronic check,2755.35,Yes
7459-RRWQZ,Female,No,No,No,15,64.65,Yes,Yes,DSL,Yes,No,No,No,No,Yes,Month-to-month,Yes,Bank transfer (automatic),994.55,Yes
6265-SXWBU,Male,No,Yes,Yes,69,95.75,Yes,Yes,Fiber optic,No,Yes,Yes,No,Yes,No,One year,No,Credit card (automatic),6511.25,No
7941-RCJOW,Male,No,No,No,65,19.55,Yes,No,No,No internet service,No internet service,No internet service,No internet service,No internet service,No internet service,Two year,Yes,Credit card (automatic),1218.65,No
6374-NTQLP,Male,Yes,Yes,Yes,72,104.1,Yes,No,Fiber optic,Yes,No,Yes,Yes,Yes,Yes,Two year,Yes,Credit card (automatic),7447.7,No
4154-AQUGT,Male,Yes,Yes,No,13,89.05,Yes,No,Fiber optic,No,Yes,No,Yes,No,Yes,Month-to-month,Yes,Bank transfer (automatic),1169.35,Yes
2387-KDZQY,Male,No,No,No,17,20.1,Yes,No,No,No internet service,No internet service,No internet service,No internet service,No internet service,No internet service,One year,Yes,Mailed check,279.5,No
3584-WKTTW,Male,No,Yes,No,51,111.55,Yes,Yes,Fiber optic,Yes,No,Yes,Yes,Yes,Yes,One year,Yes,Electronic check,5720.35,No
3399-BMLVW,Male,No,Yes,Yes,51,60.5,Yes,No,DSL,Yes,Yes,No,Yes,No,No,Two year,No,Credit card (automatic),3121.45,No
1971-DTCZB,Female,No,Yes,No,72,90.95,Yes,Yes,DSL,Yes,Yes,Yes,Yes,Yes,Yes,Two year,Yes,Bank transfer (automatic),6468.6,No
3092-IGHWF,Male,No,Yes,Yes,67,87.4,Yes,Yes,Fiber optic,No,Yes,Yes,No,No,No,One year,No,Electronic check,5918.8,Yes
3374-PZLXD,Male,No,No,No,34,19.7,Yes,No,No,No internet service,No internet service,No internet service,No internet service,No internet service,No internet service,Month-to-month,No,Mailed check,675.6,No
3813-DHBBB,Male,No,Yes,No,67,50.95,No,No phone service,DSL,Yes,Yes,No,Yes,No,Yes,Two year,Yes,Bank transfer (automatic),3521.7,No
2812-REYAT,Female,No,Yes,No,49,20.05,Yes,No,No,No internet service,No internet service,No internet service,No internet service,No internet service,No internet service,One year,Yes,Bank transfer (automatic),923.1,No
6518-PPLMZ,Male,No,Yes,Yes,53,19.4,Yes,No,No,No internet service,No internet service,No internet service,No internet service,No internet service,No internet service,Two year,Yes,Mailed check,1110.35,No
4939-KYYPY,Male,No,No,No,27,59.45,Yes,Yes,DSL,No,No,Yes,Yes,No,No,Month-to-month,No,Electronic check,1611.65,No
8017-LXHFA,Female,Yes,No,No,23,94.75,Yes,No,Fiber optic,No,Yes,No,No,Yes,Yes,Month-to-month,Yes,Electronic check,2293.6,Yes
5930-GBIWP,Male,No,No,No,69,81.5,Yes,Yes,DSL,Yes,Yes,Yes,Yes,No,Yes,Two year,Yes,Credit card (automatic),5553.25,No
6022-KOUQO,Female,No,Yes,Yes,2,29.05,No,No phone service,DSL,No,No,No,Yes,No,No,Month-to-month,No,Bank transfer (automatic),44.75,No
6352-TWCAU,Female,No,No,No,35,86.45,Yes,Yes,Fiber optic,No,No,No,No,Yes,No,Month-to-month,Yes,Electronic check,3029.1,Yes
2361-UPSND,Female,No,Yes,No,46,70.6,Yes,No,DSL,Yes,Yes,No,Yes,No,Yes,One year,No,Mailed check,3231.05,No
6035-RIIOM,Female,No,No,No,54,97.2,Yes,Yes,Fiber optic,No,Yes,No,No,Yes,Yes,Two year,Yes,Bank transfer (automatic),5129.45,No
2929-QNSRW,Female,No,Yes,No,56,98.25,Yes,Yes,Fiber optic,No,Yes,No,No,Yes,Yes,One year,Yes,Electronic check,5508.35,Yes
1262-OPMFY,Female,No,Yes,No,9,75.75,Yes,No,Fiber optic,No,No,Yes,No,No,No,Month-to-month,Yes,Bank transfer (automatic),655.9,Yes
9504-DSHWM,Male,No,No,No,20,59.2,Yes,Yes,DSL,Yes,No,No,Yes,No,No,Month-to-month,No,Bank transfer (automatic),1191.2,No
5035-BVCXS,Male,No,No,No,11,75.9,Yes,No,Fiber optic,No,Yes,No,No,No,No,Month-to-month,Yes,Mailed check,866.4,No
6267-DCFFZ,Female,Yes,Yes,No,30,90.05,Yes,Yes,Fiber optic,No,Yes,No,No,Yes,No,Month-to-month,Yes,Electronic check,2627.2,No
3533-UVMOM,Male,No,Yes,No,68,70.95,Yes,No,DSL,Yes,Yes,Yes,No,No,Yes,Two year,No,Bank transfer (automatic),4741.45,No
2439-LYPMQ,Male,Yes,Yes,No,38,102.6,Yes,Yes,Fiber optic,No,Yes,Yes,No,Yes,Yes,Month-to-month,Yes,Electronic check,4009.2,No
4248-QPAVC,Female,Yes,Yes,No,17,85.35,Yes,Yes,Fiber optic,Yes,No,Yes,No,No,No,Month-to-month,Yes,Bank transfer (automatic),1463.45,Yes
1899-VXWXM,Male,No,No,No,48,106.1,Yes,Yes,Fiber optic,No,Yes,Yes,No,Yes,Yes,One year,Yes,Credit card (automatic),5082.8,Yes
1478-VPOAD,Female,No,No,No,1,43.8,Yes,No,DSL,No,No,No,No,No,No,Month-to-month,No,Electronic check,43.8,No
9995-HOTOH,Male,No,Yes,Yes,63,59.0,No,No phone service,DSL,Yes,Yes,Yes,No,Yes,Yes,Two year,No,Electronic check,3707.6,No
2988-PLAHS,Female,No,No,No,3,69.95,Yes,No,DSL,No,No,Yes,No,Yes,Yes,One year,Yes,Electronic check,220.45,No
1371-OJCEK,Female,No,No,No,48,24.35,Yes,Yes,No,No internet service,No internet service,No internet service,No internet service,No internet service,No internet service,One year,No,Bank transfer (automatic),1133.7,No
4999-IEZLT,Male,No,No,No,66,29.45,No,No phone service,DSL,No,No,No,Yes,No,No,One year,No,Credit card (automatic),1983.15,No
8883-ANODQ,Female,No,Yes,Yes,68,84.4,Yes,Yes,Fiber optic,No,Yes,Yes,No,No,No,Two year,Yes,Credit card (automatic),5746.75,No
4690-LLKUA,Male,Yes,No,No,17,45.05,Yes,No,DSL,No,No,No,No,No,No,Month-to-month,Yes,Electronic check,770.6,Yes
2351-RRBUE,Female,No,Yes,Yes,7,20.65,Yes,No,No,No internet service,No internet service,No internet service,No internet service,No internet service,No internet service,One year,No,Mailed check,134.05,No
5980-BDHPY,Male,No,Yes,No,72,87.1,Yes,Yes,DSL,Yes,Yes,Yes,Yes,Yes,Yes,Two year,Yes,Bank transfer (automatic),6230.1,No
1498-DQNRX,Female,No,Yes,No,29,19.85,Yes,No,No,No internet service,No internet service,No internet service,No internet service,No internet service,No internet service,Month-to-month,No,Mailed check,573.05,No
9469-WEJBT,Male,No,Yes,No,37,90.35,Yes,No,Fiber optic,No,No,Yes,Yes,No,Yes,Month-to-month,Yes,Electronic check,3419.3,No
3331-HQDTW,Female,No,No,No,34,109.8,Yes,Yes,Fiber optic,Yes,Yes,Yes,No,Yes,Yes,Month-to-month,Yes,Mailed check,3587.25,Yes
9490-DFPMD,Female,Yes,No,No,42,84.65,Yes,Yes,Fiber optic,No,No,No,No,Yes,No,Month-to-month,Yes,Electronic check,3541.35,Yes
2581-VKIRT,Female,No,Yes,Yes,59,65.5,Yes,Yes,DSL,Yes,Yes,No,Yes,No,No,One year,No,Mailed check,3801.3,No
5442-XSDCW,Male,No,Yes,Yes,11,79.5,Yes,No,Fiber optic,No,No,No,No,Yes,No,Month-to-month,Yes,Bank transfer (automatic),868.5,Yes
7426-WEIJX,Male,Yes,Yes,Yes,60,80.95,Yes,Yes,Fiber optic,Yes,No,No,No,No,No,Month-to-month,Yes,Electronic check,4859.1,No
2851-MMUTZ,Female,No,No,No,27,56.15,Yes,No,DSL,No,Yes,No,Yes,No,No,Month-to-month,Yes,Mailed check,1439.35,No
3049-NDXFL,Female,No,No,No,1,85.8,Yes,Yes,Fiber optic,No,No,No,No,No,Yes,Month-to-month,No,Mailed check,85.8,Yes
8580-AECUZ,Male,Yes,No,No,1,79.1,Yes,No,Fiber optic,No,No,No,No,Yes,No,Month-to-month,Yes,Electronic check,79.1,Yes
3307-TLCUD,Male,No,Yes,No,17,34.4,No,No phone service,DSL,Yes,No,Yes,No,No,No,Month-to-month,No,Mailed check,592.75,No
6625-FLENO,Male,No,Yes,No,58,20.75,Yes,No,No,No internet service,No internet service,No internet service,No internet service,No internet service,No internet service,Two year,No,Mailed check,1185.95,No
2967-MXRAV,Male,No,Yes,Yes,1,18.8,Yes,No,No,No internet service,No internet service,No internet service,No internet service,No internet service,No internet service,One year,No,Mailed check,18.8,No
7963-GQRMY,Female,No,Yes,Yes,3,44.3,Yes,No,DSL,No,No,No,No,No,No,Month-to-month,No,Mailed check,134.5,Yes
8189-HBVRW,Female,No,No,No,53,90.8,Yes,Yes,Fiber optic,Yes,Yes,Yes,No,No,No,Month-to-month,No,Electronic check,4921.2,No
4163-KIUHY,Male,No,No,No,35,25.6,Yes,Yes,No,No internet service,No internet service,No internet service,No internet service,No internet service,No internet service,Month-to-month,Yes,Electronic check,901.25,No
1228-FZFRV,Male,No,Yes,Yes,50,105.95,Yes,Yes,Fiber optic,Yes,No,Yes,No,Yes,Yes,Month-to-month,No,Credit card (automatic),5341.8,Yes
3500-NSDOA,Male,No,Yes,Yes,68,70.8,Yes,Yes,DSL,No,Yes,No,Yes,No,Yes,Two year,No,Credit card (automatic),4859.95,No
1171-TYKUR,Male,No,Yes,No,47,25.4,Yes,Yes,No,No internet service,No internet service,No internet service,No internet service,No internet service,No internet service,Month-to-month,No,Electronic check,1139.2,No
3761-FLYZI,Female,Yes,Yes,No,65,108.8,Yes,Yes,Fiber optic,No,Yes,Yes,No,Yes,Yes,Month-to-month,Yes,Bank transfer (automatic),7082.45,No
2058-DCJBE,Male,No,No,No,5,69.75,Yes,No,Fiber optic,No,No,No,No,No,No,Month-to-month,Yes,Electronic check,324.6,Yes
5364-XYIRR,Male,No,Yes,No,51,94.65,Yes,Yes,Fiber optic,No,No,No,No,Yes,Yes,Month-to-month,Yes,Electronic check,4812.75,Yes
4829-AUOAX,Female,No,No,No,46,96.05,Yes,Yes,Fiber optic,No,No,No,No,Yes,Yes,Month-to-month,No,Bank transfer (automatic),4399.5,Yes
1219-NNDDO,Female,No,No,No,9,76.85,Yes,Yes,Fiber optic,No,No,No,No,No,No,Month-to-month,Yes,Electronic check,663.55,No
8388-DMKAE,Female,No,No,No,8,20.25,Yes,No,No,No internet service,No internet service,No internet service,No internet service,No internet service,No internet service,Two year,No,Mailed check,174.65,No
4403-BWPAY,Male,No,No,No,14,24.8,Yes,Yes,No,No internet service,No internet service,No internet service,No internet service,No internet service,No internet service,One year,Yes,Credit card (automatic),321.7,No
9659-QEQSY,Female,No,No,No,45,115.65,Yes,Yes,Fiber optic,Yes,Yes,Yes,Yes,Yes,Yes,Month-to-month,Yes,Electronic check,5125.5,No
5405-ZMYXQ,Female,No,No,No,8,74.6,Yes,Yes,Fiber optic,No,No,No,No,No,No,Month-to-month,Yes,Credit card (automatic),548.9,No
5047-LHVLY,Male,Yes,No,Yes,1,50.15,Yes,No,DSL,No,No,Yes,No,No,No,Month-to-month,Yes,Mailed check,50.15,Yes
1442-OKRJE,Male,No,Yes,Yes,66,103.15,Yes,No,Fiber optic,Yes,Yes,Yes,No,Yes,Yes,One year,Yes,Bank transfer (automatic),7031.3,No
4737-AQCPU,Male,No,Yes,Yes,72,72.1,Yes,Yes,DSL,Yes,Yes,Yes,Yes,No,No,Two year,No,Credit card (automatic),5016.65,No
9158-VCTQB,Female,No,Yes,No,41,113.6,Yes,Yes,Fiber optic,Yes,Yes,Yes,Yes,Yes,Yes,Month-to-month,Yes,Bank transfer (automatic),4594.95,Yes
2808-CHTDM,Female,No,Yes,Yes,23,25.1,Yes,Yes,No,No internet service,No internet service,No internet service,No internet service,No internet service,No internet service,Two year,No,Mailed check,611.45,No
6311-UEUME,Female,No,No,No,29,78.9,Yes,No,Fiber optic,No,No,No,No,Yes,No,Month-to-month,Yes,Electronic check,2384.15,Yes
0793-TWELN,Female,No,No,No,4,80.15,Yes,Yes,Fiber optic,Yes,No,No,No,No,No,Month-to-month,Yes,Electronic check,319.85,No
3283-WCWXT,Male,No,Yes,Yes,6,25.4,Yes,Yes,No,No internet service,No internet service,No internet service,No internet service,No internet service,No internet service,Two year,No,Mailed check,153.3,No
1060-ENTOF,Female,Yes,Yes,No,67,105.4,Yes,Yes,Fiber optic,Yes,Yes,Yes,Yes,No,Yes,One year,Yes,Credit card (automatic),7035.6,No
0999-QXNSA,Male,Yes,No,Yes,7,45.75,Yes,No,DSL,No,No,No,No,No,No,Month-to-month,Yes,Mailed check,344.2,No
5451-MHQOF,Male,No,Yes,Yes,56,24.45,Yes,Yes,No,No internet service,No internet service,No internet service,No internet service,No internet service,No internet service,One year,Yes,Mailed check,1431.65,No
4836-WNFNO,Female,No,Yes,No,72,25.0,Yes,Yes,No,No internet service,No internet service,No internet service,No internet service,No internet service,No internet service,Two year,No,Credit card (automatic),1849.2,No
9225-BZLNZ,Male,No,Yes,No,72,85.25,Yes,Yes,DSL,Yes,Yes,Yes,No,Yes,Yes,Two year,Yes,Electronic check,6083.1,No
0354-VXMJC,Male,No,Yes,Yes,23,19.6,Yes,No,No,No internet service,No internet service,No internet service,No internet service,No internet service,No internet service,Two year,No,Credit card (automatic),426.65,No
4422-QVIJA,Female,No,No,Yes,35,50.15,Yes,Yes,DSL,No,No,No,No,No,No,Month-to-month,No,Mailed check,1655.35,No
9365-SRSZE,Male,Yes,Yes,No,27,70.55,Yes,No,Fiber optic,No,No,No,No,No,No,Month-to-month,Yes,Electronic check,1943.9,No
6839-ITVZJ,Female,No,Yes,Yes,26,60.05,Yes,Yes,DSL,No,Yes,No,Yes,No,No,Month-to-month,Yes,Electronic check,1616.15,Yes
8332-OSJDW,Male,No,Yes,Yes,12,26.4,Yes,Yes,No,No internet service,No internet service,No internet service,No internet service,No internet service,No internet service,One year,No,Mailed check,314.95,No
4735-BJKOU,Female,No,No,No,40,20.15,Yes,No,No,No internet service,No internet service,No internet service,No internet service,No internet service,No internet service,Two year,No,Mailed check,804.85,No
0274-JKUJR,Male,No,Yes,Yes,7,58.85,No,No phone service,DSL,Yes,Yes,Yes,No,Yes,Yes,Month-to-month,No,Mailed check,465.7,No
5740-YHGTW,Male,No,Yes,Yes,70,97.55,Yes,Yes,Fiber optic,Yes,Yes,No,No,Yes,No,Month-to-month,Yes,Credit card (automatic),6669.05,No
8917-SZTTJ,Male,No,Yes,Yes,60,19.65,Yes,No,No,No internet service,No internet service,No internet service,No internet service,No internet service,No internet service,Two year,No,Credit card (automatic),1161.75,No
1696-MZVAU,Male,No,Yes,Yes,39,25.25,No,No phone service,DSL,No,No,No,No,No,No,One year,Yes,Credit card (automatic),947.75,No
7359-WWYJV,Male,No,Yes,No,72,114.45,Yes,Yes,Fiber optic,Yes,Yes,Yes,Yes,Yes,Yes,Two year,No,Credit card (automatic),8375.05,No
0375-HVGXO,Female,No,No,No,1,34.7,No,No phone service,DSL,No,No,No,No,Yes,No,Month-to-month,Yes,Electronic check,34.7,Yes
4906-ZHGPK,Male,No,Yes,Yes,54,70.7,Yes,Yes,DSL,No,Yes,No,Yes,Yes,No,One year,Yes,Electronic check,3770.0,No
8593-WHYHV,Male,No,No,No,3,85.3,Yes,Yes,Fiber optic,No,No,No,No,No,Yes,Month-to-month,Yes,Electronic check,264.8,Yes
3795-GWTRD,Female,No,Yes,Yes,63,75.55,Yes,No,DSL,Yes,Yes,Yes,Yes,Yes,No,Two year,No,Credit card (automatic),4707.85,No
1298-PHBTI,Male,No,Yes,Yes,71,84.8,Yes,Yes,Fiber optic,No,Yes,No,Yes,No,No,Two year,Yes,Electronic check,6152.4,No
6223-DHJGV,Female,No,No,No,42,20.65,Yes,No,No,No internet service,No internet service,No internet service,No internet service,No internet service,No internet service,One year,Yes,Mailed check,958.1,No
6961-MJKBO,Male,No,No,No,47,20.45,Yes,No,No,No internet service,No internet service,No internet service,No internet service,No internet service,No internet service,Two year,No,Bank transfer (automatic),943.0,No
6097-EQISJ,Female,No,Yes,Yes,66,102.45,Yes,Yes,Fiber optic,No,Yes,Yes,No,Yes,Yes,One year,Yes,Credit card (automatic),6615.15,Yes
4423-YLHDV,Female,No,Yes,No,21,104.4,Yes,Yes,Fiber optic,Yes,No,Yes,No,Yes,Yes,Month-to-month,Yes,Bank transfer (automatic),2200.25,Yes
8158-WPEZG,Male,No,No,No,11,35.65,No,No phone service,DSL,No,Yes,No,Yes,No,No,Month-to-month,Yes,Electronic check,425.1,No
0107-YHINA,Male,No,No,Yes,1,99.75,Yes,Yes,Fiber optic,No,No,Yes,No,Yes,Yes,Month-to-month,Yes,Electronic check,99.75,Yes
4918-FYJNT,Female,Yes,Yes,No,55,90.45,Yes,Yes,Fiber optic,No,Yes,Yes,Yes,No,No,Month-to-month,No,Electronic check,5044.8,No
0727-BNRLG,Male,No,No,No,69,97.65,Yes,Yes,Fiber optic,No,Yes,Yes,Yes,Yes,No,Two year,Yes,Credit card (automatic),6743.55,No
4854-CIDCF,Female,Yes,No,No,3,73.85,Yes,No,Fiber optic,No,No,Yes,No,No,No,Month-to-month,No,Electronic check,196.4,No
8640-SDGKB,Male,No,No,No,4,74.4,Yes,No,DSL,No,No,Yes,Yes,Yes,Yes,Month-to-month,Yes,Electronic check,299.7,Yes
3280-MRDOF,Male,Yes,No,No,30,69.1,Yes,Yes,DSL,No,No,Yes,Yes,Yes,No,Two year,Yes,Credit card (automatic),2093.9,No
6435-SRWBJ,Female,No,No,No,5,82.75,Yes,Yes,Fiber optic,No,No,Yes,Yes,No,No,Month-to-month,Yes,Electronic check,417.75,No
9964-WBQDJ,Female,No,Yes,No,71,24.4,Yes,Yes,No,No internet service,No internet service,No internet service,No internet service,No internet service,No internet service,Two year,Yes,Credit card (automatic),1725.4,No
6303-KFWSL,Female,No,No,No,29,55.25,Yes,Yes,DSL,No,Yes,No,No,No,No,One year,Yes,Electronic check,1620.2,No
1702-CCFNJ,Male,No,Yes,No,52,61.35,Yes,Yes,DSL,No,Yes,No,Yes,No,No,Month-to-month,No,Bank transfer (automatic),3169.55,No
8932-CZHRQ,Male,No,No,No,68,76.75,Yes,Yes,DSL,Yes,Yes,Yes,No,No,Yes,One year,No,Credit card (automatic),5233.25,No
0386-CWRGM,Female,No,Yes,Yes,46,19.4,Yes,No,No,No internet service,No internet service,No internet service,No internet service,No internet service,No internet service,Two year,No,Mailed check,967.85,No
5515-RUGKN,Male,No,No,No,8,54.75,Yes,No,DSL,No,No,No,No,No,Yes,Month-to-month,Yes,Credit card (automatic),438.05,No
0404-AHASP,Male,No,Yes,No,72,19.7,Yes,No,No,No internet service,No internet service,No internet service,No internet service,No internet service,No internet service,Two year,No,Credit card (automatic),1421.9,No
7279-NMVJC,Female,No,No,No,17,19.9,Yes,No,No,No internet service,No internet service,No internet service,No internet service,No internet service,No internet service,One year,No,Bank transfer (automatic),323.15,No
2081-VEYEH,Male,No,No,No,3,107.95,Yes,No,Fiber optic,No,Yes,Yes,Yes,Yes,Yes,Month-to-month,Yes,Electronic check,318.6,No
6407-UTSLV,Female,Yes,No,No,2,83.8,Yes,No,Fiber optic,No,Yes,No,No,Yes,No,Month-to-month,Yes,Bank transfer (automatic),163.7,No
4116-TZAQJ,Female,No,No,No,9,74.25,Yes,No,Fiber optic,Yes,No,No,No,No,No,Month-to-month,Yes,Credit card (automatic),639.65,Yes
9060-HJJRW,Female,No,No,No,51,56.4,No,No phone service,DSL,No,Yes,Yes,No,Yes,Yes,One year,Yes,Credit card (automatic),2928.5,No
2587-YNLES,Female,No,Yes,Yes,6,20.1,Yes,No,No,No internet service,No internet service,No internet service,No internet service,No internet service,No internet service,Two year,No,Mailed check,100.35,No
7398-SKNQZ,Female,No,Yes,No,3,94.9,Yes,Yes,Fiber optic,No,No,No,No,Yes,Yes,Month-to-month,No,Electronic check,273.2,No
5935-FCCNB,Female,Yes,No,No,17,94.2,Yes,Yes,Fiber optic,No,No,No,No,Yes,Yes,Month-to-month,Yes,Electronic check,1608.15,No
1958-RNRKS,Male,No,Yes,No,30,49.9,Yes,Yes,DSL,No,No,No,No,No,No,Month-to-month,No,Electronic check,1441.95,No
5136-RGMZO,Male,No,No,No,31,71.05,Yes,Yes,DSL,No,Yes,No,Yes,Yes,No,Month-to-month,Yes,Electronic check,2168.15,No
8345-MVDYC,Female,No,No,No,45,81.65,Yes,No,DSL,Yes,No,Yes,Yes,Yes,Yes,Two year,No,Bank transfer (automatic),3618.7,No
8226-BXGES,Male,No,Yes,No,64,89.45,Yes,Yes,Fiber optic,Yes,Yes,Yes,No,No,No,One year,No,Bank transfer (automatic),5692.65,No
3877-JRJIP,Male,No,No,No,1,59.85,Yes,Yes,DSL,No,No,No,No,Yes,No,Month-to-month,Yes,Electronic check,59.85,Yes
8375-DKEBR,Female,Yes,No,No,1,69.6,Yes,No,Fiber optic,No,No,No,No,No,No,Month-to-month,Yes,Electronic check,69.6,Yes
9705-IOVQQ,Male,Yes,Yes,Yes,61,99.0,Yes,Yes,Fiber optic,No,Yes,No,No,Yes,Yes,One year,No,Electronic check,5969.3,No
1015-OWJKI,Male,No,No,No,1,19.05,Yes,No,No,No internet service,No internet service,No internet service,No internet service,No internet service,No internet service,Month-to-month,No,Mailed check,19.05,No
7511-YMXVQ,Male,No,No,No,9,45.4,No,No phone service,DSL,No,No,No,No,Yes,Yes,Month-to-month,Yes,Electronic check,418.8,Yes
2040-XBAVJ,Male,No,Yes,Yes,72,114.45,Yes,Yes,Fiber optic,Yes,Yes,Yes,Yes,Yes,Yes,Two year,No,Bank transfer (automatic),8100.55,No
7551-JOHTI,Female,No,No,No,1,19.5,Yes,No,No,No internet service,No internet service,No internet service,No internet service,No internet service,No internet service,Month-to-month,No,Mailed check,19.5,Yes
8887-IPQNC,Female,No,Yes,No,7,44.25,Yes,No,DSL,No,No,No,No,No,No,Month-to-month,Yes,Mailed check,313.45,No
8646-JCOMS,Female,No,Yes,No,66,90.55,Yes,Yes,Fiber optic,No,Yes,Yes,Yes,No,No,One year,Yes,Bank transfer (automatic),6130.95,No
9804-ICWBG,Male,No,No,No,1,69.9,Yes,No,Fiber optic,No,No,No,No,No,No,Month-to-month,Yes,Electronic check,69.9,Yes
1222-KJNZD,Male,No,Yes,Yes,40,20.4,Yes,No,No,No internet service,No internet service,No internet service,No internet service,No internet service,No internet service,Month-to-month,Yes,Bank transfer (automatic),745.3,No
0106-GHRQR,Male,No,No,No,16,71.4,Yes,Yes,DSL,No,Yes,Yes,No,No,Yes,Month-to-month,Yes,Bank transfer (automatic),1212.1,No
5318-IXUZF,Female,No,No,No,2,87.15,Yes,No,Fiber optic,No,Yes,No,No,Yes,No,Month-to-month,Yes,Bank transfer (automatic),183.75,Yes
3768-VHXQO,Male,No,Yes,No,67,24.85,Yes,Yes,No,No internet service,No internet service,No internet service,No internet service,No internet service,No internet service,Two year,No,Credit card (automatic),1583.5,No
8952-WCVCD,Female,No,Yes,No,41,104.45,Yes,No,Fiber optic,Yes,Yes,Yes,No,Yes,Yes,One year,Yes,Bank transfer (automatic),4162.05,No
2418-TPEUN,Female,No,Yes,Yes,56,19.8,Yes,No,No,No internet service,No internet service,No internet service,No internet service,No internet service,No internet service,Two year,Yes,Credit card (automatic),1119.9,No
3963-RYFNS,Female,No,No,No,72,116.45,Yes,Yes,Fiber optic,Yes,Yes,Yes,Yes,Yes,Yes,Two year,Yes,Bank transfer (automatic),8013.55,No
3198-VELRD,Female,No,Yes,Yes,3,84.75,Yes,Yes,Fiber optic,No,No,No,No,No,Yes,Month-to-month,Yes,Bank transfer (automatic),264.85,Yes
8540-ZQGEA,Female,No,Yes,No,54,20.05,Yes,No,No,No internet service,No internet service,No internet service,No internet service,No internet service,No internet service,Two year,No,Credit card (automatic),1102.4,No
1320-REHCS,Male,Yes,No,No,52,110.75,Yes,Yes,Fiber optic,No,Yes,Yes,Yes,Yes,Yes,Month-to-month,Yes,Electronic check,5832.0,No
4137-JOPHL,Female,No,No,No,50,89.7,Yes,No,Fiber optic,No,No,Yes,Yes,No,Yes,Two year,Yes,Bank transfer (automatic),4304.5,No
9436-ZBZCT,Male,No,No,No,14,89.95,Yes,Yes,Fiber optic,No,No,No,Yes,Yes,No,Month-to-month,Yes,Electronic check,1178.4,Yes
7801-CEDNV,Male,No,Yes,No,27,48.7,Yes,No,DSL,Yes,No,No,No,No,No,One year,No,Credit card (automatic),1421.75,No
2057-BOYKM,Female,Yes,Yes,No,72,96.6,Yes,Yes,Fiber optic,Yes,Yes,Yes,Yes,No,No,Two year,Yes,Bank transfer (automatic),6827.5,No
3658-QQJYD,Male,No,No,No,62,74.3,Yes,No,DSL,Yes,Yes,No,No,Yes,Yes,One year,Yes,Credit card (automatic),4698.05,No
1803-BGNBD,Female,No,No,No,12,54.3,Yes,No,DSL,No,Yes,No,Yes,No,No,Month-to-month,Yes,Electronic check,654.5,No
0134-XWXCE,Female,Yes,No,No,44,74.85,Yes,No,DSL,No,No,Yes,Yes,Yes,Yes,One year,No,Bank transfer (automatic),3268.05,No
6950-TWMYB,Male,No,Yes,Yes,54,79.95,Yes,No,Fiber optic,No,Yes,No,Yes,No,No,Two year,Yes,Bank transfer (automatic),4362.05,No
5848-FHRFC,Female,No,No,No,68,20.05,Yes,No,No,No internet service,No internet service,No internet service,No internet service,No internet service,No internet service,Two year,No,Bank transfer (automatic),1386.9,No
2243-FNMMI,Male,No,No,No,20,19.4,Yes,No,No,No internet service,No internet service,No internet service,No internet service,No internet service,No internet service,Month-to-month,No,Mailed check,415.4,No
2511-MORQY,Male,No,Yes,Yes,50,54.9,Yes,Yes,DSL,No,No,Yes,No,No,No,One year,No,Bank transfer (automatic),2614.1,No
5356-KZCKT,Male,No,No,No,58,24.45,Yes,Yes,No,No internet service,No internet service,No internet service,No internet service,No internet service,No internet service,Two year,Yes,Credit card (automatic),1513.6,No
9470-XCCEM,Male,No,Yes,Yes,35,89.65,Yes,Yes,Fiber optic,No,Yes,No,No,Yes,No,Month-to-month,Yes,Bank transfer (automatic),3161.6,No
6519-CFDBX,Female,No,No,No,2,45.4,Yes,No,DSL,No,No,No,No,No,No,Month-to-month,Yes,Electronic check,80.95,No
3902-MIVLE,Male,No,Yes,Yes,63,75.7,Yes,Yes,DSL,Yes,No,Yes,Yes,No,Yes,Two year,No,Mailed check,4676.7,No
0409-WTMPL,Female,No,Yes,No,58,110.65,Yes,Yes,Fiber optic,Yes,Yes,Yes,No,Yes,Yes,One year,Yes,Credit card (automatic),6526.65,No
8763-KIAFH,Female,No,Yes,Yes,27,20.55,Yes,No,No,No internet service,No internet service,No internet service,No internet service,No internet service,No internet service,One year,Yes,Mailed check,583.3,No
3669-WHAFY,Female,No,Yes,No,71,115.15,Yes,Yes,Fiber optic,Yes,Yes,Yes,Yes,Yes,Yes,Two year,Yes,Credit card (automatic),8078.1,No
3055-VTCGS,Female,No,No,No,63,58.55,Yes,No,DSL,No,No,Yes,No,No,Yes,One year,No,Credit card (automatic),3503.5,No
3144-KMTWZ,Male,No,Yes,No,71,93.25,Yes,Yes,Fiber optic,No,Yes,Yes,No,No,Yes,Month-to-month,Yes,Bank transfer (automatic),6669.45,No
7279-BUYWN,Female,Yes,No,No,41,113.2,Yes,Yes,Fiber optic,Yes,Yes,Yes,No,Yes,Yes,Month-to-month,Yes,Electronic check,4689.5,Yes
7156-MHUGY,Male,Yes,No,No,13,90.5,Yes,No,Fiber optic,No,No,No,No,Yes,Yes,Month-to-month,Yes,Electronic check,1201.15,Yes
7198-GLXTC,Male,No,No,No,2,79.0,Yes,No,Fiber optic,No,No,No,No,Yes,No,Month-to-month,No,Electronic check,143.65,Yes
2007-QVGAW,Female,No,Yes,Yes,68,19.35,Yes,No,No,No internet service,No internet service,No internet service,No internet service,No internet service,No internet service,Two year,Yes,Bank transfer (automatic),1292.65,No
5207-PLSTK,Male,No,Yes,Yes,1,48.75,Yes,No,DSL,Yes,No,No,No,No,No,Month-to-month,Yes,Mailed check,48.75,No
2307-FYNNL,Male,Yes,No,No,65,109.05,Yes,Yes,Fiber optic,Yes,No,Yes,Yes,Yes,Yes,Two year,Yes,Electronic check,7108.2,No
5605-XNWEN,Male,Yes,Yes,No,72,25.0,Yes,Yes,No,No internet service,No internet service,No internet service,No internet service,No internet service,No internet service,Two year,Yes,Bank transfer (automatic),1802.55,No
2155-AMQRX,Female,No,No,No,28,54.9,Yes,Yes,DSL,No,No,No,Yes,No,No,Month-to-month,Yes,Credit card (automatic),1505.15,No
6181-AXXYF,Male,No,Yes,Yes,72,24.75,Yes,Yes,No,No internet service,No internet service,No internet service,No internet service,No internet service,No internet service,Two year,No,Credit card (automatic),1859.1,No
5091-HFAZW,Female,No,No,No,2,91.15,Yes,No,Fiber optic,Yes,Yes,No,No,Yes,No,Month-to-month,Yes,Electronic check,168.5,No
0516-VRYBW,Female,No,No,Yes,18,20.15,Yes,No,No,No internet service,No internet service,No internet service,No internet service,No internet service,No internet service,One year,No,Bank transfer (automatic),390.85,Yes
2519-LBNQL,Male,Yes,Yes,No,60,104.35,Yes,Yes,Fiber optic,No,Yes,Yes,No,Yes,Yes,One year,Yes,Electronic check,6339.45,No
8623-ULFNQ,Female,Yes,No,No,26,66.05,Yes,Yes,DSL,No,No,No,Yes,No,Yes,Month-to-month,Yes,Electronic check,1652.4,No
8380-PEFPE,Male,No,No,Yes,1,71.65,Yes,No,Fiber optic,No,No,No,No,No,No,Month-to-month,Yes,Electronic check,71.65,Yes
5687-DKDTV,Female,No,No,No,4,20.35,Yes,No,No,No internet service,No internet service,No internet service,No internet service,No internet service,No internet service,Month-to-month,No,Mailed check,77.5,Yes
1568-LJSZU,Male,No,Yes,Yes,68,92.2,Yes,Yes,DSL,Yes,Yes,Yes,Yes,Yes,Yes,Two year,Yes,Credit card (automatic),6392.85,No
7530-HDYDS,Female,No,No,No,38,84.25,Yes,No,Fiber optic,No,Yes,Yes,Yes,No,No,Month-to-month,Yes,Credit card (automatic),3264.5,Yes
7789-HKSBS,Female,Yes,Yes,No,42,105.2,Yes,Yes,Fiber optic,Yes,No,Yes,No,Yes,Yes,One year,Yes,Bank transfer (automatic),4599.15,No
7416-CKTEP,Female,No,Yes,No,57,19.6,Yes,No,No,No internet service,No internet service,No internet service,No internet service,No internet service,No internet service,Two year,Yes,Bank transfer (automatic),1134.25,No
2586-CWXVV,Male,No,Yes,No,54,30.4,No,No phone service,DSL,No,Yes,No,No,No,No,Month-to-month,No,Electronic check,1621.35,No
3096-IZETN,Female,No,No,No,12,78.1,Yes,No,Fiber optic,No,No,No,No,No,Yes,Month-to-month,No,Bank transfer (automatic),947.3,Yes
2348-KCJLT,Female,No,Yes,No,44,61.5,Yes,No,DSL,Yes,Yes,Yes,No,No,No,One year,Yes,Mailed check,2722.2,No
8401-EMUWF,Male,No,Yes,Yes,42,69.4,Yes,Yes,DSL,Yes,Yes,No,No,Yes,No,Month-to-month,Yes,Bank transfer (automatic),3058.3,No
4193-IBKSW,Male,No,Yes,Yes,72,24.75,Yes,Yes,No,No internet service,No internet service,No internet service,No internet service,No internet service,No internet service,Two year,No,Bank transfer (automatic),1769.6,No
5377-NDTOU,Female,No,Yes,Yes,71,91.05,Yes,Yes,DSL,Yes,Yes,Yes,Yes,Yes,Yes,Two year,No,Mailed check,6293.75,No
5922-ABDVO,Female,No,Yes,No,19,89.65,Yes,Yes,Fiber optic,No,No,Yes,No,No,Yes,Month-to-month,No,Mailed check,1761.05,Yes
2474-LCNUE,Female,No,Yes,No,23,73.65,Yes,Yes,DSL,No,No,No,Yes,Yes,Yes,Month-to-month,Yes,Credit card (automatic),1642.75,No
0839-QNXME,Female,No,No,No,30,19.4,Yes,No,No,No internet service,No internet service,No internet service,No internet service,No internet service,No internet service,Two year,No,Credit card (automatic),578.5,No
3506-OVLKD,Male,No,No,No,35,26.2,Yes,Yes,No,No internet service,No internet service,No internet service,No internet service,No internet service,No internet service,One year,No,Bank transfer (automatic),954.9,No
9172-ANCRX,Female,No,No,No,10,98.7,Yes,Yes,Fiber optic,Yes,No,No,No,Yes,Yes,Month-to-month,Yes,Electronic check,973.25,Yes
6650-VJONK,Male,No,No,No,1,43.85,Yes,No,DSL,No,No,No,No,No,No,Month-to-month,Yes,Bank transfer (automatic),43.85,No
2178-PMGCJ,Male,No,No,No,22,69.7,Yes,No,Fiber optic,No,No,No,No,No,No,Month-to-month,Yes,Mailed check,1490.4,No
7492-TAFJD,Male,No,Yes,Yes,7,38.55,No,No phone service,DSL,Yes,Yes,Yes,No,No,No,Two year,No,Mailed check,280.0,No
2773-MADBQ,Female,No,No,No,36,53.1,No,No phone service,DSL,Yes,Yes,Yes,Yes,No,Yes,Two year,Yes,Mailed check,1901.25,No
6016-LVTJQ,Female,No,Yes,Yes,34,20.65,Yes,No,No,No internet service,No internet service,No internet service,No internet service,No internet service,No internet service,Month-to-month,No,Mailed check,716.4,No
7860-KSUGX,Male,No,Yes,Yes,72,64.45,Yes,Yes,DSL,Yes,Yes,Yes,No,No,No,Two year,No,Credit card (automatic),4720.0,No
8966-KZXXA,Male,No,Yes,Yes,36,25.1,Yes,Yes,No,No internet service,No internet service,No internet service,No internet service,No internet service,No internet service,Two year,No,Credit card (automatic),930.95,No
6910-HADCM,Female,No,No,No,1,76.35,Yes,No,Fiber optic,No,No,Yes,No,No,No,Month-to-month,No,Electronic check,76.35,Yes
4816-LXZYW,Female,No,No,No,23,79.15,Yes,Yes,Fiber optic,No,Yes,No,No,No,No,Month-to-month,Yes,Electronic check,1676.95,Yes
9606-PBKBQ,Male,Yes,Yes,No,32,85.0,Yes,Yes,Fiber optic,No,No,No,No,No,Yes,Month-to-month,Yes,Electronic check,2642.05,Yes
5149-QYTTU,Female,No,Yes,Yes,71,95.15,Yes,Yes,Fiber optic,Yes,Yes,Yes,Yes,No,No,One year,Yes,Credit card (automatic),6770.85,No
2070-XYMFH,Female,Yes,No,No,23,79.35,Yes,Yes,Fiber optic,No,No,Yes,No,No,No,Month-to-month,Yes,Mailed check,1835.3,No
2085-BOJKI,Male,No,Yes,No,17,96.65,Yes,No,Fiber optic,No,No,Yes,No,Yes,Yes,One year,Yes,Bank transfer (automatic),1588.25,No
0817-HSUSE,Male,No,No,No,1,75.5,Yes,No,DSL,No,No,Yes,Yes,Yes,Yes,Month-to-month,Yes,Electronic check,75.5,No
5442-PPTJY,Male,No,Yes,Yes,12,19.7,Yes,No,No,No internet service,No internet service,No internet service,No internet service,No internet service,No internet service,Two year,No,Mailed check,258.35,No
1927-QEWMY,Female,No,Yes,No,72,20.5,Yes,No,No,No internet service,No internet service,No internet service,No internet service,No internet service,No internet service,Two year,No,Credit card (automatic),1502.25,No
1663-MHLHE,Male,No,No,No,1,19.2,Yes,No,No,No internet service,No internet service,No internet service,No internet service,No internet service,No internet service,Month-to-month,No,Mailed check,19.2,No
5663-QBGIS,Male,Yes,Yes,No,72,98.35,Yes,Yes,Fiber optic,No,Yes,No,No,Yes,Yes,Two year,No,Bank transfer (automatic),6929.4,No
4450-MDZFX,Male,No,Yes,Yes,60,74.35,Yes,Yes,Fiber optic,No,No,No,No,No,No,Month-to-month,No,Bank transfer (automatic),4453.3,No
6701-DHKWQ,Female,No,Yes,Yes,61,51.35,No,No phone service,DSL,No,Yes,Yes,Yes,Yes,No,Two year,No,Credit card (automatic),3244.4,No
7554-AKDQF,Female,No,Yes,No,6,45.65,Yes,No,DSL,No,No,No,No,No,No,Month-to-month,No,Mailed check,323.45,No
3536-IQCTX,Male,Yes,Yes,No,32,85.3,Yes,Yes,Fiber optic,No,No,No,No,No,Yes,Month-to-month,No,Electronic check,2661.1,Yes
4911-BANWH,Female,No,No,Yes,31,86.55,Yes,Yes,Fiber optic,No,No,No,No,Yes,No,Month-to-month,Yes,Credit card (automatic),2697.4,Yes
8496-EJAUI,Male,No,No,No,19,73.85,Yes,No,Fiber optic,No,Yes,No,No,No,No,Month-to-month,Yes,Credit card (automatic),1424.5,Yes
0794-YVSGE,Male,No,Yes,Yes,72,20.3,Yes,No,No,No internet service,No internet service,No internet service,No internet service,No internet service,No internet service,Two year,No,Bank transfer (automatic),1401.15,No
5423-BHIXO,Female,No,No,No,32,54.2,Yes,Yes,DSL,No,Yes,No,No,No,No,Month-to-month,Yes,Electronic check,1739.6,No
6908-VVYHM,Male,No,Yes,No,65,90.65,Yes,Yes,Fiber optic,No,Yes,No,No,No,Yes,Month-to-month,Yes,Electronic check,5931.0,No
2959-EEXWB,Female,No,Yes,Yes,45,50.9,No,No phone service,DSL,Yes,No,No,No,Yes,Yes,Month-to-month,Yes,Bank transfer (automatic),2333.85,No
1839-UMACK,Male,No,No,No,42,25.05,Yes,Yes,No,No internet service,No internet service,No internet service,No internet service,No internet service,No internet service,One year,No,Electronic check,949.85,No
3030-YDNRM,Male,No,No,No,8,74.85,Yes,Yes,Fiber optic,No,No,No,No,No,No,Month-to-month,Yes,Electronic check,572.45,No
7321-KKSDU,Male,No,No,Yes,32,20.5,Yes,No,No,No internet service,No internet service,No internet service,No internet service,No internet service,No internet service,Two year,No,Mailed check,696.8,No
3402-XRIUO,Female,Yes,Yes,No,22,63.55,Yes,Yes,DSL,Yes,Yes,No,Yes,No,No,Month-to-month,Yes,Mailed check,1381.8,No
3132-TVFDZ,Male,Yes,Yes,No,57,44.85,No,No phone service,DSL,No,No,No,No,Yes,Yes,Month-to-month,Yes,Electronic check,2572.95,Yes
8286-AFUYI,Male,No,No,No,1,47.95,Yes,No,DSL,Yes,No,No,No,No,No,Month-to-month,No,Electronic check,47.95,No
8080-DDEMJ,Male,Yes,No,No,1,45.1,Yes,No,DSL,No,No,No,No,No,No,Month-to-month,No,Electronic check,45.1,Yes
8356-WUAOJ,Female,No,Yes,No,1,45.0,Yes,No,DSL,No,No,No,No,No,No,Month-to-month,Yes,Electronic check,45.0,No
6365-MTGZX,Male,No,No,No,24,96.0,Yes,No,Fiber optic,No,No,No,Yes,Yes,Yes,Month-to-month,Yes,Electronic check,2122.45,Yes
1349-WXNGG,Male,No,No,No,1,20.05,Yes,No,No,No internet service,No internet service,No internet service,No internet service,No internet service,No internet service,Month-to-month,No,Bank transfer (automatic),20.05,Yes
8058-DMYRU,Male,Yes,No,No,54,90.05,Yes,Yes,Fiber optic,No,Yes,No,No,No,Yes,Month-to-month,Yes,Electronic check,4931.8,No
9350-ZXYJC,Female,No,No,No,4,25.3,Yes,Yes,No,No internet service,No internet service,No internet service,No internet service,No internet service,No internet service,Two year,Yes,Credit card (automatic),116.95,No
6990-YNRIO,Male,No,Yes,Yes,65,108.65,Yes,Yes,Fiber optic,Yes,No,Yes,Yes,Yes,Yes,Two year,No,Bank transfer (automatic),6937.95,Yes
8958-JPTRR,Female,No,Yes,No,56,24.3,Yes,Yes,No,No internet service,No internet service,No internet service,No internet service,No internet service,No internet service,One year,No,Electronic check,1261.7,No
6959-GQEGV,Male,No,No,No,45,75.95,Yes,No,DSL,Yes,No,Yes,No,Yes,Yes,Month-to-month,Yes,Electronic check,3273.8,No
3173-WSSUE,Female,No,Yes,Yes,71,19.7,Yes,No,No,No internet service,No internet service,No internet service,No internet service,No internet service,No internet service,Two year,No,Credit card (automatic),1415.85,No
1265-HVPZB,Male,No,Yes,No,59,66.4,Yes,No,DSL,Yes,Yes,Yes,No,Yes,No,One year,No,Credit card (automatic),3958.2,No
4115-UMJFQ,Male,No,No,No,69,35.75,No,No phone service,DSL,No,Yes,Yes,No,No,No,One year,Yes,Bank transfer (automatic),2492.25,No
7369-TRPFD,Male,No,No,No,19,18.8,Yes,No,No,No internet service,No internet service,No internet service,No internet service,No internet service,No internet service,One year,No,Mailed check,279.2,No
1098-KFQEC,Female,No,Yes,Yes,55,19.4,Yes,No,No,No internet service,No internet service,No internet service,No internet service,No internet service,No internet service,Two year,No,Credit card (automatic),1083.0,No
7190-XHTWJ,Female,No,No,No,38,19.3,Yes,No,No,No internet service,No internet service,No internet service,No internet service,No internet service,No internet service,One year,No,Mailed check,755.5,No
0621-TWIEM,Male,No,No,No,10,45.55,Yes,No,DSL,No,No,No,No,No,No,Month-to-month,Yes,Electronic check,402.6,Yes
3537-RYBHH,Female,Yes,Yes,No,47,67.45,Yes,Yes,DSL,Yes,Yes,Yes,No,No,No,Month-to-month,Yes,Credit card (automatic),3252.0,No
2485-ITVKB,Female,No,Yes,No,2,35.1,No,No phone service,DSL,No,No,No,No,No,Yes,Month-to-month,Yes,Electronic check,68.75,Yes
3669-OYSJI,Male,No,No,No,1,46.2,Yes,No,DSL,No,No,No,No,No,No,Month-to-month,No,Credit card (automatic),46.2,Yes
1612-EOHDH,Female,No,No,No,1,45.15,Yes,No,DSL,No,No,No,No,No,No,Month-to-month,No,Electronic check,45.15,Yes
6702-OHFWR,Male,Yes,No,No,1,43.3,No,No phone service,DSL,No,Yes,Yes,No,No,Yes,Month-to-month,Yes,Electronic check,43.3,Yes
5296-BFCYD,Male,No,Yes,Yes,46,20.1,Yes,No,No,No internet service,No internet service,No internet service,No internet service,No internet service,No internet service,Two year,Yes,Mailed check,936.85,No
4510-PYUSH,Female,Yes,No,No,38,57.15,Yes,No,DSL,Yes,Yes,No,No,No,No,Month-to-month,Yes,Credit card (automatic),2250.65,Yes
9359-JANWS,Female,No,Yes,No,65,58.9,Yes,No,DSL,Yes,No,Yes,Yes,No,No,Two year,No,Credit card (automatic),3857.1,No
7517-SAWMO,Female,No,Yes,No,19,73.2,Yes,No,Fiber optic,Yes,No,No,No,No,No,Month-to-month,Yes,Electronic check,1441.1,Yes
4143-HHPMK,Male,No,No,No,52,85.35,Yes,No,Fiber optic,No,Yes,No,No,No,Yes,Month-to-month,Yes,Electronic check,4338.6,Yes
3279-DYZQM,Male,No,Yes,Yes,71,19.45,Yes,No,No,No internet service,No internet service,No internet service,No internet service,No internet service,No internet service,Two year,No,Mailed check,1378.45,No
7054-LGEQW,Female,No,No,No,1,45.95,Yes,No,DSL,No,No,No,No,No,No,Month-to-month,No,Mailed check,45.95,Yes
0523-VNGTF,Female,Yes,No,No,52,50.5,No,No phone service,DSL,No,Yes,Yes,Yes,Yes,No,Month-to-month,Yes,Electronic check,2566.3,No
9575-IWCAZ,Male,No,Yes,No,6,25.1,Yes,Yes,No,No internet service,No internet service,No internet service,No internet service,No internet service,No internet service,One year,No,Mailed check,171.0,No
7105-MXJLL,Female,Yes,Yes,No,26,60.7,Yes,No,DSL,No,No,Yes,No,No,Yes,One year,No,Mailed check,1597.4,No
7064-FRRSW,Male,Yes,No,No,48,99.0,Yes,Yes,Fiber optic,No,Yes,No,No,Yes,Yes,One year,Yes,Electronic check,4744.35,No
7940-UQQUG,Female,No,Yes,Yes,64,104.4,Yes,Yes,Fiber optic,Yes,No,No,Yes,Yes,Yes,One year,Yes,Bank transfer (automatic),6721.6,No
0923-PNFUB,Female,No,No,No,3,83.75,Yes,No,Fiber optic,No,Yes,No,No,Yes,No,Month-to-month,No,Electronic check,247.25,Yes
3961-SXAXY,Male,No,No,No,1,44.05,Yes,No,DSL,No,No,No,No,No,No,Month-to-month,Yes,Bank transfer (automatic),44.05,No
7010-BRBUU,Male,No,Yes,Yes,72,24.1,Yes,Yes,No,No internet service,No internet service,No internet service,No internet service,No internet service,No internet service,Two year,No,Credit card (automatic),1734.65,No
3566-HJGPK,Male,No,No,No,1,45.55,Yes,No,DSL,No,No,No,No,No,No,Month-to-month,Yes,Mailed check,45.55,No
3062-ICYZQ,Female,No,Yes,Yes,51,93.8,Yes,Yes,Fiber optic,Yes,Yes,No,No,No,Yes,Month-to-month,Yes,Electronic check,4539.35,No
9938-PRCVK,Female,No,Yes,Yes,41,19.7,Yes,No,No,No internet service,No internet service,No internet service,No internet service,No internet service,No internet service,Two year,No,Bank transfer (automatic),804.25,No
0973-KYVNF,Female,No,Yes,Yes,72,70.65,Yes,No,DSL,Yes,Yes,Yes,No,Yes,No,Two year,Yes,Credit card (automatic),5011.15,No
5129-HHMZC,Female,No,Yes,No,43,86.45,Yes,Yes,DSL,Yes,Yes,No,Yes,Yes,Yes,Two year,No,Credit card (automatic),3574.5,No
9637-CDTKZ,Male,No,Yes,No,72,114.1,Yes,Yes,Fiber optic,Yes,Yes,Yes,Yes,Yes,Yes,Two year,Yes,Credit card (automatic),8086.4,No
3946-JEWRQ,Male,No,Yes,No,47,95.2,Yes,Yes,Fiber optic,No,No,No,No,Yes,Yes,One year,Yes,Credit card (automatic),4563.0,No
7873-CVMAW,Male,No,No,No,72,88.55,Yes,Yes,DSL,Yes,Yes,Yes,Yes,Yes,Yes,Two year,No,Credit card (automatic),6362.35,No
0463-WZZKO,Male,No,No,No,3,20.75,Yes,No,No,No internet service,No internet service,No internet service,No internet service,No internet service,No internet service,Month-to-month,Yes,Credit card (automatic),67.1,No
3494-JCHRQ,Male,No,No,No,1,70.05,Yes,No,Fiber optic,No,No,No,No,No,No,Month-to-month,Yes,Electronic check,70.05,Yes
6474-FVJLC,Male,No,No,No,2,86.0,Yes,Yes,Fiber optic,No,No,No,No,No,Yes,Month-to-month,Yes,Electronic check,165.45,Yes
4524-QCSSM,Male,No,No,No,26,44.65,No,No phone service,DSL,Yes,Yes,No,No,No,Yes,Month-to-month,Yes,Bank transfer (automatic),1156.55,No
5832-EXGTT,Male,No,Yes,Yes,29,60.2,Yes,No,DSL,Yes,No,No,No,No,Yes,Month-to-month,Yes,Mailed check,1834.15,No
8840-DQLGN,Female,Yes,Yes,No,35,100.5,Yes,Yes,Fiber optic,Yes,Yes,No,Yes,Yes,No,Month-to-month,Yes,Bank transfer (automatic),3653.35,Yes
2039-JONDJ,Male,No,No,No,27,55.45,Yes,No,DSL,Yes,Yes,No,No,No,No,One year,No,Bank transfer (automatic),1477.65,No
7217-JYHOQ,Male,No,Yes,Yes,24,70.3,Yes,No,DSL,Yes,Yes,No,Yes,No,Yes,Month-to-month,Yes,Credit card (automatic),1706.45,No
6695-FRVEC,Male,No,Yes,Yes,67,60.4,Yes,No,DSL,Yes,No,Yes,Yes,No,No,Two year,Yes,Bank transfer (automatic),3953.7,No
4547-LYTDD,Female,No,No,No,16,72.65,Yes,Yes,Fiber optic,No,No,No,No,No,No,Month-to-month,No,Electronic check,1194.3,Yes
9894-QMIMJ,Female,No,No,No,23,55.8,Yes,No,DSL,No,Yes,Yes,No,No,No,One year,No,Bank transfer (automatic),1327.85,No
8069-YQQAJ,Male,No,No,No,14,31.1,No,No phone service,DSL,No,Yes,No,No,No,No,Month-to-month,Yes,Mailed check,419.7,No
6770-XUAGN,Female,No,Yes,Yes,1,21.0,Yes,No,No,No internet service,No internet service,No internet service,No internet service,No internet service,No internet service,Month-to-month,Yes,Electronic check,21.0,Yes
4193-ORFCL,Female,Yes,No,No,1,45.1,Yes,No,DSL,No,No,No,No,No,No,Month-to-month,No,Mailed check,45.1,Yes
1636-NTNCO,Male,Yes,No,No,4,50.95,No,No phone service,DSL,No,Yes,No,No,Yes,Yes,Month-to-month,Yes,Credit card (automatic),207.35,No
3466-WAESX,Male,No,No,Yes,16,69.1,Yes,Yes,DSL,Yes,Yes,No,No,No,Yes,Month-to-month,Yes,Electronic check,1083.7,No
9281-PKKZE,Female,No,Yes,No,46,43.95,No,No phone service,DSL,No,No,No,No,Yes,Yes,Month-to-month,Yes,Electronic check,2007.85,No
3638-VBZTA,Male,No,No,Yes,68,86.5,Yes,Yes,DSL,Yes,Yes,No,Yes,Yes,Yes,Two year,Yes,Bank transfer (automatic),5882.75,No
7459-IMVYU,Male,No,No,No,38,69.95,Yes,Yes,DSL,Yes,Yes,Yes,Yes,No,No,Month-to-month,No,Electronic check,2657.55,No
7776-QWNFX,Male,Yes,Yes,No,30,50.4,Yes,No,DSL,No,Yes,No,No,No,No,Month-to-month,Yes,Bank transfer (automatic),1527.5,Yes
6689-TCZHQ,Female,Yes,No,No,5,78.95,Yes,No,Fiber optic,No,No,No,No,No,Yes,Month-to-month,No,Electronic check,378.4,Yes
8563-OYMQY,Male,No,No,No,17,90.95,Yes,No,Fiber optic,No,Yes,Yes,No,No,Yes,Month-to-month,Yes,Credit card (automatic),1612.2,No
0754-EEBDC,Male,No,Yes,Yes,4,19.9,Yes,No,No,No internet service,No internet service,No internet service,No internet service,No internet service,No internet service,Two year,No,Mailed check,76.65,No
5777-ZPQNC,Female,No,No,No,12,20.15,Yes,No,No,No internet service,No internet service,No internet service,No internet service,No internet service,No internet service,One year,No,Electronic check,260.7,No
1951-IEYXM,Male,No,Yes,Yes,72,90.6,Yes,Yes,DSL,Yes,Yes,Yes,Yes,Yes,Yes,Two year,Yes,Credit card (automatic),6441.85,No
3318-NMQXL,Male,No,No,No,3,92.0,Yes,No,Fiber optic,No,No,No,No,Yes,Yes,Month-to-month,Yes,Electronic check,266.8,No
3143-ILDAL,Male,No,No,No,56,94.45,Yes,Yes,Fiber optic,No,Yes,No,Yes,No,Yes,Month-to-month,Yes,Electronic check,5124.6,Yes
1022-RKXDR,Female,No,No,No,41,24.85,Yes,Yes,No,No internet service,No internet service,No internet service,No internet service,No internet service,No internet service,One year,Yes,Mailed check,962.25,No
2361-FJWNO,Male,No,No,No,40,36.0,No,No phone service,DSL,No,Yes,No,Yes,No,No,One year,No,Credit card (automatic),1382.9,No
2272-UOINI,Female,No,No,No,7,78.5,Yes,No,DSL,Yes,Yes,No,Yes,Yes,Yes,Month-to-month,Yes,Electronic check,571.05,No
8232-UTFOZ,Male,No,No,No,69,19.95,Yes,No,No,No internet service,No internet service,No internet service,No internet service,No internet service,No internet service,Two year,No,Credit card (automatic),1399.35,No
3750-YHRYO,Male,No,Yes,Yes,7,20.65,Yes,No,No,No internet service,No internet service,No internet service,No internet service,No internet service,No internet service,One year,No,Mailed check,150.0,No
6637-KYRCV,Female,No,Yes,Yes,5,30.5,No,No phone service,DSL,No,Yes,No,No,No,No,Month-to-month,Yes,Electronic check,167.2,No
5668-MEISB,Female,No,Yes,Yes,72,106.1,Yes,Yes,Fiber optic,Yes,Yes,Yes,Yes,Yes,No,Two year,No,Credit card (automatic),7657.4,No
0129-QMPDR,Male,No,Yes,Yes,44,20.5,Yes,No,No,No internet service,No internet service,No internet service,No internet service,No internet service,No internet service,One year,Yes,Bank transfer (automatic),865.05,No
7188-CBBBA,Female,No,No,No,65,95.5,Yes,Yes,Fiber optic,No,Yes,Yes,No,Yes,No,One year,Yes,Electronic check,6153.85,No
5356-CSVSQ,Female,No,No,No,3,64.6,Yes,Yes,DSL,No,No,No,Yes,Yes,No,Month-to-month,No,Electronic check,174.2,No
3221-CJMSG,Male,No,No,No,24,51.1,Yes,No,DSL,No,No,No,Yes,No,No,Month-to-month,Yes,Credit card (automatic),1269.6,No
4720-VSTSI,Female,No,No,No,44,84.8,Yes,Yes,Fiber optic,No,Yes,Yes,No,No,No,Month-to-month,Yes,Bank transfer (automatic),3862.55,Yes
3219-JQRSL,Female,Yes,Yes,No,72,89.1,Yes,Yes,DSL,Yes,Yes,Yes,Yes,Yes,Yes,Two year,No,Credit card (automatic),6352.4,No
2801-NISEI,Male,No,No,No,24,54.95,Yes,No,DSL,Yes,No,No,Yes,No,No,Month-to-month,No,Electronic check,1348.5,No
3946-MHCZW,Male,No,No,No,1,50.9,Yes,No,DSL,No,No,Yes,No,No,No,Month-to-month,No,Mailed check,50.9,Yes
4623-ZKHLY,Male,No,Yes,No,22,20.45,Yes,No,No,No internet service,No internet service,No internet service,No internet service,No internet service,No internet service,Month-to-month,Yes,Bank transfer (automatic),471.55,No
6732-VAILE,Male,No,Yes,Yes,70,85.95,Yes,Yes,DSL,No,Yes,Yes,Yes,Yes,Yes,Two year,Yes,Credit card (automatic),5931.75,No
8201-AAXCB,Male,No,Yes,Yes,25,60.35,Yes,Yes,DSL,No,No,No,No,Yes,No,Month-to-month,No,Electronic check,1404.65,No
7696-CFTAT,Male,No,Yes,Yes,37,19.8,Yes,No,No,No internet service,No internet service,No internet service,No internet service,No internet service,No internet service,Two year,No,Bank transfer (automatic),726.1,No
1845-CSBRZ,Female,Yes,Yes,Yes,22,85.35,Yes,Yes,Fiber optic,No,No,No,No,Yes,No,Month-to-month,No,Bank transfer (automatic),1961.6,No
2123-VSCOT,Female,No,Yes,Yes,59,72.1,Yes,Yes,DSL,No,No,Yes,Yes,Yes,No,Two year,Yes,Bank transfer (automatic),4194.85,No
6651-AZVTJ,Male,No,Yes,Yes,49,99.8,Yes,Yes,Fiber optic,No,No,Yes,No,Yes,Yes,Month-to-month,Yes,Electronic check,4872.45,Yes
4566-GOLUK,Male,No,Yes,Yes,47,107.35,Yes,Yes,Fiber optic,No,No,Yes,Yes,Yes,Yes,Month-to-month,Yes,Bank transfer (automatic),5118.95,Yes
2484-DGXPZ,Female,No,Yes,Yes,31,19.55,Yes,No,No,No internet service,No internet service,No internet service,No internet service,No internet service,No internet service,Month-to-month,Yes,Mailed check,658.95,Yes
2018-QKYGT,Male,No,Yes,Yes,1,81.05,Yes,No,Fiber optic,No,No,No,No,No,Yes,Month-to-month,Yes,Electronic check,81.05,No
2792-VPPET,Male,No,No,No,3,20.5,Yes,No,No,No internet service,No internet service,No internet service,No internet service,No internet service,No internet service,Month-to-month,Yes,Electronic check,76.95,No
7409-JURKQ,Female,No,Yes,No,53,111.8,Yes,Yes,Fiber optic,No,Yes,Yes,Yes,Yes,Yes,One year,Yes,Bank transfer (automatic),5809.75,No
3247-MHJKM,Male,No,No,No,1,20.2,Yes,No,No,No internet service,No internet service,No internet service,No internet service,No internet service,No internet service,Month-to-month,No,Mailed check,20.2,No
1964-SVLEA,Male,No,No,No,20,19.7,Yes,No,No,No internet service,No internet service,No internet service,No internet service,No internet service,No internet service,One year,Yes,Mailed check,415.9,No
4587-NUKOX,Female,No,No,No,3,79.1,Yes,No,Fiber optic,Yes,Yes,No,No,No,No,Month-to-month,Yes,Electronic check,246.5,Yes
7297-DVYGA,Female,No,No,No,51,19.85,Yes,No,No,No internet service,No internet service,No internet service,No internet service,No internet service,No internet service,One year,Yes,Bank transfer (automatic),996.95,No
2239-CGBUZ,Female,No,Yes,No,51,60.5,Yes,No,DSL,Yes,Yes,No,Yes,No,No,One year,Yes,Bank transfer (automatic),3145.15,No
0854-UYHZD,Female,No,Yes,Yes,13,19.55,Yes,No,No,No internet service,No internet service,No internet service,No internet service,No internet service,No internet service,Two year,No,Mailed check,265.3,No
7243-LCGGZ,Female,No,No,No,1,20.9,Yes,No,No,No internet service,No internet service,No internet service,No internet service,No internet service,No internet service,Month-to-month,No,Mailed check,20.9,No
8267-KFGYD,Male,No,No,Yes,1,21.05,Yes,No,No,No internet service,No internet service,No internet service,No internet service,No internet service,No internet service,Month-to-month,Yes,Mailed check,21.05,No
4890-VMUAV,Male,No,No,No,63,71.5,Yes,Yes,DSL,Yes,Yes,Yes,Yes,No,No,One year,No,Electronic check,4576.3,No
9261-WDCAF,Male,No,No,No,3,54.65,Yes,No,DSL,No,No,No,No,No,Yes,Month-to-month,No,Mailed check,189.1,No
3764-MNMOI,Male,No,No,No,46,19.2,Yes,No,No,No internet service,No internet service,No internet service,No internet service,No internet service,No internet service,Two year,No,Credit card (automatic),908.15,No
7442-YGZFK,Male,No,No,No,1,49.8,Yes,Yes,DSL,No,No,No,No,No,No,Month-to-month,Yes,Credit card (automatic),49.8,No
0420-BWTPW,Male,No,No,Yes,8,25.5,No,No phone service,DSL,No,No,No,No,No,No,Month-to-month,No,Mailed check,215.2,Yes
8229-BUJHX,Female,No,Yes,Yes,71,20.5,Yes,No,No,No internet service,No internet service,No internet service,No internet service,No internet service,No internet service,Two year,No,Bank transfer (automatic),1500.95,No
7449-HVPIV,Male,No,Yes,Yes,55,90.4,Yes,Yes,Fiber optic,No,No,Yes,No,Yes,No,Month-to-month,Yes,Credit card (automatic),5099.15,No
5504-WSIUR,Female,No,No,No,70,90.25,Yes,Yes,Fiber optic,No,Yes,Yes,Yes,No,No,One year,Yes,Bank transfer (automatic),6385.95,No
8183-ONMXC,Female,No,No,No,2,80.75,Yes,No,Fiber optic,No,No,No,No,No,Yes,Month-to-month,No,Electronic check,159.45,Yes
8466-PZBLH,Male,No,Yes,Yes,67,104.6,Yes,Yes,Fiber optic,Yes,No,No,Yes,Yes,Yes,Two year,No,Bank transfer (automatic),6885.75,No
9614-RMGHA,Male,No,Yes,No,65,91.85,Yes,Yes,Fiber optic,No,Yes,No,No,Yes,No,Month-to-month,Yes,Bank transfer (automatic),5940.85,Yes
8735-IJJEG,Male,No,Yes,No,14,50.2,Yes,No,DSL,No,No,Yes,No,No,No,Month-to-month,No,Credit card (automatic),668.85,No
0564-MUUQK,Female,No,Yes,Yes,20,95.5,Yes,Yes,Fiber optic,No,No,Yes,Yes,No,Yes,Month-to-month,Yes,Bank transfer (automatic),1916.2,No
5054-IEXZT,Male,No,No,Yes,1,75.35,Yes,No,Fiber optic,No,Yes,No,No,No,No,Month-to-month,Yes,Electronic check,75.35,Yes
5834-ASPWA,Male,No,No,No,1,75.45,Yes,Yes,Fiber optic,No,No,No,No,No,No,Month-to-month,Yes,Electronic check,75.45,Yes
0701-RFGFI,Female,No,Yes,Yes,49,95.4,Yes,Yes,Fiber optic,No,No,No,No,Yes,Yes,Month-to-month,Yes,Bank transfer (automatic),4613.95,No
0019-EFAEP,Female,No,No,No,72,101.3,Yes,Yes,Fiber optic,Yes,Yes,Yes,No,Yes,No,Two year,Yes,Bank transfer (automatic),7261.25,No
5619-PTMIK,Female,No,Yes,No,46,53.1,Yes,Yes,DSL,Yes,No,No,No,No,No,Month-to-month,No,Electronic check,2459.8,No
3737-XBQDD,Male,No,No,No,24,84.85,Yes,Yes,Fiber optic,No,Yes,Yes,No,No,No,Month-to-month,Yes,Bank transfer (automatic),2048.8,No
5882-CMAZQ,Female,No,Yes,Yes,5,34.25,No,No phone service,DSL,No,Yes,No,Yes,No,No,Month-to-month,No,Electronic check,163.55,No
5846-QFDFI,Female,No,Yes,Yes,33,88.6,Yes,Yes,Fiber optic,No,Yes,Yes,Yes,No,No,Month-to-month,No,Credit card (automatic),2888.7,No
4445-KWOKW,Female,No,No,No,42,60.15,Yes,Yes,DSL,Yes,Yes,No,No,No,No,One year,Yes,Bank transfer (automatic),2421.6,No
3511-APPBJ,Male,No,No,No,23,99.95,Yes,No,Fiber optic,Yes,No,Yes,No,Yes,Yes,One year,Yes,Credit card (automatic),2292.75,No
7967-HYCDE,Male,No,No,No,8,70.7,Yes,No,Fiber optic,No,No,No,No,No,No,Month-to-month,No,Bank transfer (automatic),553.4,No
2430-RRYUW,Male,No,No,No,66,54.8,Yes,No,DSL,Yes,Yes,No,No,No,No,One year,Yes,Mailed check,3465.7,No
3948-XHGNA,Male,No,No,No,24,49.55,Yes,No,DSL,Yes,No,No,No,No,No,Month-to-month,Yes,Bank transfer (automatic),1210.4,Yes
3723-BFBGR,Male,Yes,No,No,24,54.8,Yes,Yes,DSL,No,Yes,No,No,No,No,Month-to-month,No,Credit card (automatic),1291.3,No
0565-IYCGT,Male,No,No,No,69,78.6,Yes,Yes,DSL,Yes,Yes,Yes,Yes,No,Yes,One year,Yes,Credit card (automatic),5356.45,Yes
5447-WZAFP,Female,No,No,No,53,100.3,Yes,No,Fiber optic,No,Yes,Yes,No,Yes,Yes,One year,Yes,Mailed check,5200.8,No
5110-CHOPY,Female,No,No,No,60,53.6,No,No phone service,DSL,Yes,No,Yes,No,Yes,Yes,Two year,No,Electronic check,3237.05,No
5445-UTODQ,Female,No,Yes,No,7,81.1,Yes,No,Fiber optic,No,No,No,No,Yes,No,Month-to-month,Yes,Electronic check,576.65,Yes
4425-OWHWB,Female,No,No,No,20,19.35,Yes,No,No,No internet service,No internet service,No internet service,No internet service,No internet service,No internet service,One year,Yes,Credit card (automatic),433.75,No
7892-QVYKW,Female,No,Yes,Yes,23,85.6,Yes,Yes,Fiber optic,No,No,No,No,No,Yes,Month-to-month,No,Electronic check,1868.4,No
9675-ICXCT,Male,No,Yes,Yes,72,80.8,Yes,No,DSL,Yes,No,Yes,Yes,Yes,Yes,Two year,Yes,Electronic check,5728.55,No
1024-VRZHF,Male,No,Yes,No,11,74.95,Yes,Yes,Fiber optic,No,No,No,No,No,No,Month-to-month,Yes,Electronic check,825.7,Yes
4703-MQYKT,Male,No,No,No,21,19.6,Yes,No,No,No internet service,No internet service,No internet service,No internet service,No internet service,No internet service,Two year,No,Mailed check,390.4,No
9497-QCMMS,Male,Yes,No,No,1,93.55,Yes,Yes,Fiber optic,No,No,No,No,Yes,Yes,Month-to-month,Yes,Electronic check,93.55,Yes
5692-ICXLW,Male,Yes,No,No,31,90.7,Yes,Yes,Fiber optic,No,Yes,No,No,Yes,No,Month-to-month,Yes,Electronic check,2845.15,No
0602-DDUML,Female,No,No,No,57,69.75,Yes,No,DSL,No,Yes,Yes,Yes,Yes,No,Two year,No,Mailed check,3894.4,No
2208-MPXIO,Female,No,Yes,Yes,45,20.0,Yes,No,No,No internet service,No internet service,No internet service,No internet service,No internet service,No internet service,Two year,Yes,Bank transfer (automatic),886.4,No
1960-UYCNN,Male,No,No,No,10,95.25,Yes,Yes,Fiber optic,No,Yes,Yes,No,No,Yes,Month-to-month,Yes,Electronic check,1021.55,No
0348-SDKOL,Female,No,Yes,No,58,102.1,Yes,Yes,Fiber optic,No,No,Yes,Yes,Yes,Yes,Month-to-month,Yes,Credit card (automatic),5885.4,Yes
3190-FZATL,Male,No,No,Yes,14,19.95,Yes,No,No,No internet service,No internet service,No internet service,No internet service,No internet service,No internet service,Month-to-month,No,Mailed check,268.4,No
7336-RLLRH,Male,No,Yes,No,27,80.85,Yes,Yes,DSL,Yes,No,No,Yes,Yes,Yes,One year,No,Mailed check,2204.35,No
4373-MAVJG,Female,No,Yes,Yes,14,90.9,Yes,Yes,Fiber optic,No,Yes,No,No,No,Yes,Month-to-month,Yes,Bank transfer (automatic),1259.0,Yes
8901-HJXTF,Female,No,Yes,Yes,12,29.2,No,No phone service,DSL,No,Yes,No,No,No,No,Month-to-month,No,Mailed check,309.1,Yes
7710-JSYOA,Female,No,Yes,Yes,69,93.3,Yes,Yes,Fiber optic,No,Yes,No,Yes,No,Yes,Two year,Yes,Bank transfer (automatic),6398.05,No
5419-KLXBN,Female,No,Yes,Yes,25,89.15,Yes,No,Fiber optic,No,Yes,Yes,No,Yes,No,Month-to-month,Yes,Bank transfer (automatic),2257.75,Yes
3424-NMNBO,Male,Yes,Yes,No,58,108.85,Yes,Yes,Fiber optic,Yes,Yes,Yes,No,Yes,Yes,One year,Yes,Electronic check,6287.25,Yes
9885-MFVSU,Female,No,Yes,Yes,35,46.35,No,No phone service,DSL,Yes,No,No,Yes,Yes,No,Two year,Yes,Credit card (automatic),1662.05,No
4514-GFCFI,Female,Yes,No,No,16,84.75,Yes,Yes,Fiber optic,No,No,No,No,Yes,No,Month-to-month,Yes,Electronic check,1350.15,Yes
0607-MVMGC,Male,No,Yes,Yes,45,78.75,Yes,Yes,DSL,No,Yes,Yes,No,Yes,Yes,One year,No,Credit card (automatic),3600.65,No
3365-SAIGS,Female,No,No,No,17,83.55,Yes,No,Fiber optic,No,Yes,No,No,Yes,No,Month-to-month,Yes,Electronic check,1329.15,No
9828-AOQLM,Female,No,Yes,Yes,1,45.7,Yes,No,DSL,No,No,No,No,No,No,Month-to-month,Yes,Electronic check,45.7,Yes
8022-BECSI,Male,No,No,No,22,19.6,Yes,No,No,No internet service,No internet service,No internet service,No internet service,No internet service,No internet service,One year,No,Mailed check,422.5,No
8000-REIQB,Female,Yes,No,No,1,69.95,Yes,No,Fiber optic,No,No,No,No,No,No,Month-to-month,Yes,Electronic check,69.95,Yes
9993-LHIEB,Male,No,Yes,Yes,67,67.85,Yes,No,DSL,Yes,No,Yes,Yes,No,Yes,Two year,No,Mailed check,4627.65,No
0266-CLZKZ,Female,No,Yes,Yes,67,105.65,Yes,Yes,Fiber optic,No,No,Yes,Yes,Yes,Yes,Two year,Yes,Bank transfer (automatic),6717.9,No
7615-ESMYF,Female,No,Yes,No,2,44.6,No,No phone service,DSL,No,No,No,No,Yes,Yes,Month-to-month,No,Electronic check,97.1,Yes
3858-VOBET,Male,No,No,No,23,74.95,Yes,Yes,Fiber optic,No,No,No,No,No,No,Month-to-month,Yes,Electronic check,1710.45,Yes
7020-OZKXZ,Female,Yes,No,No,9,75.5,Yes,No,Fiber optic,No,No,Yes,No,No,No,Month-to-month,No,Credit card (automatic),637.4,No
3977-QCRSL,Female,No,No,No,5,20.15,Yes,No,No,No internet service,No internet service,No internet service,No internet service,No internet service,No internet service,Month-to-month,No,Mailed check,117.95,No
0017-DINOC,Male,No,No,No,54,45.2,No,No phone service,DSL,Yes,No,No,Yes,Yes,No,Two year,No,Credit card (automatic),2460.55,No
1447-PJGGA,Female,No,No,No,57,95.25,Yes,No,Fiber optic,No,No,Yes,No,Yes,Yes,Two year,Yes,Electronic check,5464.65,Yes
8565-CLBZW,Male,No,No,No,24,89.85,Yes,Yes,Fiber optic,No,No,Yes,No,Yes,No,Month-to-month,Yes,Mailed check,2165.05,Yes
9139-WQQDY,Female,No,Yes,Yes,49,100.45,Yes,Yes,Fiber optic,No,Yes,No,No,Yes,Yes,One year,No,Mailed check,4941.8,Yes
0224-HJAPT,Male,No,No,No,5,47.15,Yes,Yes,DSL,No,No,No,No,No,No,Month-to-month,No,Electronic check,223.15,Yes
8086-OVPWV,Male,No,No,No,2,80.2,Yes,No,Fiber optic,No,No,No,No,No,Yes,Month-to-month,Yes,Electronic check,181.1,Yes
9430-FRQOC,Female,No,No,Yes,4,87.1,Yes,Yes,Fiber optic,No,No,Yes,Yes,No,No,Month-to-month,Yes,Mailed check,341.45,Yes
7639-OPLNG,Male,No,Yes,Yes,70,79.25,Yes,Yes,DSL,Yes,Yes,Yes,Yes,Yes,No,Two year,Yes,Bank transfer (automatic),5731.85,No
3074-GQWYX,Male,No,No,No,5,75.9,Yes,Yes,Fiber optic,No,No,No,No,No,No,Month-to-month,Yes,Bank transfer (automatic),357.75,Yes
1492-QGCLU,Male,No,Yes,Yes,53,85.7,Yes,Yes,DSL,Yes,No,Yes,Yes,Yes,Yes,Month-to-month,No,Electronic check,4616.1,No
6845-RGTYS,Female,No,Yes,No,47,98.75,Yes,Yes,Fiber optic,Yes,Yes,Yes,No,Yes,No,Month-to-month,Yes,Electronic check,4533.7,Yes
7328-OWMOM,Female,No,No,Yes,31,20.1,Yes,No,No,No internet service,No internet service,No internet service,No internet service,No internet service,No internet service,One year,No,Credit card (automatic),589.25,No
4418-LZMSV,Male,No,Yes,Yes,13,61.8,Yes,No,DSL,No,Yes,Yes,Yes,No,No,Month-to-month,No,Bank transfer (automatic),750.1,No
5155-AZQPB,Female,No,Yes,Yes,28,49.9,Yes,Yes,DSL,No,No,No,No,No,No,Month-to-month,No,Mailed check,1410.25,No
8861-HGGKB,Female,No,No,No,10,86.45,Yes,Yes,Fiber optic,No,No,No,No,No,Yes,Month-to-month,No,Electronic check,830.85,Yes
1087-GRUYI,Male,No,Yes,No,38,20.4,Yes,No,No,No internet service,No internet service,No internet service,No internet service,No internet service,No internet service,Two year,No,Bank transfer (automatic),743.5,No
7065-YUNRY,Female,No,No,No,1,45.3,Yes,No,DSL,No,No,No,No,No,No,Month-to-month,Yes,Mailed check,45.3,Yes
7694-VLBWQ,Male,No,Yes,No,67,104.1,Yes,Yes,Fiber optic,No,Yes,Yes,No,Yes,Yes,One year,No,Electronic check,7040.85,Yes
2546-KZAAT,Male,No,Yes,No,52,75.4,Yes,No,DSL,Yes,Yes,No,No,Yes,Yes,One year,Yes,Mailed check,3865.45,No
0181-RITDD,Male,No,Yes,Yes,62,108.15,Yes,No,Fiber optic,Yes,Yes,Yes,Yes,Yes,Yes,Two year,No,Mailed check,6825.65,No
5989-PGKJB,Female,No,No,No,16,86.25,Yes,No,Fiber optic,No,Yes,No,No,No,Yes,Month-to-month,Yes,Electronic check,1340.1,No
4795-KTRTH,Female,Yes,Yes,No,5,81.0,Yes,Yes,Fiber optic,No,Yes,No,No,No,No,Month-to-month,Yes,Electronic check,371.65,Yes
8272-ONJLV,Male,No,No,No,12,95.7,Yes,No,Fiber optic,No,No,Yes,No,Yes,Yes,One year,No,Electronic check,1184.0,No
1488-PBLJN,Female,No,Yes,Yes,72,116.85,Yes,Yes,Fiber optic,Yes,Yes,Yes,Yes,Yes,Yes,Two year,Yes,Bank transfer (automatic),8477.7,No
0308-GIQJT,Male,Yes,No,No,71,105.75,Yes,Yes,Fiber optic,No,Yes,No,Yes,Yes,Yes,One year,No,Bank transfer (automatic),7382.85,No
3778-FOAQW,Female,No,Yes,No,24,20.15,Yes,No,No,No internet service,No internet service,No internet service,No internet service,No internet service,No internet service,One year,No,Mailed check,456.85,No
4452-ROHMO,Female,No,No,No,15,19.6,Yes,No,No,No internet service,No internet service,No internet service,No internet service,No internet service,No internet service,Two year,No,Mailed check,331.6,No
6481-OGDOO,Male,No,Yes,No,67,90.6,Yes,No,Fiber optic,Yes,Yes,No,No,No,Yes,One year,Yes,Credit card (automatic),6056.15,Yes
3090-LETTY,Male,No,No,Yes,2,60.95,Yes,Yes,DSL,Yes,Yes,No,No,No,No,Month-to-month,No,Bank transfer (automatic),134.6,No
5349-AZPEW,Female,No,Yes,Yes,5,25.05,No,No phone service,DSL,No,No,No,No,No,No,Month-to-month,No,Mailed check,125.5,No
3753-TSEMP,Female,No,Yes,No,15,88.15,Yes,No,Fiber optic,No,No,No,No,Yes,Yes,Month-to-month,No,Electronic check,1390.6,Yes
8305-VHZBZ,Male,No,No,No,1,20.2,Yes,No,No,No internet service,No internet service,No internet service,No internet service,No internet service,No internet service,Month-to-month,Yes,Mailed check,20.2,Yes
9720-JJJOR,Male,No,Yes,Yes,41,60.3,Yes,No,DSL,Yes,Yes,Yes,No,No,No,One year,Yes,Bank transfer (automatic),2511.3,No
8100-HZZLJ,Female,No,No,Yes,43,63.95,Yes,No,DSL,Yes,Yes,No,No,No,Yes,Month-to-month,Yes,Electronic check,2737.05,No
8775-ERLNB,Male,Yes,Yes,No,1,74.3,Yes,Yes,Fiber optic,No,No,No,No,No,No,Month-to-month,No,Electronic check,74.3,No
8309-IEYJD,Female,Yes,No,No,1,70.6,Yes,No,Fiber optic,No,No,No,No,No,No,Month-to-month,Yes,Mailed check,70.6,No
9172-JITSM,Female,No,Yes,Yes,26,90.8,Yes,No,Fiber optic,No,No,No,No,Yes,Yes,Month-to-month,Yes,Electronic check,2361.8,Yes
6298-QDFNH,Male,No,No,No,22,79.35,Yes,Yes,Fiber optic,No,Yes,No,No,No,No,Month-to-month,Yes,Electronic check,1730.35,Yes
7398-HPYZQ,Male,No,Yes,No,71,90.55,Yes,Yes,DSL,Yes,Yes,Yes,Yes,Yes,Yes,Two year,No,Bank transfer (automatic),6404.0,No
3546-GHEAE,Male,No,No,No,7,19.45,Yes,No,No,No internet service,No internet service,No internet service,No internet service,No internet service,No internet service,Two year,No,Mailed check,165.35,No
7361-YPXFS,Female,Yes,No,No,28,64.45,Yes,Yes,DSL,No,Yes,Yes,Yes,No,No,Month-to-month,No,Bank transfer (automatic),1867.6,No
6557-BZXLQ,Male,Yes,No,No,16,69.65,Yes,No,Fiber optic,No,No,No,No,No,No,Month-to-month,No,Electronic check,1043.3,No
2550-QHZGP,Male,No,No,No,7,19.5,Yes,No,No,No internet service,No internet service,No internet service,No internet service,No internet service,No internet service,One year,No,Mailed check,128.6,No
7519-JTWQH,Female,No,No,No,69,110.5,Yes,Yes,Fiber optic,No,Yes,Yes,Yes,Yes,Yes,Two year,Yes,Bank transfer (automatic),7455.45,No
2538-OIMXF,Female,No,No,Yes,1,24.7,No,No phone service,DSL,No,No,No,No,No,No,Month-to-month,No,Mailed check,24.7,No
8543-MSDMF,Male,No,No,No,3,77.4,Yes,No,DSL,Yes,No,Yes,No,Yes,Yes,Month-to-month,Yes,Electronic check,206.15,No
9961-JBNMK,Male,Yes,No,No,21,96.8,Yes,No,Fiber optic,No,No,Yes,No,Yes,Yes,Month-to-month,Yes,Bank transfer (automatic),2030.3,Yes
1170-SASML,Female,No,Yes,No,69,85.4,Yes,Yes,Fiber optic,No,Yes,Yes,No,No,No,Month-to-month,Yes,Bank transfer (automatic),5869.4,No
4872-JCVCA,Female,No,Yes,No,71,47.6,No,No phone service,DSL,Yes,Yes,Yes,Yes,No,No,Two year,Yes,Bank transfer (automatic),3377.8,No
5346-BZCHP,Female,No,Yes,Yes,69,19.4,Yes,No,No,No internet service,No internet service,No internet service,No internet service,No internet service,No internet service,Two year,No,Mailed check,1346.2,No
2038-LLMLM,Female,No,No,No,48,103.85,Yes,Yes,Fiber optic,No,No,Yes,Yes,Yes,Yes,Month-to-month,Yes,Electronic check,4946.05,No
6173-ITPWD,Male,No,Yes,No,47,83.35,Yes,Yes,Fiber optic,No,Yes,Yes,No,No,No,Month-to-month,Yes,Bank transfer (automatic),4065.0,Yes
9734-UYXQI,Female,No,No,No,2,49.4,Yes,Yes,DSL,No,No,No,No,No,No,Month-to-month,Yes,Electronic check,106.55,Yes
1216-BGTSP,Male,No,No,No,45,108.45,Yes,Yes,Fiber optic,Yes,No,Yes,Yes,Yes,Yes,Month-to-month,Yes,Credit card (automatic),4964.7,No
4138-NAXED,Male,No,No,No,51,81.0,Yes,Yes,Fiber optic,No,Yes,No,No,No,No,Month-to-month,No,Bank transfer (automatic),4085.75,No
2189-UXTKY,Female,No,Yes,No,22,79.2,Yes,Yes,DSL,Yes,No,No,Yes,Yes,Yes,Month-to-month,Yes,Electronic check,1742.75,Yes
0744-BIKKF,Male,No,No,No,72,86.65,Yes,Yes,DSL,Yes,Yes,Yes,Yes,Yes,Yes,Two year,No,Bank transfer (automatic),6224.8,No
7483-IQWIB,Male,No,Yes,Yes,37,92.95,Yes,Yes,Fiber optic,No,Yes,Yes,No,Yes,No,Month-to-month,Yes,Electronic check,3415.25,No
5248-KWLAR,Male,No,Yes,Yes,71,90.35,Yes,Yes,DSL,Yes,Yes,Yes,Yes,Yes,Yes,Two year,No,Electronic check,6325.25,No
4958-GZWIY,Male,No,Yes,Yes,7,48.7,Yes,No,DSL,No,No,Yes,No,No,No,Month-to-month,No,Electronic check,340.25,Yes
7996-MHXLW,Female,No,No,No,66,25.15,Yes,Yes,No,No internet service,No internet service,No internet service,No internet service,No internet service,No internet service,Two year,Yes,Credit card (automatic),1683.6,No
7833-PKIHD,Male,No,Yes,Yes,51,76.4,Yes,No,DSL,Yes,No,No,Yes,Yes,Yes,One year,Yes,Bank transfer (automatic),3966.3,No
7061-OVMIM,Female,No,Yes,Yes,30,19.55,Yes,No,No,No internet service,No internet service,No internet service,No internet service,No internet service,No internet service,One year,No,Bank transfer (automatic),608.5,No
5153-RTHKF,Female,No,No,No,34,85.35,Yes,Yes,Fiber optic,No,No,No,No,Yes,No,Month-to-month,No,Electronic check,2896.6,No
1852-QSWCD,Male,No,Yes,Yes,64,24.8,Yes,Yes,No,No internet service,No internet service,No internet service,No internet service,No internet service,No internet service,Two year,Yes,Mailed check,1514.85,No
4832-VRBMR,Male,Yes,Yes,No,65,103.15,Yes,Yes,Fiber optic,No,Yes,Yes,No,Yes,Yes,One year,Yes,Bank transfer (automatic),6792.45,No
9079-LWTFD,Male,No,No,No,47,100.75,Yes,Yes,Fiber optic,Yes,Yes,No,Yes,Yes,No,Month-to-month,No,Mailed check,4669.2,No
6356-ELRKD,Female,No,No,No,1,95.6,Yes,No,Fiber optic,Yes,No,No,No,Yes,Yes,Month-to-month,Yes,Electronic check,95.6,Yes
8624-GIOUT,Female,No,No,No,49,59.75,Yes,Yes,DSL,Yes,Yes,No,No,No,No,Month-to-month,Yes,Credit card (automatic),2934.3,Yes
3392-EHMNK,Female,No,Yes,Yes,67,94.1,Yes,Yes,Fiber optic,No,Yes,No,Yes,Yes,No,Two year,No,Credit card (automatic),6302.8,No
5986-WWXDV,Male,No,No,Yes,39,19.35,Yes,No,No,No internet service,No internet service,No internet service,No internet service,No internet service,No internet service,One year,No,Bank transfer (automatic),779.2,No
3061-BCKYI,Male,No,No,No,14,19.9,Yes,No,No,No internet service,No internet service,No internet service,No internet service,No internet service,No internet service,Month-to-month,No,Mailed check,283.75,No
6179-GJPSO,Female,Yes,No,No,43,108.15,Yes,No,Fiber optic,Yes,Yes,No,Yes,Yes,Yes,Month-to-month,Yes,Credit card (automatic),4600.7,Yes
7901-TBKJX,Male,Yes,No,No,56,101.05,Yes,Yes,Fiber optic,No,No,Yes,No,Yes,Yes,Month-to-month,Yes,Electronic check,5594.0,No
7228-PAQPD,Female,No,No,No,14,59.1,Yes,No,DSL,No,No,No,Yes,No,Yes,One year,No,Credit card (automatic),772.85,No
3177-LASXD,Female,No,No,No,1,71.35,Yes,No,Fiber optic,No,No,No,No,No,No,Month-to-month,No,Electronic check,71.35,Yes
7746-QYVCO,Male,No,Yes,Yes,16,55.85,Yes,No,DSL,Yes,Yes,No,No,No,No,One year,Yes,Mailed check,857.8,No
5804-HYIEZ,Male,No,Yes,Yes,70,106.05,Yes,Yes,Fiber optic,Yes,Yes,No,No,Yes,Yes,Month-to-month,Yes,Electronic check,7554.05,No
9919-FZDED,Male,Yes,Yes,No,72,84.1,Yes,Yes,DSL,Yes,Yes,Yes,No,Yes,Yes,Two year,Yes,Credit card (automatic),5981.65,No
5934-TSSAU,Female,No,Yes,Yes,23,75.3,Yes,No,Fiber optic,No,No,Yes,No,No,No,Month-to-month,Yes,Credit card (automatic),1702.9,No
3486-KHMLI,Male,No,No,Yes,21,24.7,Yes,Yes,No,No internet service,No internet service,No internet service,No internet service,No internet service,No internet service,Month-to-month,No,Mailed check,467.15,No
4897-QSUYC,Female,No,No,No,1,20.15,Yes,No,No,No internet service,No internet service,No internet service,No internet service,No internet service,No internet service,Month-to-month,Yes,Mailed check,20.15,Yes
1084-UQCHV,Male,No,No,Yes,1,69.75,Yes,No,Fiber optic,No,No,No,No,No,No,Month-to-month,No,Bank transfer (automatic),69.75,Yes
8290-YWKHZ,Female,Yes,Yes,No,32,93.2,Yes,Yes,Fiber optic,No,No,No,No,Yes,Yes,Month-to-month,Yes,Electronic check,2931.0,Yes
2955-BJZHG,Male,No,Yes,Yes,17,80.85,Yes,No,Fiber optic,No,No,No,No,Yes,No,Month-to-month,No,Electronic check,1400.85,Yes
3806-DXQOM,Female,No,No,No,4,33.65,No,No phone service,DSL,Yes,Yes,No,No,No,No,Month-to-month,Yes,Electronic check,137.85,Yes
6784-XYJAE,Female,No,No,No,36,55.8,Yes,Yes,DSL,No,No,Yes,No,No,No,One year,No,Electronic check,1941.5,No
3933-DQPWX,Female,No,No,No,50,39.7,No,No phone service,DSL,No,Yes,Yes,Yes,No,No,Two year,No,Credit card (automatic),1932.75,No
6661-EIPZC,Female,No,Yes,Yes,48,29.5,No,No phone service,DSL,No,No,No,Yes,No,No,Month-to-month,Yes,Credit card (automatic),1423.05,No
8957-THMOA,Female,No,No,Yes,50,20.15,Yes,No,No,No internet service,No internet service,No internet service,No internet service,No internet service,No internet service,Two year,No,Credit card (automatic),970.85,No
2251-PYLPB,Male,No,Yes,No,72,79.55,Yes,Yes,DSL,Yes,Yes,Yes,Yes,No,Yes,Two year,No,Credit card (automatic),5810.9,No
5555-RNPGT,Male,No,No,Yes,10,24.8,Yes,Yes,No,No internet service,No internet service,No internet service,No internet service,No internet service,No internet service,Month-to-month,No,Credit card (automatic),223.9,No
1057-FOGLZ,Female,No,No,No,18,19.65,Yes,No,No,No internet service,No internet service,No internet service,No internet service,No internet service,No internet service,Month-to-month,No,Mailed check,391.7,No
9300-RENDD,Male,No,No,No,1,79.95,Yes,No,Fiber optic,No,No,No,No,Yes,No,Month-to-month,Yes,Electronic check,79.95,Yes
0761-AETCS,Female,No,No,No,1,19.3,Yes,No,No,No internet service,No internet service,No internet service,No internet service,No internet service,No internet service,Month-to-month,No,Electronic check,19.3,Yes
8087-LGYHQ,Male,No,No,No,9,94.05,Yes,No,Fiber optic,No,No,Yes,No,Yes,Yes,Month-to-month,Yes,Electronic check,811.65,No
4137-BTIKL,Male,No,No,No,2,90.75,Yes,Yes,Fiber optic,Yes,No,No,No,No,Yes,Month-to-month,No,Mailed check,174.75,No
2190-BCXEC,Female,No,Yes,No,40,78.85,Yes,Yes,Fiber optic,No,No,No,Yes,No,No,Month-to-month,Yes,Credit card (automatic),3126.85,No
6227-FBDXH,Male,No,Yes,No,69,99.5,Yes,Yes,Fiber optic,No,No,Yes,No,Yes,Yes,One year,No,Bank transfer (automatic),6841.45,No
2153-MREFK,Female,No,Yes,No,37,99.2,Yes,Yes,Fiber optic,Yes,No,Yes,Yes,No,Yes,One year,Yes,Electronic check,3754.6,Yes
2911-WDXMV,Male,No,No,Yes,18,80.55,Yes,Yes,Fiber optic,No,No,Yes,No,No,No,Month-to-month,Yes,Credit card (automatic),1406.65,No
7206-PQBBZ,Male,Yes,Yes,No,11,70.2,Yes,No,Fiber optic,No,No,No,No,No,No,Month-to-month,Yes,Electronic check,834.7,No
3106-ULWFW,Female,No,Yes,No,8,85.2,Yes,Yes,Fiber optic,No,No,No,No,No,Yes,Month-to-month,Yes,Credit card (automatic),627.4,Yes
0925-VYDLG,Female,No,No,No,3,75.25,Yes,Yes,Fiber optic,No,No,No,No,No,No,Month-to-month,No,Electronic check,242.0,Yes
4547-FZJWE,Male,No,Yes,Yes,55,59.45,Yes,No,DSL,Yes,No,No,No,No,Yes,One year,No,Credit card (automatic),3157.0,No
7422-WNBTY,Male,No,Yes,No,33,93.35,Yes,Yes,Fiber optic,No,Yes,Yes,No,No,Yes,Month-to-month,Yes,Electronic check,3092.0,No
0842-IWYCP,Female,No,No,No,46,44.95,Yes,No,DSL,No,No,No,No,No,No,Month-to-month,No,Bank transfer (automatic),2168.9,No
3521-HTQTV,Male,No,No,No,34,26.1,Yes,Yes,No,No internet service,No internet service,No internet service,No internet service,No internet service,No internet service,Two year,No,Bank transfer (automatic),980.35,No
3744-ZBHON,Female,No,No,No,3,20.2,Yes,No,No,No internet service,No internet service,No internet service,No internet service,No internet service,No internet service,Month-to-month,No,Electronic check,65.95,No
3373-DIUUN,Male,No,Yes,Yes,30,21.25,Yes,No,No,No internet service,No internet service,No internet service,No internet service,No internet service,No internet service,Two year,No,Mailed check,711.9,No
8383-SGHJU,Female,No,No,No,33,59.4,Yes,Yes,DSL,Yes,No,No,Yes,No,No,One year,No,Electronic check,1952.8,No
7607-QKKTJ,Male,No,Yes,Yes,45,95.0,Yes,Yes,Fiber optic,No,Yes,Yes,No,No,Yes,One year,Yes,Credit card (automatic),4368.85,No
7707-PYBBH,Male,No,No,No,40,61.9,Yes,No,DSL,Yes,Yes,No,Yes,No,No,Month-to-month,Yes,Mailed check,2647.1,No
8984-HPEMB,Female,No,No,No,71,118.65,Yes,Yes,Fiber optic,Yes,Yes,Yes,Yes,Yes,Yes,Two year,Yes,Electronic check,8477.6,No
4349-GFQHK,Male,No,No,No,1,54.35,Yes,Yes,DSL,No,No,Yes,No,No,No,Month-to-month,No,Electronic check,54.35,Yes
4139-DETXS,Female,No,Yes,Yes,72,64.45,No,No phone service,DSL,Yes,Yes,Yes,Yes,Yes,Yes,Two year,No,Bank transfer (automatic),4528.0,No
9779-DPNEJ,Female,No,Yes,Yes,22,80.15,Yes,No,Fiber optic,No,No,No,No,No,Yes,Month-to-month,Yes,Electronic check,1790.65,No
9805-FILKB,Male,No,Yes,Yes,46,20.2,Yes,No,No,No internet service,No internet service,No internet service,No internet service,No internet service,No internet service,One year,Yes,Bank transfer (automatic),845.6,No
5793-YOLJN,Female,No,Yes,Yes,55,21.0,Yes,No,No,No internet service,No internet service,No internet service,No internet service,No internet service,No internet service,Two year,No,Mailed check,1210.3,No
0673-IGUQO,Male,No,No,No,1,20.45,Yes,No,No,No internet service,No internet service,No internet service,No internet service,No internet service,No internet service,Month-to-month,No,Mailed check,20.45,No
4123-FCVCB,Female,No,No,No,12,75.85,Yes,Yes,DSL,No,No,No,Yes,Yes,Yes,One year,Yes,Mailed check,854.45,No
8819-IMISP,Male,No,No,No,31,80.45,Yes,Yes,Fiber optic,No,Yes,No,No,No,No,Month-to-month,Yes,Electronic check,2429.1,No
7802-EFKNY,Male,No,Yes,No,5,24.95,No,No phone service,DSL,No,No,No,No,No,No,Month-to-month,Yes,Electronic check,100.4,Yes
8311-UEUAB,Female,No,Yes,Yes,67,75.5,Yes,Yes,DSL,Yes,No,No,No,Yes,Yes,Two year,Yes,Electronic check,5229.45,No
5858-EAFCZ,Male,No,No,No,1,44.45,Yes,No,DSL,No,No,No,No,No,No,Month-to-month,No,Mailed check,44.45,No
8035-BUYVG,Male,No,Yes,No,40,42.35,No,No phone service,DSL,Yes,Yes,Yes,No,No,No,One year,Yes,Electronic check,1716.45,Yes
1163-ONYEY,Male,No,Yes,Yes,41,74.55,Yes,Yes,DSL,Yes,Yes,Yes,No,Yes,No,Month-to-month,Yes,Credit card (automatic),3023.55,No
9787-XVQIU,Male,No,No,No,1,75.3,Yes,Yes,Fiber optic,No,No,No,No,No,No,Month-to-month,Yes,Electronic check,75.3,Yes
8945-MUQUF,Male,No,No,No,51,94.8,Yes,Yes,Fiber optic,Yes,Yes,No,No,Yes,No,One year,Yes,Electronic check,4837.6,Yes
5656-MJEFC,Male,No,Yes,Yes,42,48.15,No,No phone service,DSL,Yes,No,Yes,Yes,Yes,No,Two year,No,Credit card (automatic),2032.3,No
6082-OQFBA,Male,No,Yes,Yes,23,19.65,Yes,No,No,No internet service,No internet service,No internet service,No internet service,No internet service,No internet service,One year,No,Mailed check,436.9,No
8051-HJRLT,Female,Yes,No,No,1,70.55,Yes,No,Fiber optic,No,No,No,No,No,No,Month-to-month,Yes,Electronic check,70.55,Yes
8974-OVACP,Female,No,No,No,1,20.15,Yes,No,No,No internet service,No internet service,No internet service,No internet service,No internet service,No internet service,Month-to-month,No,Mailed check,20.15,No
4010-YLMVT,Female,No,No,No,56,106.6,Yes,Yes,Fiber optic,Yes,Yes,No,No,Yes,Yes,Month-to-month,Yes,Credit card (automatic),5893.95,No
1379-FRVEB,Male,No,No,Yes,15,91.0,Yes,Yes,Fiber optic,No,Yes,No,No,Yes,No,Month-to-month,Yes,Electronic check,1430.05,No
8612-GXIDD,Male,No,Yes,Yes,12,25.4,Yes,Yes,No,No internet service,No internet service,No internet service,No internet service,No internet service,No internet service,Two year,Yes,Bank transfer (automatic),313.0,No
6288-CHQJB,Female,No,Yes,Yes,54,69.95,Yes,No,DSL,Yes,No,Yes,Yes,No,Yes,Two year,No,Bank transfer (automatic),3871.85,No
8160-HOWOX,Female,No,No,No,7,66.85,Yes,No,DSL,No,No,No,No,Yes,Yes,Month-to-month,Yes,Electronic check,458.1,No
3023-GFLBR,Female,No,Yes,Yes,33,86.15,Yes,Yes,Fiber optic,No,No,No,No,No,Yes,Month-to-month,No,Credit card (automatic),2745.7,Yes
6648-INWPS,Male,No,Yes,Yes,16,20.15,Yes,No,No,No internet service,No internet service,No internet service,No internet service,No internet service,No internet service,Month-to-month,No,Electronic check,341.35,No
4223-BKEOR,Female,No,No,Yes,21,64.85,Yes,No,DSL,Yes,No,Yes,No,No,Yes,One year,No,Mailed check,1336.8,No
4079-VTGLK,Male,Yes,Yes,No,30,74.85,Yes,Yes,DSL,No,No,Yes,No,Yes,Yes,Two year,No,Electronic check,2181.75,No
1763-WQFUK,Male,No,No,No,3,50.5,Yes,No,DSL,No,No,No,Yes,No,No,Month-to-month,Yes,Mailed check,147.75,No
1391-UBDAR,Male,No,No,No,11,72.9,Yes,No,Fiber optic,No,No,Yes,No,No,No,Month-to-month,No,Electronic check,818.45,No
8894-JVDCV,Female,No,No,No,62,115.05,Yes,Yes,Fiber optic,Yes,Yes,Yes,Yes,Yes,Yes,One year,Yes,Credit card (automatic),7133.45,No
2023-VQFDL,Male,No,No,No,18,19.0,Yes,No,No,No internet service,No internet service,No internet service,No internet service,No internet service,No internet service,Month-to-month,No,Electronic check,348.8,No
1345-GKDZZ,Male,No,No,Yes,6,19.55,Yes,No,No,No internet service,No internet service,No internet service,No internet service,No internet service,No internet service,Month-to-month,No,Mailed check,128.6,No
2014-MKGMH,Female,No,No,No,46,101.1,Yes,Yes,Fiber optic,No,No,Yes,No,Yes,Yes,One year,Yes,Electronic check,4674.4,No
5628-FCGYG,Male,No,No,No,21,84.1,Yes,Yes,Fiber optic,No,No,No,No,No,Yes,Month-to-month,Yes,Electronic check,1737.45,No
2560-WBWXF,Male,No,No,No,68,24.15,Yes,Yes,No,No internet service,No internet service,No internet service,No internet service,No internet service,No internet service,Two year,Yes,Bank transfer (automatic),1498.85,No
0248-IPDFW,Female,No,No,No,1,50.1,Yes,Yes,DSL,No,No,No,No,No,No,Month-to-month,Yes,Electronic check,50.1,No
7978-DKUQH,Female,No,Yes,No,25,74.6,Yes,No,Fiber optic,No,No,Yes,No,No,No,Month-to-month,Yes,Electronic check,1797.75,No
4335-UPJSI,Female,No,No,Yes,24,19.75,Yes,No,No,No internet service,No internet service,No internet service,No internet service,No internet service,No internet service,Two year,No,Mailed check,498.1,No
0524-IAVZO,Female,No,Yes,No,30,85.0,Yes,Yes,Fiber optic,No,No,No,No,No,Yes,Month-to-month,Yes,Electronic check,2624.25,Yes
2737-YNGYW,Female,No,No,No,2,80.55,Yes,No,Fiber optic,No,No,No,No,No,Yes,Month-to-month,No,Electronic check,184.1,Yes
1784-EZDKJ,Male,No,Yes,No,51,106.8,Yes,Yes,Fiber optic,No,Yes,Yes,No,Yes,Yes,One year,Yes,Bank transfer (automatic),5498.8,No
9297-FVVDH,Female,No,Yes,Yes,57,84.5,Yes,Yes,DSL,Yes,No,Yes,Yes,Yes,Yes,Two year,Yes,Electronic check,4845.4,No
8007-YYPWD,Female,No,No,No,15,25.05,Yes,Yes,No,No internet service,No internet service,No internet service,No internet service,No internet service,No internet service,Two year,No,Bank transfer (automatic),369.1,No
7101-HRBLJ,Female,No,Yes,Yes,72,83.7,Yes,No,DSL,Yes,Yes,Yes,Yes,Yes,Yes,Two year,Yes,Bank transfer (automatic),6096.9,No
5159-YFPKQ,Female,No,No,No,2,75.8,Yes,No,Fiber optic,No,No,Yes,No,No,No,Month-to-month,Yes,Electronic check,160.75,Yes
6635-CPNUN,Male,No,Yes,No,28,96.6,Yes,Yes,Fiber optic,No,Yes,Yes,No,Yes,No,Month-to-month,No,Credit card (automatic),2684.35,No
4021-RQSNY,Male,Yes,Yes,No,29,98.5,Yes,Yes,Fiber optic,No,No,Yes,No,Yes,Yes,Month-to-month,Yes,Electronic check,3004.15,Yes
5453-YBTWV,Male,No,Yes,Yes,70,101.1,Yes,No,Fiber optic,Yes,Yes,Yes,Yes,Yes,No,Two year,Yes,Credit card (automatic),6994.8,No
5039-LZRQT,Female,No,No,No,13,20.2,Yes,No,No,No internet service,No internet service,No internet service,No internet service,No internet service,No internet service,One year,No,Mailed check,273.25,No
2931-VUVJN,Female,Yes,Yes,No,59,94.05,Yes,Yes,Fiber optic,Yes,Yes,Yes,Yes,No,No,One year,Yes,Electronic check,5483.9,No
9061-TIHDA,Male,Yes,Yes,No,13,95.25,Yes,Yes,Fiber optic,No,No,No,No,Yes,Yes,Month-to-month,Yes,Electronic check,1233.65,Yes
8699-ASUFO,Male,Yes,Yes,No,7,74.4,Yes,Yes,Fiber optic,No,No,No,No,No,No,Month-to-month,Yes,Mailed check,527.9,Yes
6418-PIQSP,Female,No,Yes,No,62,81.0,Yes,No,DSL,Yes,No,Yes,Yes,Yes,Yes,Two year,No,Mailed check,4985.9,No
8220-OCUFY,Female,No,No,No,21,60.25,Yes,No,DSL,Yes,No,Yes,Yes,No,No,One year,Yes,Electronic check,1258.35,No
3995-WFCSM,Female,No,No,No,2,60.85,Yes,No,DSL,No,No,Yes,No,No,Yes,Month-to-month,No,Electronic check,111.4,No
1895-QTKDO,Female,No,No,No,1,43.95,Yes,No,DSL,No,No,No,No,No,No,Month-to-month,No,Credit card (automatic),43.95,No
2038-OEQZH,Male,No,No,No,4,86.05,Yes,No,Fiber optic,No,No,Yes,No,No,Yes,Month-to-month,No,Electronic check,308.1,No
1178-PZGAB,Female,No,No,No,19,20.25,Yes,No,No,No internet service,No internet service,No internet service,No internet service,No internet service,No internet service,One year,No,Credit card (automatic),383.65,No
7927-AUXBZ,Female,No,No,No,30,85.15,Yes,No,Fiber optic,No,No,No,Yes,Yes,No,Month-to-month,No,Electronic check,2555.9,Yes
2626-VEEWG,Male,No,Yes,Yes,67,19.4,Yes,No,No,No internet service,No internet service,No internet service,No internet service,No internet service,No internet service,Two year,Yes,Credit card (automatic),1284.2,No
2878-RMWXY,Male,Yes,Yes,No,72,102.65,Yes,Yes,Fiber optic,Yes,Yes,Yes,No,No,Yes,Two year,Yes,Credit card (automatic),7550.3,No
1657-DYMBM,Male,No,Yes,No,53,19.9,Yes,No,No,No internet service,No internet service,No internet service,No internet service,No internet service,No internet service,Two year,No,Credit card (automatic),1110.05,No
7311-MQJCH,Female,No,No,No,5,19.55,Yes,No,No,No internet service,No internet service,No internet service,No internet service,No internet service,No internet service,One year,No,Electronic check,99.6,No
7375-WMVMT,Male,Yes,Yes,No,71,95.5,Yes,No,Fiber optic,No,Yes,Yes,Yes,No,Yes,Two year,Yes,Credit card (automatic),6707.15,No
1136-XGEQU,Female,No,Yes,Yes,50,84.15,Yes,Yes,DSL,No,Yes,Yes,Yes,Yes,Yes,One year,Yes,Credit card (automatic),4164.4,No
2530-FMFXO,Male,No,Yes,Yes,56,103.2,Yes,Yes,Fiber optic,No,No,Yes,Yes,Yes,Yes,Two year,Yes,Electronic check,5873.75,No
6844-DZKRF,Male,No,No,No,2,50.2,Yes,No,DSL,No,No,No,Yes,No,No,Month-to-month,Yes,Credit card (automatic),109.25,No
4695-WJZUE,Female,Yes,No,No,2,88.55,Yes,Yes,Fiber optic,No,No,Yes,No,No,Yes,Month-to-month,Yes,Electronic check,179.25,Yes
7619-ODSGN,Male,No,Yes,Yes,24,54.75,Yes,Yes,DSL,Yes,No,No,No,No,No,Month-to-month,No,Electronic check,1338.15,Yes
5970-GHJAW,Male,No,Yes,Yes,46,19.95,Yes,No,No,No internet service,No internet service,No internet service,No internet service,No internet service,No internet service,Two year,No,Credit card (automatic),862.4,No
8879-XUAHX,Male,No,Yes,No,71,116.25,Yes,Yes,Fiber optic,Yes,Yes,Yes,Yes,Yes,Yes,Two year,Yes,Electronic check,8564.75,No
3689-MOZGR,Female,No,No,No,29,31.2,No,No phone service,DSL,No,No,No,Yes,No,No,Month-to-month,Yes,Electronic check,926.2,No
4195-PNGZS,Male,No,Yes,Yes,69,24.45,Yes,Yes,No,No internet service,No internet service,No internet service,No internet service,No internet service,No internet service,Two year,No,Bank transfer (automatic),1718.2,No
5003-XZWWO,Male,No,Yes,No,71,84.2,Yes,Yes,DSL,No,Yes,Yes,Yes,Yes,Yes,Two year,No,Credit card (automatic),5956.85,No
3988-RQIXO,Female,Yes,No,No,1,91.3,Yes,No,Fiber optic,No,No,No,No,Yes,Yes,Month-to-month,Yes,Electronic check,91.3,Yes
7622-FWGEW,Male,Yes,Yes,No,56,85.65,Yes,No,DSL,Yes,Yes,Yes,Yes,Yes,Yes,Two year,Yes,Bank transfer (automatic),4824.45,No
6922-NCEDI,Male,No,No,Yes,56,21.2,Yes,No,No,No internet service,No internet service,No internet service,No internet service,No internet service,No internet service,One year,Yes,Mailed check,1238.65,No
2514-GINMM,Male,No,No,No,1,79.5,Yes,No,Fiber optic,No,No,No,No,Yes,No,Month-to-month,Yes,Electronic check,79.5,Yes
9891-NQDBD,Female,No,Yes,No,28,25.55,Yes,Yes,No,No internet service,No internet service,No internet service,No internet service,No internet service,No internet service,One year,No,Mailed check,672.2,No
6131-IUNXN,Female,No,Yes,Yes,19,20.2,Yes,No,No,No internet service,No internet service,No internet service,No internet service,No internet service,No internet service,Month-to-month,No,Mailed check,382.2,No
8548-AWOFC,Male,No,Yes,No,66,63.85,Yes,Yes,DSL,No,No,No,Yes,No,Yes,Month-to-month,No,Electronic check,4264.6,No
9798-DRYDS,Female,No,Yes,Yes,17,61.95,Yes,Yes,DSL,No,No,Yes,Yes,No,No,One year,Yes,Mailed check,1070.7,No
8532-UEFWH,Male,No,Yes,Yes,52,25.75,Yes,Yes,No,No internet service,No internet service,No internet service,No internet service,No internet service,No internet service,Two year,No,Mailed check,1345.85,No
6296-DDOOR,Female,No,No,No,19,58.2,Yes,No,DSL,No,Yes,No,No,Yes,No,One year,No,Electronic check,1045.25,No
7951-VRDVK,Female,No,No,No,36,85.85,Yes,No,DSL,Yes,Yes,Yes,Yes,Yes,Yes,One year,No,Bank transfer (automatic),3003.55,No
5931-FLJJF,Male,Yes,Yes,No,7,70.1,Yes,No,Fiber optic,No,No,No,No,No,No,Month-to-month,Yes,Mailed check,467.55,Yes
4815-YOSUK,Male,No,Yes,Yes,72,104.9,Yes,Yes,Fiber optic,Yes,Yes,Yes,Yes,No,Yes,One year,Yes,Credit card (automatic),7537.5,No
2659-VXMWZ,Male,No,Yes,Yes,67,111.3,Yes,Yes,Fiber optic,Yes,Yes,Yes,No,Yes,Yes,One year,Yes,Electronic check,7482.1,Yes
0380-NEAVX,Male,Yes,No,No,34,99.85,Yes,No,Fiber optic,No,Yes,Yes,No,Yes,Yes,One year,Yes,Electronic check,3343.15,No
3207-OYBWH,Male,Yes,Yes,No,57,95.25,Yes,Yes,Fiber optic,No,Yes,Yes,No,No,Yes,Month-to-month,Yes,Bank transfer (automatic),5427.05,Yes
4285-GYRQC,Female,No,Yes,No,7,86.25,Yes,No,Fiber optic,No,No,Yes,No,Yes,No,Month-to-month,Yes,Electronic check,587.1,Yes
7216-EWTRS,Female,Yes,Yes,No,1,100.8,Yes,Yes,Fiber optic,No,No,Yes,No,Yes,Yes,Month-to-month,Yes,Electronic check,100.8,Yes
4365-MSDYN,Male,No,Yes,No,8,19.55,Yes,No,No,No internet service,No internet service,No internet service,No internet service,No internet service,No internet service,Month-to-month,Yes,Bank transfer (automatic),161.15,No
7036-TYDEC,Female,No,No,No,69,104.0,Yes,Yes,Fiber optic,No,No,Yes,Yes,Yes,Yes,Two year,No,Electronic check,7028.5,No
5802-ADBRC,Female,No,Yes,No,50,104.4,Yes,Yes,Fiber optic,Yes,No,Yes,No,Yes,Yes,One year,Yes,Mailed check,5232.9,No
8076-FEZKJ,Male,No,No,No,10,19.5,Yes,No,No,No internet service,No internet service,No internet service,No internet service,No internet service,No internet service,One year,No,Mailed check,225.85,No
5197-YPYBZ,Female,No,Yes,Yes,12,25.25,Yes,Yes,No,No internet service,No internet service,No internet service,No internet service,No internet service,No internet service,Two year,No,Credit card (automatic),274.7,No
8337-MSSXB,Female,No,No,No,14,86.3,Yes,No,Fiber optic,No,Yes,No,No,No,Yes,Month-to-month,Yes,Electronic check,1180.95,Yes
4312-GVYNH,Female,No,Yes,No,70,49.85,No,No phone service,DSL,Yes,No,Yes,Yes,No,Yes,Two year,Yes,Bank transfer (automatic),3370.2,No
8495-LJDFO,Female,Yes,No,No,64,108.95,Yes,Yes,Fiber optic,Yes,No,Yes,Yes,Yes,Yes,Month-to-month,Yes,Bank transfer (automatic),7111.3,No
0839-JTCUD,Female,No,Yes,Yes,66,89.9,Yes,Yes,DSL,Yes,Yes,Yes,Yes,Yes,Yes,Two year,No,Credit card (automatic),5958.85,No
5494-WOZRZ,Female,No,Yes,Yes,71,82.0,Yes,No,DSL,Yes,No,Yes,Yes,Yes,Yes,Two year,Yes,Credit card (automatic),5999.85,No
1302-UHBDD,Male,Yes,No,No,20,89.95,Yes,No,Fiber optic,No,No,No,No,Yes,Yes,Month-to-month,No,Electronic check,1648.45,No
2234-EOFPT,Male,No,Yes,No,72,79.35,Yes,No,DSL,Yes,Yes,No,Yes,Yes,Yes,Two year,Yes,Bank transfer (automatic),5753.25,No
8619-IJNDK,Female,No,Yes,Yes,71,64.05,Yes,No,DSL,Yes,Yes,Yes,Yes,No,No,Two year,No,Credit card (automatic),4492.9,No
8378-LKJAF,Male,No,Yes,Yes,38,101.15,Yes,Yes,Fiber optic,No,No,Yes,No,Yes,Yes,Month-to-month,Yes,Credit card (automatic),3956.7,No
8182-BJDSI,Female,No,No,No,28,89.95,Yes,Yes,Fiber optic,No,Yes,No,No,No,Yes,Month-to-month,Yes,Electronic check,2625.55,Yes
2528-HFYZX,Male,Yes,Yes,No,17,76.45,Yes,No,Fiber optic,No,Yes,No,No,No,No,Month-to-month,Yes,Electronic check,1233.4,Yes
1153-GNOLC,Male,No,No,No,33,39.1,No,No phone service,DSL,No,Yes,No,No,Yes,No,One year,Yes,Electronic check,1309.0,No
3298-QEICA,Female,No,Yes,Yes,23,34.6,No,No phone service,DSL,Yes,No,No,Yes,No,No,Two year,No,Mailed check,813.45,No
0788-DXBFY,Male,No,Yes,Yes,58,19.55,Yes,No,No,No internet service,No internet service,No internet service,No internet service,No internet service,No internet service,One year,Yes,Electronic check,1108.8,No
3597-YASZG,Female,Yes,Yes,No,70,104.45,Yes,Yes,Fiber optic,No,Yes,No,Yes,Yes,Yes,Two year,Yes,Bank transfer (automatic),7349.35,No
3496-LFSZU,Male,No,Yes,No,4,70.5,Yes,No,Fiber optic,No,No,No,No,No,No,Month-to-month,No,Electronic check,294.2,No
5242-UOWHD,Male,No,Yes,Yes,45,20.35,Yes,No,No,No internet service,No internet service,No internet service,No internet service,No internet service,No internet service,Two year,No,Mailed check,929.2,No
2482-CZGBB,Male,No,No,No,10,70.0,Yes,No,Fiber optic,No,No,No,No,No,No,Month-to-month,Yes,Electronic check,740.0,Yes
6479-SZPLM,Male,No,Yes,Yes,36,19.45,Yes,No,No,No internet service,No internet service,No internet service,No internet service,No internet service,No internet service,Two year,No,Credit card (automatic),754.5,No
8097-VBQTZ,Male,No,No,No,54,69.9,Yes,No,DSL,Yes,Yes,No,Yes,Yes,No,Month-to-month,Yes,Mailed check,3883.3,No
4500-HKANN,Male,No,Yes,Yes,23,59.7,Yes,Yes,DSL,No,Yes,No,Yes,No,No,Two year,No,Mailed check,1414.2,No
9917-KWRBE,Female,No,Yes,Yes,41,78.35,Yes,Yes,DSL,Yes,Yes,Yes,No,Yes,No,One year,Yes,Credit card (automatic),3211.2,No
3420-ZDBMA,Male,Yes,No,No,5,71.45,Yes,No,Fiber optic,No,No,No,No,No,No,Month-to-month,Yes,Mailed check,371.6,No
2212-LYASK,Male,No,Yes,Yes,27,45.85,No,No phone service,DSL,No,Yes,Yes,No,No,Yes,One year,Yes,Credit card (automatic),1246.4,No
1393-IMKZG,Female,No,No,No,1,95.85,Yes,No,Fiber optic,No,No,No,Yes,Yes,Yes,Month-to-month,Yes,Electronic check,95.85,No
8069-RHUXK,Female,No,Yes,Yes,67,35.7,No,No phone service,DSL,Yes,No,No,Yes,No,No,Two year,No,Credit card (automatic),2545.7,No
3398-GCPMU,Female,Yes,Yes,Yes,72,89.55,Yes,Yes,DSL,Yes,Yes,Yes,Yes,Yes,Yes,Two year,Yes,Credit card (automatic),6448.85,No
2908-WGAXL,Female,No,Yes,Yes,56,24.95,Yes,Yes,No,No internet service,No internet service,No internet service,No internet service,No internet service,No internet service,Two year,Yes,Credit card (automatic),1468.9,No
3378-AJRAO,Male,No,Yes,Yes,44,24.85,Yes,Yes,No,No internet service,No internet service,No internet service,No internet service,No internet service,No internet service,One year,No,Electronic check,1013.6,No
1013-QCWAM,Female,Yes,Yes,No,66,100.8,Yes,Yes,Fiber optic,No,Yes,No,No,Yes,Yes,Month-to-month,Yes,Electronic check,6690.75,No
0866-QLSIR,Female,No,No,No,34,64.4,Yes,Yes,DSL,Yes,Yes,No,Yes,No,No,One year,Yes,Mailed check,2088.75,Yes
6050-FFXES,Female,No,Yes,No,69,105.35,Yes,Yes,Fiber optic,No,No,Yes,Yes,Yes,Yes,Two year,No,Bank transfer (automatic),7240.65,No
7181-BQYBV,Female,No,Yes,Yes,1,102.45,Yes,Yes,Fiber optic,Yes,No,Yes,No,Yes,Yes,Month-to-month,Yes,Electronic check,102.45,Yes
0362-RAOQO,Female,No,No,No,40,19.65,Yes,No,No,No internet service,No internet service,No internet service,No internet service,No internet service,No internet service,Two year,No,Credit card (automatic),830.25,No
9554-DFKIC,Male,No,Yes,Yes,30,54.45,Yes,Yes,DSL,Yes,No,No,No,No,No,Month-to-month,Yes,Bank transfer (automatic),1588.7,No
5527-ACHSO,Female,No,No,No,11,70.5,Yes,No,DSL,No,No,No,Yes,Yes,Yes,Month-to-month,No,Mailed check,829.3,No
0829-DDVLK,Female,No,No,No,15,20.1,Yes,No,No,No internet service,No internet service,No internet service,No internet service,No internet service,No internet service,One year,No,Credit card (automatic),302.45,No
1399-UBQIU,Male,No,No,No,11,69.35,Yes,No,DSL,No,No,Yes,No,Yes,Yes,Month-to-month,Yes,Electronic check,712.25,No
1813-JLKWR,Female,No,Yes,Yes,64,19.8,Yes,No,No,No internet service,No internet service,No internet service,No internet service,No internet service,No internet service,One year,No,Bank transfer (automatic),1336.65,No
0336-PIKEI,Male,Yes,Yes,No,72,74.4,Yes,No,DSL,Yes,Yes,Yes,Yes,Yes,No,Two year,No,Bank transfer (automatic),5360.75,No
7322-OCWHC,Male,Yes,Yes,No,72,93.05,Yes,Yes,Fiber optic,Yes,Yes,Yes,Yes,No,No,Two year,Yes,Bank transfer (automatic),6735.05,No
9537-VHDTA,Female,No,No,Yes,1,51.2,Yes,No,DSL,Yes,No,No,No,No,No,Month-to-month,No,Mailed check,51.2,No
4957-TIALW,Female,No,No,Yes,15,65.6,Yes,No,DSL,Yes,Yes,Yes,Yes,No,No,One year,No,Credit card (automatic),1010.0,No
2054-PJOCK,Female,No,No,No,60,80.55,Yes,Yes,DSL,No,No,Yes,Yes,Yes,Yes,One year,No,Credit card (automatic),4847.05,No
9150-HEPMB,Male,No,No,No,56,52.7,Yes,No,DSL,Yes,No,Yes,No,No,No,One year,No,Mailed check,3019.7,No
9030-QGZNL,Female,No,No,No,8,20.85,Yes,No,No,No internet service,No internet service,No internet service,No internet service,No internet service,No internet service,Two year,No,Mailed check,161.65,No
6204-IEUXJ,Female,No,No,No,3,80.1,Yes,No,Fiber optic,No,No,Yes,Yes,No,No,Month-to-month,No,Credit card (automatic),217.55,Yes
3126-WQMGH,Female,No,Yes,No,49,52.15,Yes,Yes,DSL,No,No,No,No,No,No,Month-to-month,Yes,Credit card (automatic),2583.75,No
4529-CKBCL,Female,No,No,No,2,80.2,Yes,No,Fiber optic,No,No,No,No,Yes,No,Month-to-month,Yes,Electronic check,146.05,Yes
2506-CLAKW,Female,No,No,No,6,98.15,Yes,No,Fiber optic,Yes,Yes,Yes,Yes,No,Yes,Month-to-month,Yes,Bank transfer (automatic),567.45,Yes
7176-WRTNX,Male,No,No,No,70,114.95,Yes,Yes,Fiber optic,Yes,Yes,Yes,Yes,Yes,Yes,Two year,Yes,Bank transfer (automatic),7711.25,No
1583-IHQZE,Male,No,No,No,12,112.95,Yes,Yes,Fiber optic,No,Yes,Yes,Yes,Yes,Yes,Month-to-month,Yes,Mailed check,1384.75,Yes
5732-IKGQH,Male,Yes,Yes,No,52,104.45,Yes,No,Fiber optic,Yes,No,Yes,Yes,Yes,Yes,One year,Yes,Bank transfer (automatic),5481.25,No
9239-GZHZE,Female,No,Yes,No,72,113.65,Yes,Yes,Fiber optic,Yes,Yes,Yes,Yes,Yes,Yes,Two year,Yes,Credit card (automatic),8124.2,No
7205-BAIAD,Female,No,No,No,40,20.6,Yes,No,No,No internet service,No internet service,No internet service,No internet service,No internet service,No internet service,Two year,Yes,Bank transfer (automatic),827.3,No
0151-ONTOV,Female,No,No,No,1,70.9,Yes,No,Fiber optic,No,No,No,No,No,No,Month-to-month,No,Mailed check,70.9,Yes
4140-MUHUG,Female,Yes,No,No,3,86.85,Yes,No,Fiber optic,No,No,Yes,No,Yes,No,Month-to-month,Yes,Electronic check,220.95,Yes
0093-EXYQL,Female,Yes,No,No,40,91.55,Yes,No,Fiber optic,No,No,No,No,Yes,Yes,Month-to-month,Yes,Electronic check,3673.6,No
8064-RAVOH,Male,No,No,Yes,1,49.85,Yes,No,DSL,No,No,Yes,No,No,No,Month-to-month,Yes,Electronic check,49.85,No
0219-QAERP,Male,No,Yes,No,30,19.8,Yes,No,No,No internet service,No internet service,No internet service,No internet service,No internet service,No internet service,One year,No,Credit card (automatic),576.65,No
0320-JDNQG,Male,No,Yes,Yes,23,99.85,Yes,No,Fiber optic,Yes,No,No,Yes,Yes,Yes,Month-to-month,Yes,Electronic check,2331.3,Yes
7180-PISOG,Male,No,Yes,Yes,1,74.5,Yes,Yes,Fiber optic,No,No,No,No,No,No,Month-to-month,Yes,Electronic check,74.5,Yes
9168-INPSZ,Female,Yes,Yes,No,44,104.15,Yes,Yes,Fiber optic,No,No,Yes,Yes,Yes,Yes,Month-to-month,No,Electronic check,4495.65,No
3571-RFHAR,Male,No,No,No,65,109.15,Yes,Yes,Fiber optic,No,Yes,Yes,Yes,Yes,Yes,Month-to-month,Yes,Electronic check,6941.2,Yes
0015-UOCOJ,Female,Yes,No,No,7,48.2,Yes,No,DSL,Yes,No,No,No,No,No,Month-to-month,Yes,Electronic check,340.35,No
5334-AFQJB,Male,Yes,No,No,72,25.1,Yes,Yes,No,No internet service,No internet service,No internet service,No internet service,No internet service,No internet service,Two year,Yes,Credit card (automatic),1789.9,No
2754-SDJRD,Female,Yes,No,No,8,100.15,Yes,Yes,Fiber optic,No,No,No,Yes,Yes,Yes,Month-to-month,Yes,Credit card (automatic),908.55,No
9578-VRMNM,Female,No,No,No,16,65.2,Yes,Yes,DSL,No,No,Yes,No,No,Yes,Month-to-month,Yes,Credit card (automatic),1043.35,Yes
1587-FKLZB,Male,Yes,Yes,Yes,66,99.5,Yes,Yes,Fiber optic,No,No,Yes,No,Yes,Yes,Month-to-month,Yes,Credit card (automatic),6822.15,Yes
6140-QNRQQ,Male,No,No,No,1,71.55,Yes,No,Fiber optic,No,No,No,No,No,No,Month-to-month,Yes,Mailed check,71.55,Yes
8963-JLGJT,Male,No,No,Yes,3,55.9,Yes,No,DSL,Yes,No,Yes,No,No,No,Month-to-month,No,Mailed check,157.55,No
4307-KTUMW,Male,No,Yes,No,53,93.9,Yes,Yes,Fiber optic,Yes,No,Yes,No,No,Yes,Month-to-month,No,Electronic check,5029.2,Yes
1465-LNTLJ,Male,Yes,Yes,No,8,64.4,Yes,No,DSL,No,No,Yes,Yes,No,Yes,Month-to-month,Yes,Credit card (automatic),581.7,No
5440-FLBQG,Male,Yes,Yes,No,69,108.4,Yes,Yes,Fiber optic,No,Yes,Yes,Yes,Yes,Yes,Two year,Yes,Bank transfer (automatic),7318.2,Yes
2135-DQWAQ,Female,No,No,No,5,85.3,Yes,No,Fiber optic,No,Yes,No,No,Yes,No,Month-to-month,Yes,Mailed check,420.45,No
4056-QHXHZ,Female,No,Yes,Yes,72,107.45,Yes,Yes,Fiber optic,Yes,No,Yes,Yes,Yes,Yes,Two year,No,Mailed check,7576.7,No
7470-MCQTK,Female,No,Yes,No,13,48.75,No,No phone service,DSL,No,No,Yes,No,Yes,Yes,Month-to-month,Yes,Bank transfer (automatic),633.4,Yes
7488-MXJIV,Female,No,No,No,4,85.65,Yes,Yes,Fiber optic,No,No,No,No,Yes,No,Month-to-month,Yes,Electronic check,321.65,Yes
7401-JIXNM,Female,No,Yes,Yes,54,91.3,Yes,Yes,DSL,Yes,Yes,Yes,Yes,Yes,Yes,Two year,No,Credit card (automatic),4965.0,No
9339-FIIJL,Male,No,Yes,No,72,85.95,Yes,Yes,DSL,No,Yes,Yes,Yes,Yes,Yes,Two year,No,Bank transfer (automatic),6151.9,No
2027-FECZV,Male,No,No,No,12,106.7,Yes,Yes,Fiber optic,No,Yes,Yes,No,Yes,Yes,Month-to-month,Yes,Electronic check,1253.9,Yes
2672-DZUOY,Male,No,No,No,1,25.15,No,No phone service,DSL,No,No,No,No,No,No,Month-to-month,Yes,Electronic check,25.15,Yes
4706-DGAHW,Male,Yes,No,No,1,45.2,Yes,No,DSL,No,No,No,No,No,No,Month-to-month,No,Electronic check,45.2,No
3870-MQAMG,Female,No,Yes,No,54,110.35,Yes,Yes,Fiber optic,No,Yes,Yes,Yes,Yes,Yes,One year,No,Electronic check,5893.15,Yes
6670-MFRPK,Male,No,Yes,Yes,69,79.2,Yes,Yes,Fiber optic,No,No,Yes,No,No,No,Two year,Yes,Credit card (automatic),5420.65,No
6177-PEVRA,Female,No,No,No,48,55.5,Yes,No,DSL,Yes,Yes,No,No,No,No,Two year,No,Credit card (automatic),2627.35,No
4800-CZMPC,Female,No,Yes,Yes,48,103.25,Yes,Yes,Fiber optic,Yes,Yes,No,No,Yes,Yes,One year,Yes,Credit card (automatic),5037.55,Yes
4813-HQMGZ,Female,No,Yes,No,8,90.25,Yes,Yes,Fiber optic,No,No,No,Yes,No,Yes,Month-to-month,Yes,Electronic check,743.75,No
7579-KKLOE,Male,No,Yes,Yes,71,91.25,Yes,Yes,DSL,Yes,Yes,Yes,Yes,Yes,Yes,Two year,Yes,Mailed check,6589.6,No
7377-DMMRI,Male,No,No,No,2,47.8,Yes,No,DSL,Yes,No,No,No,No,No,Month-to-month,Yes,Electronic check,92.45,Yes
8402-EIVQS,Male,No,Yes,No,67,100.9,Yes,No,Fiber optic,Yes,Yes,No,No,Yes,Yes,One year,Yes,Credit card (automatic),6733.15,No
4947-DSMXK,Male,No,Yes,Yes,34,97.7,Yes,Yes,Fiber optic,No,Yes,No,No,Yes,Yes,Month-to-month,Yes,Bank transfer (automatic),3410.0,No
7245-NIIWQ,Female,No,No,No,3,69.85,Yes,No,Fiber optic,No,No,No,No,No,No,Month-to-month,Yes,Electronic check,199.85,No
0002-ORFBO,Female,No,Yes,Yes,9,65.6,Yes,No,DSL,No,Yes,No,Yes,Yes,No,One year,Yes,Mailed check,593.3,No
3324-OIRTO,Male,No,Yes,Yes,71,104.65,Yes,No,Fiber optic,Yes,Yes,Yes,No,Yes,Yes,One year,Yes,Bank transfer (automatic),7288.4,No
5414-OFQCB,Male,No,No,No,57,90.45,Yes,Yes,Fiber optic,No,No,No,Yes,Yes,No,Two year,Yes,Credit card (automatic),5229.8,No
4967-WPNCF,Male,No,No,No,72,63.7,No,No phone service,DSL,Yes,Yes,Yes,Yes,Yes,Yes,Two year,Yes,Bank transfer (automatic),4464.8,No
8552-OBVRU,Female,Yes,Yes,Yes,48,104.5,Yes,No,Fiber optic,Yes,No,Yes,Yes,Yes,Yes,Month-to-month,Yes,Electronic check,5068.05,No
8499-BRXTD,Male,No,No,No,18,20.1,Yes,No,No,No internet service,No internet service,No internet service,No internet service,No internet service,No internet service,One year,No,Mailed check,401.85,No
9154-QDGTH,Male,No,Yes,Yes,43,104.3,Yes,Yes,Fiber optic,No,No,Yes,Yes,Yes,Yes,One year,Yes,Credit card (automatic),4451.85,No
8197-BFWVU,Female,No,Yes,Yes,72,93.25,Yes,Yes,DSL,Yes,Yes,Yes,Yes,Yes,Yes,Two year,Yes,Bank transfer (automatic),6688.95,No
2577-GVSIL,Male,No,Yes,Yes,35,73.45,Yes,Yes,DSL,No,No,No,Yes,Yes,Yes,One year,Yes,Bank transfer (automatic),2661.1,No
9367-OIUXP,Male,No,No,No,4,20.7,Yes,No,No,No internet service,No internet service,No internet service,No internet service,No internet service,No internet service,Month-to-month,No,Mailed check,73.05,No
6770-UAYGJ,Female,No,Yes,Yes,49,25.25,Yes,Yes,No,No internet service,No internet service,No internet service,No internet service,No internet service,No internet service,Two year,No,Mailed check,1211.65,No
6463-HHXJR,Female,No,Yes,Yes,71,100.5,Yes,Yes,Fiber optic,Yes,Yes,Yes,No,Yes,No,Two year,No,Bank transfer (automatic),7030.65,No
7928-VJYAB,Male,No,Yes,Yes,11,90.6,Yes,No,Fiber optic,No,No,No,No,Yes,Yes,Month-to-month,No,Electronic check,1020.2,No
1187-WILMM,Male,No,Yes,Yes,63,89.4,Yes,Yes,DSL,Yes,Yes,Yes,Yes,Yes,Yes,Two year,Yes,Credit card (automatic),5597.65,No
9776-OJUZI,Female,Yes,No,No,65,95.45,Yes,Yes,Fiber optic,No,Yes,Yes,No,Yes,No,Month-to-month,Yes,Bank transfer (automatic),6223.3,No
1306-RPWXZ,Female,No,No,Yes,49,20.45,Yes,No,No,No internet service,No internet service,No internet service,No internet service,No internet service,No internet service,Two year,No,Credit card (automatic),1024.65,No
8949-JTMAY,Female,No,No,No,29,98.6,Yes,Yes,Fiber optic,No,No,Yes,No,Yes,Yes,Month-to-month,Yes,Credit card (automatic),2933.2,Yes
2774-LVQUS,Female,Yes,Yes,No,15,83.05,Yes,Yes,Fiber optic,No,No,Yes,Yes,No,No,Month-to-month,Yes,Electronic check,1258.3,Yes
3097-PYWXL,Female,No,Yes,Yes,4,19.95,Yes,No,No,No internet service,No internet service,No internet service,No internet service,No internet service,No internet service,Month-to-month,Yes,Electronic check,82.9,No
2266-SJNAT,Female,No,Yes,No,72,109.15,Yes,Yes,Fiber optic,No,Yes,Yes,Yes,Yes,Yes,One year,No,Credit card (automatic),7789.6,No
0869-PAPRP,Female,Yes,Yes,No,26,85.7,Yes,No,Fiber optic,No,No,Yes,No,Yes,No,Month-to-month,Yes,Credit card (automatic),2067.0,No
4238-JSSWH,Female,Yes,Yes,No,35,102.05,Yes,Yes,Fiber optic,No,No,Yes,No,Yes,Yes,Month-to-month,No,Bank transfer (automatic),3452.55,No
2972-YDYUW,Female,No,No,No,57,94.7,Yes,Yes,Fiber optic,No,Yes,No,Yes,No,Yes,One year,No,Electronic check,5468.95,No
1104-FEJAM,Male,No,Yes,Yes,28,64.4,Yes,Yes,DSL,No,Yes,No,No,No,Yes,Month-to-month,No,Electronic check,1802.15,No
2809-ILCYT,Female,No,Yes,No,25,26.8,Yes,Yes,No,No internet service,No internet service,No internet service,No internet service,No internet service,No internet service,One year,Yes,Mailed check,733.55,No
5499-ECUTN,Female,No,Yes,No,47,66.05,Yes,No,DSL,Yes,No,Yes,No,Yes,No,One year,Yes,Credit card (automatic),3021.45,No
4981-FLTMF,Female,No,Yes,Yes,57,65.2,Yes,Yes,DSL,Yes,Yes,No,Yes,No,No,Month-to-month,No,Bank transfer (automatic),3687.85,No
9121-PHQSR,Male,Yes,Yes,No,16,85.05,Yes,Yes,Fiber optic,No,No,No,No,Yes,No,Month-to-month,Yes,Credit card (automatic),1391.15,No
3113-IWHLC,Male,No,No,No,5,55.8,Yes,No,DSL,Yes,No,Yes,No,No,No,Month-to-month,Yes,Mailed check,274.35,No
3211-ILJTT,Male,No,Yes,No,17,70.4,Yes,No,Fiber optic,No,No,No,No,No,No,Month-to-month,Yes,Bank transfer (automatic),1214.05,Yes
4612-THJBS,Female,Yes,No,No,56,104.75,Yes,Yes,Fiber optic,No,Yes,Yes,No,Yes,Yes,One year,Yes,Bank transfer (automatic),5510.65,Yes
4277-BWBML,Male,No,Yes,Yes,72,19.95,Yes,No,No,No internet service,No internet service,No internet service,No internet service,No internet service,No internet service,Two year,No,Bank transfer (automatic),1322.85,No
4094-NSEDU,Female,Yes,No,No,21,94.25,Yes,Yes,Fiber optic,No,No,No,No,Yes,Yes,Month-to-month,Yes,Electronic check,1973.75,Yes
0234-TEVTT,Female,No,Yes,Yes,48,45.0,No,No phone service,DSL,Yes,No,Yes,No,No,Yes,One year,No,Credit card (automatic),2196.3,No
4304-TSPVK,Female,No,Yes,No,68,114.9,Yes,Yes,Fiber optic,Yes,Yes,Yes,Yes,Yes,Yes,Two year,No,Bank transfer (automatic),7843.55,No
1552-AAGRX,Female,No,No,No,30,106.4,Yes,Yes,Fiber optic,Yes,No,No,Yes,Yes,Yes,Month-to-month,No,Bank transfer (automatic),3211.9,No
2637-FKFSY,Female,No,Yes,No,3,46.1,Yes,No,DSL,No,No,No,No,No,No,Month-to-month,Yes,Mailed check,130.15,No
9796-MVYXX,Female,Yes,No,No,14,39.7,No,No phone service,DSL,Yes,No,Yes,Yes,No,No,Two year,No,Mailed check,692.35,No
7874-ECPQJ,Female,No,No,Yes,4,20.05,Yes,No,No,No internet service,No internet service,No internet service,No internet service,No internet service,No internet service,Month-to-month,Yes,Bank transfer (automatic),85.5,No
0020-INWCK,Female,No,Yes,Yes,71,95.75,Yes,Yes,Fiber optic,No,Yes,Yes,No,No,Yes,Two year,Yes,Credit card (automatic),6849.4,No
7089-RKVSZ,Male,No,Yes,Yes,8,24.4,Yes,Yes,No,No internet service,No internet service,No internet service,No internet service,No internet service,No internet service,One year,No,Mailed check,203.95,No
2683-JXWQQ,Male,No,Yes,Yes,61,33.6,No,No phone service,DSL,Yes,No,Yes,No,No,No,Month-to-month,No,Bank transfer (automatic),2117.2,No
9548-ZMVTX,Male,No,Yes,Yes,72,90.45,Yes,Yes,Fiber optic,No,Yes,Yes,Yes,No,No,Two year,No,Bank transfer (automatic),6565.85,No
8739-XNIKG,Female,No,No,No,5,84.0,Yes,Yes,Fiber optic,No,No,No,No,Yes,No,Month-to-month,Yes,Electronic check,424.75,No
9755-JHNMN,Female,No,No,No,49,67.4,Yes,No,DSL,Yes,Yes,Yes,Yes,No,No,Two year,No,Bank transfer (automatic),3306.85,No
3981-QSVQI,Male,No,No,No,8,19.7,Yes,No,No,No internet service,No internet service,No internet service,No internet service,No internet service,No internet service,Month-to-month,Yes,Bank transfer (automatic),168.9,No
2789-HQBOU,Male,No,No,No,3,80.35,Yes,No,Fiber optic,No,No,No,No,No,Yes,Month-to-month,Yes,Electronic check,253.8,No
9424-CMPOG,Male,No,Yes,Yes,9,19.6,Yes,No,No,No internet service,No internet service,No internet service,No internet service,No internet service,No internet service,Two year,No,Mailed check,197.4,No
5067-WJEUN,Male,No,Yes,Yes,67,54.2,Yes,No,DSL,Yes,Yes,No,No,No,No,Two year,Yes,Bank transfer (automatic),3838.2,No
3450-WXOAT,Male,No,No,No,46,45.2,Yes,No,DSL,No,No,No,No,No,No,Month-to-month,Yes,Credit card (automatic),2065.15,No
9251-WNSOD,Female,No,Yes,No,67,75.1,Yes,Yes,DSL,Yes,Yes,Yes,No,No,Yes,One year,No,Mailed check,5064.45,No
6974-DAFLI,Female,No,Yes,No,55,19.7,Yes,No,No,No internet service,No internet service,No internet service,No internet service,No internet service,No internet service,One year,No,Electronic check,1140.05,No
2616-UUTFK,Male,No,Yes,No,33,72.75,Yes,Yes,DSL,Yes,Yes,Yes,No,Yes,No,Month-to-month,Yes,Bank transfer (automatic),2447.45,No
7064-JHXCE,Male,No,Yes,Yes,62,20.05,Yes,No,No,No internet service,No internet service,No internet service,No internet service,No internet service,No internet service,Two year,No,Credit card (automatic),1263.9,No
5103-MHMHY,Female,No,No,Yes,1,45.95,Yes,No,DSL,No,No,No,No,No,No,Month-to-month,No,Mailed check,45.95,Yes
7989-AWGEH,Male,No,Yes,Yes,49,39.2,No,No phone service,DSL,Yes,No,No,No,No,Yes,Month-to-month,Yes,Electronic check,1838.15,No
4373-VVHQL,Male,No,No,No,1,44.75,Yes,No,DSL,No,No,No,No,No,No,Month-to-month,Yes,Electronic check,44.75,No
4559-UWIHT,Male,No,Yes,No,14,82.65,Yes,Yes,Fiber optic,No,Yes,Yes,No,No,No,Month-to-month,Yes,Electronic check,1185.0,No
7268-IGMFD,Male,Yes,No,No,18,93.9,Yes,Yes,Fiber optic,No,No,Yes,Yes,Yes,No,Month-to-month,No,Bank transfer (automatic),1743.9,No
1846-XWOQN,Female,Yes,No,No,1,70.15,Yes,No,Fiber optic,No,No,No,No,No,No,Month-to-month,Yes,Electronic check,70.15,Yes
0235-KGSLC,Female,No,No,No,1,85.55,Yes,No,Fiber optic,No,No,Yes,No,Yes,No,Month-to-month,Yes,Credit card (automatic),85.55,Yes
6650-BWFRT,Female,No,Yes,No,72,117.15,Yes,Yes,Fiber optic,Yes,Yes,Yes,Yes,Yes,Yes,Two year,Yes,Credit card (automatic),8529.5,No
9570-KYEUA,Male,No,No,No,64,99.25,Yes,Yes,Fiber optic,Yes,No,Yes,Yes,No,Yes,Two year,No,Credit card (automatic),6549.45,No
6993-YGFJV,Male,No,Yes,No,69,112.55,Yes,Yes,Fiber optic,Yes,Yes,Yes,Yes,Yes,Yes,Two year,Yes,Bank transfer (automatic),7806.5,No
2712-SYWAY,Female,No,No,No,1,25.7,Yes,Yes,No,No internet service,No internet service,No internet service,No internet service,No internet service,No internet service,Month-to-month,Yes,Electronic check,25.7,No
0730-BGQGF,Male,No,Yes,Yes,71,90.3,Yes,Yes,DSL,Yes,Yes,Yes,Yes,Yes,Yes,Two year,No,Credit card (automatic),6287.3,No
5498-IBWPI,Female,No,Yes,Yes,66,49.4,Yes,No,DSL,No,No,No,Yes,No,No,One year,Yes,Credit card (automatic),3251.85,No
9101-NTIXF,Male,No,No,No,2,19.4,Yes,No,No,No internet service,No internet service,No internet service,No internet service,No internet service,No internet service,Month-to-month,No,Mailed check,50.6,No
0013-SMEOE,Female,Yes,Yes,No,71,109.7,Yes,No,Fiber optic,Yes,Yes,Yes,Yes,Yes,Yes,Two year,Yes,Bank transfer (automatic),7904.25,No
9314-QDMDW,Male,No,No,No,11,61.25,Yes,No,DSL,No,Yes,No,No,Yes,No,One year,Yes,Electronic check,729.95,No
9308-ANMVE,Male,No,No,Yes,47,55.3,Yes,No,DSL,Yes,Yes,No,No,No,No,Month-to-month,Yes,Electronic check,2654.05,No
2884-GBPFB,Female,No,Yes,No,35,70.3,Yes,No,Fiber optic,No,No,No,No,No,No,Month-to-month,Yes,Electronic check,2416.55,Yes
3757-NJYBX,Male,Yes,Yes,No,32,106.35,Yes,Yes,Fiber optic,No,Yes,Yes,No,Yes,Yes,Month-to-month,No,Bank transfer (automatic),3520.75,Yes
3413-DHLPB,Male,No,Yes,Yes,60,103.75,Yes,Yes,Fiber optic,No,Yes,No,Yes,Yes,Yes,Month-to-month,Yes,Bank transfer (automatic),5969.95,No
7649-PHJVR,Male,No,No,No,11,19.5,Yes,No,No,No internet service,No internet service,No internet service,No internet service,No internet service,No internet service,One year,No,Mailed check,226.8,No
6114-TCFID,Female,No,No,No,29,39.5,No,No phone service,DSL,Yes,Yes,No,Yes,No,No,One year,No,Credit card (automatic),1082.75,No
3787-TRIAL,Male,No,Yes,Yes,21,26.05,No,No phone service,DSL,No,No,No,No,No,No,Month-to-month,Yes,Electronic check,565.75,No
2573-GYRUU,Male,Yes,Yes,No,48,91.05,Yes,Yes,Fiber optic,No,No,Yes,No,No,Yes,Month-to-month,Yes,Credit card (automatic),4370.75,No
5156-UMKOW,Female,No,No,Yes,3,29.65,No,No phone service,DSL,No,Yes,No,No,No,No,Month-to-month,No,Mailed check,90.05,No
1247-QBVSH,Female,No,Yes,Yes,43,50.2,Yes,No,DSL,No,Yes,No,No,No,No,Month-to-month,No,Mailed check,2169.4,No
6734-GMPVK,Male,No,No,No,5,105.3,Yes,Yes,Fiber optic,No,Yes,Yes,No,Yes,Yes,Month-to-month,No,Electronic check,550.6,No
9822-OAOVB,Female,No,No,No,1,55.45,Yes,No,DSL,No,No,No,No,No,Yes,Month-to-month,Yes,Electronic check,55.45,No
6161-ERDGD,Male,No,Yes,Yes,71,85.45,Yes,Yes,DSL,Yes,No,Yes,Yes,Yes,Yes,One year,No,Electronic check,6300.85,No
1226-JZNKR,Female,No,Yes,Yes,8,19.8,Yes,No,No,No internet service,No internet service,No internet service,No internet service,No internet service,No internet service,One year,No,Electronic check,160.05,No
7318-EIVKO,Male,No,No,No,8,59.25,Yes,Yes,DSL,No,No,No,No,Yes,No,Month-to-month,Yes,Electronic check,436.6,No
3771-PZOBW,Male,No,No,No,20,90.7,Yes,Yes,Fiber optic,No,No,Yes,No,Yes,No,Month-to-month,Yes,Credit card (automatic),1781.35,No
5136-KCKGI,Female,No,Yes,Yes,33,103.7,Yes,Yes,Fiber optic,Yes,No,Yes,No,Yes,Yes,One year,Yes,Mailed check,3467.0,Yes
8231-BSWXX,Male,No,No,No,71,79.05,Yes,Yes,Fiber optic,No,Yes,No,No,No,No,One year,Yes,Credit card (automatic),5552.5,No
6486-LHTMA,Female,Yes,Yes,No,31,90.7,Yes,Yes,Fiber optic,No,No,Yes,No,Yes,No,One year,Yes,Electronic check,2835.5,No
4083-BFNYK,Female,Yes,Yes,No,38,95.0,Yes,Yes,Fiber optic,Yes,Yes,No,No,No,Yes,One year,No,Credit card (automatic),3591.25,No
3722-WPXTK,Male,No,No,No,1,88.35,Yes,No,Fiber optic,No,No,No,No,Yes,Yes,Month-to-month,Yes,Electronic check,88.35,Yes
7389-KBFIT,Female,No,Yes,Yes,2,30.25,No,No phone service,DSL,No,Yes,No,No,No,No,Month-to-month,Yes,Mailed check,63.75,No
7176-WIONM,Female,No,Yes,No,12,49.85,No,No phone service,DSL,No,No,Yes,No,Yes,Yes,Month-to-month,Yes,Bank transfer (automatic),617.15,No
5141-ZUVBH,Female,No,No,Yes,9,93.0,Yes,No,Fiber optic,Yes,No,Yes,Yes,No,Yes,Month-to-month,No,Bank transfer (automatic),870.25,No
1089-HDMKP,Male,Yes,No,Yes,11,54.55,Yes,No,DSL,No,Yes,No,Yes,No,No,Month-to-month,Yes,Electronic check,601.25,No
7623-HKYRK,Male,No,No,Yes,6,19.7,Yes,No,No,No internet service,No internet service,No internet service,No internet service,No internet service,No internet service,Month-to-month,No,Mailed check,111.65,No
0310-SUCIN,Female,No,Yes,No,71,84.8,Yes,No,DSL,Yes,Yes,Yes,Yes,Yes,Yes,One year,Yes,Bank transfer (automatic),6046.1,No
5197-PYEPU,Female,No,Yes,Yes,42,94.45,Yes,Yes,Fiber optic,Yes,Yes,No,No,Yes,No,One year,Yes,Credit card (automatic),3923.8,No
2929-ERCFZ,Female,No,Yes,Yes,8,94.2,Yes,No,Fiber optic,No,No,Yes,No,Yes,Yes,Month-to-month,Yes,Electronic check,777.3,Yes
7548-SEPYI,Female,No,No,No,5,96.25,Yes,No,Fiber optic,No,Yes,No,No,Yes,Yes,Month-to-month,Yes,Electronic check,512.45,Yes
8835-VSDSE,Female,No,Yes,No,2,70.7,Yes,No,Fiber optic,No,No,No,No,No,No,Month-to-month,Yes,Electronic check,141.45,Yes
6619-RPLQZ,Female,No,Yes,Yes,45,20.85,Yes,No,No,No internet service,No internet service,No internet service,No internet service,No internet service,No internet service,Two year,No,Mailed check,892.15,No
3275-RHRNE,Male,No,Yes,Yes,28,60.0,No,No phone service,DSL,No,Yes,Yes,Yes,Yes,Yes,One year,Yes,Credit card (automatic),1682.05,No
3503-TYDAY,Female,No,Yes,No,43,80.45,Yes,Yes,Fiber optic,No,Yes,No,No,No,No,Month-to-month,No,Electronic check,3398.9,No
6901-GOGZG,Male,No,No,Yes,60,84.95,Yes,Yes,DSL,Yes,No,Yes,Yes,Yes,Yes,Two year,Yes,Electronic check,4984.85,No
1623-NLDOT,Female,No,Yes,No,42,33.55,No,No phone service,DSL,No,Yes,No,Yes,No,No,One year,No,Mailed check,1445.3,Yes
7021-XSNYE,Male,No,Yes,Yes,7,49.65,No,No phone service,DSL,Yes,No,Yes,Yes,No,Yes,Two year,No,Credit card (automatic),305.55,No
9621-OUPYD,Female,No,Yes,No,25,20.2,Yes,No,No,No internet service,No internet service,No internet service,No internet service,No internet service,No internet service,One year,Yes,Bank transfer (automatic),507.9,No
9898-KZQDZ,Female,Yes,Yes,Yes,40,94.55,Yes,Yes,Fiber optic,No,No,No,No,Yes,Yes,Month-to-month,Yes,Credit card (automatic),3640.45,Yes
8982-NHAVY,Male,No,No,No,27,100.5,Yes,Yes,Fiber optic,No,No,Yes,No,Yes,Yes,One year,Yes,Bank transfer (automatic),2673.45,No
4307-KWMXE,Male,No,No,No,10,35.75,No,No phone service,DSL,No,Yes,No,Yes,No,No,Month-to-month,No,Electronic check,389.8,No
0141-YEAYS,Female,Yes,No,No,27,86.45,Yes,Yes,Fiber optic,No,Yes,Yes,No,No,No,Month-to-month,Yes,Bank transfer (automatic),2401.05,No
2450-ZKEED,Female,No,No,No,11,53.8,Yes,No,DSL,No,No,Yes,Yes,No,No,One year,No,Bank transfer (automatic),651.55,No
3694-DELSO,Male,No,Yes,Yes,4,38.55,No,No phone service,DSL,Yes,No,No,No,Yes,No,Month-to-month,No,Credit card (automatic),156.1,No
3893-JRNFS,Male,No,No,No,68,39.9,No,No phone service,DSL,No,No,Yes,No,No,Yes,Month-to-month,Yes,Bank transfer (automatic),2796.35,No
9603-OAIHC,Male,Yes,No,No,1,70.05,Yes,No,Fiber optic,No,No,No,No,No,No,Month-to-month,Yes,Electronic check,70.05,No
1133-KXCGE,Female,No,No,No,18,20.1,Yes,No,No,No internet service,No internet service,No internet service,No internet service,No internet service,No internet service,One year,No,Mailed check,407.05,No
5236-PERKL,Female,No,No,No,57,112.95,Yes,Yes,Fiber optic,Yes,Yes,Yes,No,Yes,Yes,Two year,Yes,Bank transfer (automatic),6465.0,Yes
0142-GVYSN,Male,No,No,No,26,20.3,Yes,No,No,No internet service,No internet service,No internet service,No internet service,No internet service,No internet service,Month-to-month,Yes,Electronic check,511.25,No
1049-FYSYG,Female,No,Yes,No,17,35.65,No,No phone service,DSL,No,Yes,Yes,No,No,No,Month-to-month,Yes,Credit card (automatic),646.05,No
7854-FOKSF,Male,No,No,No,1,35.9,No,No phone service,DSL,No,No,No,No,No,Yes,Month-to-month,No,Electronic check,35.9,Yes
2519-FAKOD,Male,No,No,Yes,38,99.25,Yes,Yes,Fiber optic,No,No,Yes,No,Yes,Yes,Month-to-month,Yes,Bank transfer (automatic),3777.15,Yes
8406-LNMHF,Male,Yes,Yes,No,59,82.95,Yes,No,Fiber optic,Yes,Yes,Yes,No,No,No,One year,Yes,Credit card (automatic),4903.15,No
1821-BUCWY,Male,No,No,No,30,55.65,Yes,No,DSL,Yes,No,Yes,No,No,No,Two year,Yes,Mailed check,1653.85,No
8263-JQAIK,Male,Yes,No,No,2,24.45,No,No phone service,DSL,No,No,No,No,No,No,Month-to-month,Yes,Mailed check,47.5,Yes
0023-UYUPN,Female,Yes,Yes,No,50,25.2,Yes,Yes,No,No internet service,No internet service,No internet service,No internet service,No internet service,No internet service,One year,No,Electronic check,1306.3,No
8314-DPQHL,Male,No,No,No,9,50.8,No,No phone service,DSL,Yes,No,Yes,Yes,No,Yes,One year,No,Mailed check,463.6,No
1465-WCZVT,Female,No,Yes,Yes,3,19.65,Yes,No,No,No internet service,No internet service,No internet service,No internet service,No internet service,No internet service,Month-to-month,No,Mailed check,60.65,No
9481-SFCQY,Female,No,No,Yes,14,59.8,Yes,No,DSL,No,No,Yes,No,Yes,No,Month-to-month,Yes,Credit card (automatic),824.85,No
6360-SVNWV,Female,Yes,No,No,31,73.55,Yes,No,Fiber optic,Yes,No,No,No,No,No,Month-to-month,Yes,Credit card (automatic),2094.65,No
0567-GGCAC,Female,No,No,No,7,61.4,Yes,No,DSL,Yes,Yes,Yes,No,No,No,Month-to-month,No,Electronic check,438.9,No
7089-IVVAZ,Female,No,No,No,8,103.35,Yes,Yes,Fiber optic,Yes,No,No,Yes,Yes,Yes,Month-to-month,Yes,Bank transfer (automatic),847.3,Yes
8884-MRNSU,Male,No,Yes,Yes,17,19.9,Yes,No,No,No internet service,No internet service,No internet service,No internet service,No internet service,No internet service,One year,No,Bank transfer (automatic),329.75,No
2171-UDMFD,Male,No,Yes,Yes,32,19.45,Yes,No,No,No internet service,No internet service,No internet service,No internet service,No internet service,No internet service,Month-to-month,Yes,Credit card (automatic),674.55,No
9050-IKDZA,Female,Yes,No,No,2,81.5,Yes,No,Fiber optic,No,No,No,No,Yes,No,Month-to-month,No,Mailed check,162.55,No
2205-YMZZJ,Male,Yes,No,No,7,84.8,Yes,Yes,Fiber optic,No,No,No,No,Yes,No,Month-to-month,Yes,Electronic check,546.95,Yes
9802-CAQUT,Female,No,Yes,Yes,72,109.55,Yes,Yes,Fiber optic,Yes,Yes,Yes,No,Yes,Yes,Two year,No,Credit card (automatic),7887.25,No
1254-IZEYF,Female,Yes,No,No,31,99.95,Yes,Yes,Fiber optic,No,Yes,No,No,Yes,Yes,Month-to-month,Yes,Electronic check,3186.65,Yes
0187-WZNAB,Female,No,Yes,Yes,27,74.4,Yes,No,Fiber optic,Yes,No,No,No,No,No,Month-to-month,No,Mailed check,1972.35,No
9492-TOKRI,Female,No,No,No,18,90.0,Yes,Yes,Fiber optic,No,Yes,No,No,Yes,No,Month-to-month,Yes,Credit card (automatic),1527.35,Yes
1475-VWVDO,Male,No,No,No,7,74.9,Yes,No,Fiber optic,No,No,Yes,No,No,No,Month-to-month,Yes,Electronic check,490.55,No
9221-OTIVJ,Female,Yes,No,No,14,104.85,Yes,Yes,Fiber optic,No,Yes,Yes,No,Yes,Yes,Month-to-month,Yes,Electronic check,1531.4,Yes
1357-MVDOZ,Male,No,Yes,Yes,11,59.65,Yes,No,DSL,No,No,Yes,No,Yes,No,Month-to-month,Yes,Bank transfer (automatic),683.25,No
7602-MVRMB,Female,No,Yes,Yes,72,110.45,Yes,Yes,Fiber optic,Yes,No,Yes,Yes,Yes,Yes,Two year,Yes,Bank transfer (automatic),8058.85,No
3325-FUYCG,Male,No,Yes,Yes,28,106.1,Yes,Yes,Fiber optic,Yes,Yes,No,No,Yes,Yes,One year,No,Electronic check,2847.4,Yes
5908-QMGOE,Male,Yes,No,No,15,74.2,Yes,Yes,Fiber optic,No,No,No,No,No,No,Month-to-month,Yes,Credit card (automatic),1133.9,Yes
1197-BVMVG,Female,Yes,No,No,4,74.45,Yes,Yes,Fiber optic,No,No,No,No,No,No,Month-to-month,Yes,Electronic check,294.45,No
5406-KGRMX,Female,No,No,No,71,24.55,Yes,Yes,No,No internet service,No internet service,No internet service,No internet service,No internet service,No internet service,Two year,No,Electronic check,1719.15,No
8481-YYXWG,Female,No,No,No,5,89.35,Yes,No,Fiber optic,No,Yes,No,Yes,No,Yes,Month-to-month,Yes,Electronic check,461.7,Yes
5968-HYJRZ,Male,No,Yes,Yes,47,24.55,Yes,Yes,No,No internet service,No internet service,No internet service,No internet service,No internet service,No internet service,Two year,No,Mailed check,1160.45,No
5198-EFNBM,Male,Yes,Yes,No,57,90.65,Yes,No,Fiber optic,No,Yes,Yes,No,Yes,No,One year,Yes,Electronic check,5199.8,No
7516-GMHUV,Male,Yes,Yes,No,50,105.05,Yes,Yes,Fiber optic,Yes,No,Yes,No,Yes,Yes,Two year,Yes,Credit card (automatic),5163.3,No
7140-ADSMJ,Male,No,No,No,8,20.45,Yes,No,No,No internet service,No internet service,No internet service,No internet service,No internet service,No internet service,Month-to-month,Yes,Credit card (automatic),162.3,No
2230-XTUWL,Female,No,Yes,Yes,48,19.55,Yes,No,No,No internet service,No internet service,No internet service,No internet service,No internet service,No internet service,Two year,No,Mailed check,883.35,No
7706-YLMQA,Female,No,No,No,70,19.7,Yes,No,No,No internet service,No internet service,No internet service,No internet service,No internet service,No internet service,One year,No,Bank transfer (automatic),1341.5,No
2585-KTFRE,Male,No,No,Yes,1,70.45,Yes,No,DSL,Yes,Yes,No,Yes,No,Yes,Month-to-month,Yes,Bank transfer (automatic),70.45,No
7994-UYIVZ,Male,No,Yes,No,8,85.65,Yes,Yes,Fiber optic,No,No,No,No,No,Yes,Month-to-month,Yes,Bank transfer (automatic),659.45,No
2609-IAICY,Female,No,No,No,1,77.15,Yes,Yes,Fiber optic,No,No,No,No,No,No,Month-to-month,Yes,Electronic check,77.15,Yes
1740-CSDJP,Male,No,No,No,1,35.25,No,No phone service,DSL,No,No,No,No,No,Yes,Month-to-month,Yes,Bank transfer (automatic),35.25,Yes
7717-BICXI,Male,No,Yes,Yes,60,20.55,Yes,No,No,No internet service,No internet service,No internet service,No internet service,No internet service,No internet service,Two year,No,Mailed check,1205.05,No
6559-RAKOZ,Male,No,Yes,Yes,49,97.95,Yes,Yes,Fiber optic,No,No,No,Yes,Yes,Yes,One year,Yes,Electronic check,4917.9,No
2636-OHFMN,Male,No,Yes,No,4,48.55,No,No phone service,DSL,No,Yes,No,No,Yes,Yes,Month-to-month,Yes,Electronic check,201.0,Yes
4716-MRVEN,Female,No,No,No,29,20.0,Yes,No,No,No internet service,No internet service,No internet service,No internet service,No internet service,No internet service,One year,No,Mailed check,599.3,No
2143-LJULT,Female,No,Yes,No,67,25.25,Yes,Yes,No,No internet service,No internet service,No internet service,No internet service,No internet service,No internet service,Two year,Yes,Credit card (automatic),1733.15,No
1323-OOEPC,Female,No,Yes,No,53,98.4,Yes,Yes,Fiber optic,No,Yes,No,No,Yes,Yes,Month-to-month,Yes,Credit card (automatic),5149.5,Yes
3200-MNQTF,Male,No,Yes,No,67,70.9,Yes,Yes,DSL,Yes,Yes,Yes,Yes,No,No,Two year,No,Credit card (automatic),4677.1,No
6164-HXUGH,Female,No,Yes,Yes,6,19.85,Yes,No,No,No internet service,No internet service,No internet service,No internet service,No internet service,No internet service,Month-to-month,No,Mailed check,119.3,No
5630-IXDXV,Female,No,No,No,47,106.35,Yes,Yes,Fiber optic,No,Yes,Yes,No,Yes,Yes,Month-to-month,Yes,Electronic check,4849.1,No
0320-DWVTU,Female,No,No,No,53,99.5,Yes,No,Fiber optic,Yes,Yes,Yes,Yes,No,Yes,Two year,No,Mailed check,5424.25,No
9135-MGVPY,Male,No,Yes,No,69,84.7,Yes,No,DSL,Yes,Yes,Yes,Yes,Yes,Yes,Two year,Yes,Mailed check,5878.9,No
1212-GLHMD,Male,No,No,No,3,86.05,Yes,No,Fiber optic,Yes,No,No,No,No,Yes,Month-to-month,Yes,Mailed check,244.85,No
7878-JGDKK,Male,No,No,No,4,44.55,Yes,No,DSL,No,No,No,No,No,No,Month-to-month,No,Mailed check,220.75,No
1088-AUUZZ,Male,No,Yes,Yes,56,75.85,Yes,Yes,DSL,Yes,Yes,No,Yes,No,Yes,Two year,Yes,Credit card (automatic),4261.2,No
0397-GZBBC,Male,Yes,Yes,No,59,93.85,Yes,Yes,Fiber optic,No,No,No,No,Yes,Yes,Month-to-month,Yes,Bank transfer (automatic),5574.75,Yes
6614-YWYSC,Male,Yes,Yes,No,61,25.0,Yes,Yes,No,No internet service,No internet service,No internet service,No internet service,No internet service,No internet service,Two year,No,Bank transfer (automatic),1501.75,No
9588-OZDMQ,Female,No,Yes,No,2,45.0,Yes,No,DSL,No,No,No,No,No,No,Month-to-month,Yes,Electronic check,89.75,No
7641-EUYET,Male,Yes,Yes,Yes,46,100.7,Yes,Yes,Fiber optic,Yes,Yes,Yes,No,Yes,No,Month-to-month,Yes,Electronic check,4541.2,Yes
6476-EPYZR,Male,No,Yes,Yes,12,20.5,Yes,No,No,No internet service,No internet service,No internet service,No internet service,No internet service,No internet service,Month-to-month,No,Mailed check,255.5,No
9921-ZVRHG,Female,No,No,No,14,80.45,Yes,Yes,Fiber optic,No,No,Yes,No,No,No,Month-to-month,Yes,Electronic check,1072.0,Yes
1174-FGIFN,Female,No,Yes,Yes,28,90.45,Yes,Yes,Fiber optic,No,No,No,Yes,No,Yes,One year,Yes,Electronic check,2509.25,No
6620-HVDUJ,Male,No,No,No,24,60.45,Yes,No,DSL,Yes,Yes,No,Yes,No,No,Month-to-month,No,Bank transfer (automatic),1440.75,No
4701-MLJPN,Male,No,No,No,31,55.25,Yes,No,DSL,No,No,Yes,Yes,No,No,Month-to-month,Yes,Electronic check,1715.65,Yes
1032-MAELW,Female,No,Yes,Yes,68,78.45,Yes,Yes,DSL,Yes,Yes,Yes,Yes,No,Yes,One year,Yes,Electronic check,5333.35,No
7641-TQFHN,Male,No,No,Yes,39,100.55,Yes,Yes,Fiber optic,No,No,No,Yes,Yes,Yes,Two year,No,Mailed check,3895.35,No
1552-TKMXS,Female,No,Yes,No,42,20.35,Yes,No,No,No internet service,No internet service,No internet service,No internet service,No internet service,No internet service,Month-to-month,No,Credit card (automatic),869.9,No
9206-GVPEQ,Male,No,Yes,No,13,54.45,No,No phone service,DSL,Yes,No,No,Yes,Yes,Yes,Month-to-month,Yes,Electronic check,706.85,Yes
8622-ZLFKO,Female,No,Yes,No,6,90.75,Yes,Yes,Fiber optic,No,Yes,No,No,No,Yes,Month-to-month,Yes,Electronic check,512.25,No
1596-BBVTG,Male,No,No,No,35,75.35,Yes,Yes,Fiber optic,No,No,No,No,No,No,Month-to-month,No,Credit card (automatic),2636.05,Yes
6188-UXBBR,Female,No,Yes,No,38,20.25,Yes,No,No,No internet service,No internet service,No internet service,No internet service,No internet service,No internet service,One year,Yes,Credit card (automatic),814.75,No
2333-KWEWW,Male,No,No,No,18,20.05,Yes,No,No,No internet service,No internet service,No internet service,No internet service,No internet service,No internet service,Two year,No,Credit card (automatic),388.6,No
5702-SKUOB,Female,No,Yes,No,4,19.6,Yes,No,No,No internet service,No internet service,No internet service,No internet service,No internet service,No internet service,Month-to-month,No,Mailed check,93.45,No
1134-YWTYF,Male,No,Yes,No,27,53.8,Yes,No,DSL,No,Yes,No,Yes,No,No,Month-to-month,Yes,Electronic check,1389.85,No
6061-GWWAV,Male,No,No,Yes,41,70.2,Yes,No,DSL,Yes,Yes,Yes,No,Yes,No,One year,No,Mailed check,2894.55,No
0679-TDGAK,Male,No,Yes,Yes,50,75.5,Yes,No,DSL,Yes,No,No,Yes,Yes,Yes,One year,No,Electronic check,4025.6,No
6585-WCEWR,Male,No,Yes,Yes,72,20.35,Yes,No,No,No internet service,No internet service,No internet service,No internet service,No internet service,No internet service,Two year,No,Electronic check,1354.4,No
9067-YGSCA,Female,No,No,No,70,26.05,Yes,Yes,No,No internet service,No internet service,No internet service,No internet service,No internet service,No internet service,One year,No,Credit card (automatic),1856.4,No
9067-SQTNS,Male,No,Yes,Yes,44,20.6,Yes,No,No,No internet service,No internet service,No internet service,No internet service,No internet service,No internet service,One year,No,Bank transfer (automatic),926.0,No
8433-WXGNA,Male,No,No,No,2,75.7,Yes,No,Fiber optic,Yes,No,No,No,No,No,Month-to-month,Yes,Electronic check,189.2,Yes
1776-SPBWV,Female,No,Yes,Yes,34,20.1,Yes,No,No,No internet service,No internet service,No internet service,No internet service,No internet service,No internet service,One year,Yes,Bank transfer (automatic),682.1,No
8735-SDUFN,Female,Yes,Yes,No,72,24.3,Yes,Yes,No,No internet service,No internet service,No internet service,No internet service,No internet service,No internet service,Two year,No,Bank transfer (automatic),1778.7,No
9668-PUGNU,Male,No,Yes,No,71,24.5,Yes,Yes,No,No internet service,No internet service,No internet service,No internet service,No internet service,No internet service,Two year,Yes,Electronic check,1816.2,No
9405-GPBBG,Female,No,No,No,64,110.5,Yes,Yes,Fiber optic,No,Yes,Yes,Yes,Yes,Yes,Two year,Yes,Credit card (automatic),7069.25,No
1926-QUZNN,Female,No,Yes,No,72,25.25,Yes,Yes,No,No internet service,No internet service,No internet service,No internet service,No internet service,No internet service,Two year,Yes,Bank transfer (automatic),1841.2,No
3707-GNWHM,Male,No,No,No,1,74.25,Yes,Yes,Fiber optic,No,No,No,No,No,No,Month-to-month,Yes,Mailed check,74.25,Yes
7016-NVRIC,Male,Yes,Yes,No,29,90.1,Yes,No,Fiber optic,Yes,No,Yes,No,No,Yes,One year,No,Bank transfer (automatic),2656.7,No
5829-NVSQN,Female,No,Yes,No,23,68.75,Yes,No,DSL,Yes,No,Yes,Yes,No,Yes,One year,Yes,Bank transfer (automatic),1689.45,No
9565-AXSMR,Male,No,Yes,Yes,52,19.2,Yes,No,No,No internet service,No internet service,No internet service,No internet service,No internet service,No internet service,Two year,No,Mailed check,1054.75,No
8922-LIEGH,Female,Yes,No,No,25,89.7,Yes,Yes,Fiber optic,No,Yes,No,No,No,Yes,Month-to-month,Yes,Electronic check,2187.55,Yes
8869-LIHMK,Female,No,No,No,64,115.1,Yes,Yes,Fiber optic,Yes,Yes,Yes,Yes,Yes,Yes,Two year,Yes,Bank transfer (automatic),7334.05,No
8245-UMPYT,Female,Yes,No,No,16,96.4,Yes,Yes,Fiber optic,No,No,No,No,Yes,Yes,Month-to-month,Yes,Electronic check,1581.2,Yes
5186-SAMNZ,Male,Yes,No,No,1,69.5,Yes,No,Fiber optic,No,No,No,No,No,No,Month-to-month,Yes,Bank transfer (automatic),69.5,Yes
0447-RXSGD,Male,No,No,No,24,99.65,Yes,Yes,Fiber optic,No,Yes,No,No,Yes,Yes,Month-to-month,Yes,Bank transfer (automatic),2404.85,No
4927-WWOOZ,Male,No,Yes,No,2,91.45,Yes,Yes,Fiber optic,No,No,Yes,No,Yes,No,Month-to-month,Yes,Electronic check,171.45,No
5788-YPOEG,Female,No,Yes,Yes,34,84.75,Yes,No,DSL,Yes,Yes,Yes,Yes,Yes,Yes,Two year,No,Mailed check,2839.45,No
5373-SFODM,Male,Yes,Yes,No,36,85.25,Yes,Yes,Fiber optic,No,No,No,No,No,Yes,Month-to-month,Yes,Credit card (automatic),3132.75,Yes
0661-KBKPA,Male,No,Yes,Yes,53,78.75,Yes,Yes,DSL,No,No,Yes,Yes,Yes,Yes,One year,Yes,Mailed check,3942.45,No
9081-WWXKP,Female,No,Yes,Yes,47,20.25,Yes,No,No,No internet service,No internet service,No internet service,No internet service,No internet service,No internet service,Two year,No,Credit card (automatic),873.4,No
0784-ZQJZX,Male,No,No,Yes,72,19.9,Yes,No,No,No internet service,No internet service,No internet service,No internet service,No internet service,No internet service,Two year,No,Credit card (automatic),1529.65,No
3133-PZNSR,Male,No,Yes,Yes,72,97.75,Yes,Yes,Fiber optic,Yes,Yes,No,Yes,No,Yes,Two year,Yes,Credit card (automatic),6991.6,No
5766-ZJYBB,Male,No,No,No,1,19.4,Yes,No,No,No internet service,No internet service,No internet service,No internet service,No internet service,No internet service,Month-to-month,No,Mailed check,19.4,Yes
8931-GJJIQ,Female,No,No,No,9,83.3,Yes,Yes,Fiber optic,No,No,No,No,No,Yes,Month-to-month,Yes,Electronic check,803.3,Yes
4277-PVRAN,Female,No,No,No,8,80.1,Yes,No,Fiber optic,No,No,No,No,Yes,No,Month-to-month,Yes,Bank transfer (automatic),679.3,Yes
0022-TCJCI,Male,Yes,No,No,45,62.7,Yes,No,DSL,Yes,No,Yes,No,No,Yes,One year,No,Credit card (automatic),2791.5,Yes
0722-SVSFK,Female,No,No,No,7,100.4,Yes,No,Fiber optic,No,No,Yes,Yes,Yes,Yes,Month-to-month,Yes,Electronic check,715.0,No
3612-YVGSJ,Female,No,Yes,No,71,24.45,Yes,Yes,No,No internet service,No internet service,No internet service,No internet service,No internet service,No internet service,Two year,Yes,Credit card (automatic),1681.6,No
9825-YCXWZ,Female,Yes,No,No,41,101.1,Yes,No,Fiber optic,No,No,Yes,Yes,Yes,Yes,One year,Yes,Bank transfer (automatic),4016.2,No
5397-NSKQG,Male,No,Yes,Yes,67,50.9,No,No phone service,DSL,Yes,No,No,No,Yes,Yes,Two year,No,Credit card (automatic),3281.65,No
8565-HBFNN,Male,No,Yes,No,69,107.2,Yes,Yes,Fiber optic,Yes,Yes,Yes,Yes,No,Yes,One year,Yes,Credit card (automatic),7317.1,No
2000-DHJUY,Female,Yes,Yes,No,70,92.2,Yes,Yes,DSL,Yes,Yes,Yes,Yes,Yes,Yes,Two year,Yes,Bank transfer (automatic),6474.45,No
0203-HHYIJ,Male,No,No,No,25,25.3,Yes,Yes,No,No internet service,No internet service,No internet service,No internet service,No internet service,No internet service,One year,No,Bank transfer (automatic),676.35,Yes
8670-ERCJH,Male,No,No,No,72,113.4,Yes,Yes,Fiber optic,Yes,Yes,Yes,Yes,Yes,Yes,Two year,No,Bank transfer (automatic),8164.1,No
7758-UJWYS,Male,No,Yes,Yes,34,40.55,No,No phone service,DSL,No,No,No,Yes,Yes,No,Two year,Yes,Electronic check,1325.85,No
2050-ONYDQ,Female,No,Yes,Yes,65,26.0,Yes,Yes,No,No internet service,No internet service,No internet service,No internet service,No internet service,No internet service,Two year,No,Credit card (automatic),1654.85,No
7055-JCGNI,Female,No,No,No,70,111.95,Yes,Yes,Fiber optic,Yes,Yes,Yes,Yes,Yes,Yes,Two year,Yes,Credit card (automatic),7795.95,No
0739-UUAJR,Female,No,Yes,Yes,72,53.8,No,No phone service,DSL,Yes,No,Yes,No,Yes,Yes,Two year,Yes,Credit card (automatic),3952.45,No
4826-DXMUP,Male,No,No,Yes,35,72.1,Yes,No,DSL,No,No,No,Yes,Yes,Yes,One year,Yes,Mailed check,2495.15,No
0952-KMEEH,Male,No,No,No,13,98.15,Yes,Yes,Fiber optic,Yes,No,No,No,Yes,Yes,Month-to-month,No,Mailed check,1230.25,Yes
7285-KLOTR,Female,No,Yes,No,12,78.85,Yes,Yes,DSL,Yes,No,Yes,No,Yes,Yes,One year,No,Electronic check,876.75,No
0654-PQKDW,Female,No,Yes,Yes,62,70.75,Yes,No,DSL,Yes,No,Yes,Yes,Yes,No,One year,Yes,Bank transfer (automatic),4263.45,No
7175-NTIXE,Female,No,No,No,25,76.15,Yes,No,DSL,Yes,No,No,Yes,Yes,Yes,Month-to-month,Yes,Credit card (automatic),1992.95,No
7963-SHNDT,Female,No,No,No,52,39.1,No,No phone service,DSL,Yes,Yes,No,Yes,No,No,Two year,No,Mailed check,1982.1,No
9796-BPKIW,Male,Yes,No,No,8,69.95,Yes,No,Fiber optic,No,No,No,No,No,No,Month-to-month,Yes,Credit card (automatic),562.7,No
0188-GWFLE,Male,No,No,No,2,20.05,Yes,No,No,No internet service,No internet service,No internet service,No internet service,No internet service,No internet service,Month-to-month,No,Mailed check,33.7,No
8129-GMVGI,Female,No,Yes,Yes,56,20.05,Yes,No,No,No internet service,No internet service,No internet service,No internet service,No internet service,No internet service,Two year,No,Mailed check,1090.1,No
2882-DDZPG,Female,No,No,No,12,19.45,Yes,No,No,No internet service,No internet service,No internet service,No internet service,No internet service,No internet service,Month-to-month,No,Bank transfer (automatic),227.45,No
3547-LQRIK,Female,No,Yes,No,47,26.9,Yes,Yes,No,No internet service,No internet service,No internet service,No internet service,No internet service,No internet service,One year,No,Electronic check,1250.85,No
9137-NOQKA,Male,Yes,No,No,2,19.2,Yes,No,No,No internet service,No internet service,No internet service,No internet service,No internet service,No internet service,Month-to-month,No,Electronic check,37.2,No
5843-TTHGI,Female,No,No,No,18,50.0,Yes,No,DSL,No,No,Yes,No,No,No,Month-to-month,Yes,Mailed check,892.7,No
1849-RJYIG,Female,No,No,No,8,60.0,Yes,No,DSL,Yes,No,No,No,Yes,No,Month-to-month,Yes,Electronic check,487.75,No
8868-GAGIO,Male,No,Yes,No,45,84.55,Yes,Yes,Fiber optic,Yes,No,Yes,No,No,No,Month-to-month,Yes,Mailed check,3713.95,No
4061-UKJWL,Male,No,No,No,3,45.45,Yes,No,DSL,No,No,No,No,No,No,Month-to-month,No,Mailed check,141.7,No
5380-XPJNZ,Female,No,No,No,38,20.05,Yes,No,No,No internet service,No internet service,No internet service,No internet service,No internet service,No internet service,One year,No,Mailed check,678.2,No
8263-QMNTJ,Male,No,Yes,No,72,115.55,Yes,Yes,Fiber optic,Yes,Yes,Yes,Yes,Yes,Yes,Two year,Yes,Electronic check,8425.3,No
8178-EYZUO,Male,No,No,No,46,93.7,Yes,Yes,Fiber optic,Yes,Yes,No,No,No,Yes,Month-to-month,Yes,Electronic check,4154.8,Yes
3230-JCNZS,Female,No,Yes,Yes,71,99.0,Yes,Yes,Fiber optic,Yes,Yes,Yes,No,Yes,No,Two year,Yes,Credit card (automatic),7061.65,No
0277-ORXQS,Male,No,Yes,Yes,66,50.55,No,No phone service,DSL,No,No,No,Yes,Yes,Yes,Two year,No,Bank transfer (automatic),3364.55,No
5130-IEKQT,Male,Yes,No,No,25,105.95,Yes,Yes,Fiber optic,No,Yes,Yes,No,Yes,Yes,Month-to-month,No,Mailed check,2655.25,Yes
3230-WYKIR,Male,No,No,No,18,82.0,Yes,Yes,DSL,No,No,Yes,Yes,Yes,Yes,One year,Yes,Credit card (automatic),1425.45,Yes
7996-BPXHY,Female,No,Yes,Yes,13,25.0,Yes,Yes,No,No internet service,No internet service,No internet service,No internet service,No internet service,No internet service,Two year,Yes,Bank transfer (automatic),332.5,No
3227-WLKLI,Female,No,Yes,Yes,65,91.55,Yes,Yes,DSL,Yes,Yes,Yes,Yes,Yes,Yes,Two year,No,Bank transfer (automatic),5963.95,No
0407-BDJKB,Male,No,Yes,No,60,95.75,Yes,Yes,Fiber optic,No,Yes,Yes,No,Yes,No,Month-to-month,Yes,Electronic check,5742.9,Yes
2266-FUBDZ,Male,No,Yes,Yes,15,19.35,Yes,No,No,No internet service,No internet service,No internet service,No internet service,No internet service,No internet service,Two year,No,Mailed check,278.85,No
8237-ULIXL,Female,No,Yes,No,72,24.85,Yes,Yes,No,No internet service,No internet service,No internet service,No internet service,No internet service,No internet service,Two year,No,Credit card (automatic),1871.85,No
9600-UDOPK,Male,No,Yes,No,30,94.05,Yes,Yes,Fiber optic,No,No,No,No,Yes,Yes,Month-to-month,Yes,Credit card (automatic),2866.45,Yes
8216-AZUUZ,Female,No,Yes,Yes,42,100.4,Yes,No,Fiber optic,No,No,Yes,Yes,Yes,Yes,Two year,Yes,Electronic check,4303.65,No
9153-BTBVV,Female,No,Yes,No,71,25.0,Yes,Yes,No,No internet service,No internet service,No internet service,No internet service,No internet service,No internet service,Two year,No,Bank transfer (automatic),1753.0,No
4074-SJFFA,Female,No,No,No,1,54.75,Yes,No,DSL,No,No,No,No,No,Yes,Month-to-month,Yes,Mailed check,54.75,Yes
3269-ATYWD,Male,Yes,No,No,39,95.65,Yes,Yes,Fiber optic,No,No,No,No,Yes,Yes,Month-to-month,Yes,Bank transfer (automatic),3759.05,Yes
5186-PEIZU,Female,No,No,No,35,19.25,Yes,No,No,No internet service,No internet service,No internet service,No internet service,No internet service,No internet service,Month-to-month,No,Bank transfer (automatic),617.65,No
1074-AMIOH,Female,No,Yes,Yes,53,108.25,Yes,No,Fiber optic,No,Yes,Yes,Yes,Yes,Yes,Month-to-month,Yes,Bank transfer (automatic),5935.1,No
4910-GMJOT,Female,No,No,No,1,94.6,Yes,Yes,Fiber optic,No,No,No,No,Yes,Yes,Month-to-month,Yes,Electronic check,94.6,Yes
0354-WYROK,Female,Yes,Yes,Yes,31,98.9,Yes,No,Fiber optic,No,No,Yes,Yes,Yes,Yes,Month-to-month,Yes,Electronic check,2911.3,Yes
4361-FEBGN,Male,No,No,No,48,20.15,Yes,No,No,No internet service,No internet service,No internet service,No internet service,No internet service,No internet service,Two year,No,Credit card (automatic),982.95,No
7748-UMTRK,Female,Yes,No,Yes,30,101.3,Yes,Yes,Fiber optic,No,No,No,Yes,Yes,Yes,Month-to-month,Yes,Electronic check,2974.5,No
0380-ZCSBI,Male,No,No,No,10,20.0,Yes,No,No,No internet service,No internet service,No internet service,No internet service,No internet service,No internet service,Month-to-month,No,Credit card (automatic),198.7,No
7145-FEJWU,Female,No,No,Yes,12,105.3,Yes,Yes,Fiber optic,No,Yes,Yes,No,Yes,Yes,Month-to-month,Yes,Electronic check,1275.65,No
6463-MVYRY,Female,Yes,No,No,57,69.85,Yes,No,DSL,Yes,No,Yes,Yes,Yes,No,Two year,No,Bank transfer (automatic),4003.0,No
3969-JQABI,Female,No,Yes,No,58,65.25,Yes,No,DSL,Yes,Yes,No,No,Yes,No,Month-to-month,Yes,Credit card (automatic),3791.6,No
9624-EGDEQ,Female,No,No,No,37,19.8,Yes,No,No,No internet service,No internet service,No internet service,No internet service,No internet service,No internet service,Two year,No,Mailed check,813.3,No
1051-EQPZR,Female,No,Yes,Yes,44,19.6,Yes,No,No,No internet service,No internet service,No internet service,No internet service,No internet service,No internet service,Month-to-month,No,Mailed check,780.25,No
5849-ASHZJ,Male,No,No,Yes,27,20.05,Yes,No,No,No internet service,No internet service,No internet service,No internet service,No internet service,No internet service,One year,No,Credit card (automatic),552.9,No
5780-INQIK,Female,No,No,No,8,49.4,Yes,No,DSL,No,No,No,Yes,No,No,Month-to-month,No,Electronic check,408.25,No
7576-OYWBN,Male,Yes,No,No,3,76.05,Yes,Yes,Fiber optic,No,No,No,No,No,No,Month-to-month,Yes,Electronic check,231.8,Yes
4526-ZJJTM,Female,Yes,Yes,No,25,88.4,Yes,No,Fiber optic,No,Yes,Yes,No,No,Yes,Month-to-month,No,Bank transfer (automatic),2191.15,No
8384-FZBJK,Female,No,Yes,Yes,57,100.6,Yes,Yes,Fiber optic,No,Yes,No,No,Yes,Yes,Month-to-month,Yes,Electronic check,5611.7,No
3750-RNQKR,Female,No,No,No,12,19.45,Yes,No,No,No internet service,No internet service,No internet service,No internet service,No internet service,No internet service,Month-to-month,No,Mailed check,246.25,No
0962-CQPWQ,Female,No,Yes,Yes,62,20.3,Yes,No,No,No internet service,No internet service,No internet service,No internet service,No internet service,No internet service,Two year,No,Bank transfer (automatic),1296.15,No
3096-YXENJ,Female,No,Yes,No,65,107.65,Yes,Yes,Fiber optic,No,Yes,Yes,Yes,Yes,Yes,Two year,Yes,Bank transfer (automatic),7082.85,No
1265-BCFEO,Female,No,Yes,No,71,80.45,Yes,Yes,DSL,No,No,Yes,Yes,Yes,Yes,Two year,Yes,Bank transfer (automatic),5662.25,No
5837-LXSDN,Female,No,Yes,Yes,21,58.85,Yes,No,DSL,No,Yes,No,No,Yes,No,One year,Yes,Credit card (automatic),1215.45,No
5945-AZYHT,Male,No,Yes,No,71,109.6,Yes,Yes,Fiber optic,Yes,Yes,Yes,No,Yes,Yes,One year,Yes,Electronic check,7854.15,No
8325-QRPZR,Female,No,No,No,7,75.15,Yes,No,Fiber optic,No,No,Yes,No,No,No,Month-to-month,Yes,Electronic check,525.0,No
6384-VMJHP,Female,No,No,No,72,73.0,Yes,No,DSL,Yes,Yes,Yes,Yes,No,Yes,Two year,Yes,Credit card (automatic),5265.2,No
2262-SLNVK,Female,No,No,No,1,70.1,Yes,No,Fiber optic,No,No,No,No,No,No,Month-to-month,No,Electronic check,70.1,No
7730-CLDSV,Female,No,Yes,Yes,72,98.65,Yes,Yes,Fiber optic,No,Yes,Yes,Yes,No,Yes,Two year,Yes,Bank transfer (automatic),7129.45,No
1135-HIORI,Female,No,Yes,Yes,64,111.45,Yes,Yes,Fiber optic,No,Yes,Yes,Yes,Yes,Yes,One year,Yes,Electronic check,7266.95,No
0164-APGRB,Female,No,No,No,72,114.9,Yes,Yes,Fiber optic,Yes,Yes,Yes,Yes,Yes,Yes,Two year,Yes,Electronic check,8496.7,No
6481-ESCNL,Female,No,No,No,29,100.55,Yes,Yes,Fiber optic,No,No,Yes,No,Yes,Yes,Month-to-month,No,Bank transfer (automatic),2878.75,No
1790-NESIO,Female,No,No,No,13,20.4,Yes,No,No,No internet service,No internet service,No internet service,No internet service,No internet service,No internet service,Two year,Yes,Mailed check,261.3,No
1550-EENBN,Female,No,No,No,31,104.35,Yes,Yes,Fiber optic,Yes,Yes,No,No,Yes,Yes,Month-to-month,No,Electronic check,3205.6,No
5539-TMZLF,Male,Yes,No,No,1,69.75,Yes,No,Fiber optic,No,No,No,No,No,No,Month-to-month,Yes,Electronic check,69.75,Yes
4323-SADQS,Male,No,Yes,Yes,7,34.5,No,No phone service,DSL,Yes,No,No,Yes,No,No,Month-to-month,Yes,Electronic check,279.25,Yes
4446-BZKHU,Male,No,Yes,No,61,105.55,Yes,Yes,Fiber optic,No,Yes,Yes,No,Yes,Yes,Month-to-month,Yes,Electronic check,6281.45,Yes
5202-IVJNU,Female,No,No,Yes,39,30.1,No,No phone service,DSL,No,No,Yes,No,No,No,Month-to-month,No,Credit card (automatic),1131.3,Yes
5976-JCJRH,Male,No,Yes,No,10,70.3,Yes,No,Fiber optic,No,No,No,No,No,No,Month-to-month,Yes,Electronic check,738.2,Yes
8198-RKSZG,Female,No,Yes,Yes,14,80.45,Yes,Yes,DSL,No,Yes,No,Yes,Yes,Yes,Month-to-month,No,Credit card (automatic),1137.05,No
0137-OCGAB,Female,No,No,No,1,80.2,Yes,Yes,Fiber optic,No,Yes,No,No,No,No,Month-to-month,Yes,Mailed check,80.2,Yes
3351-NQLDI,Female,No,Yes,Yes,67,94.35,Yes,Yes,Fiber optic,Yes,No,No,Yes,No,Yes,One year,Yes,Credit card (automatic),6341.45,Yes
9297-EONCV,Female,No,No,No,72,91.35,Yes,Yes,DSL,Yes,Yes,Yes,Yes,Yes,Yes,Two year,Yes,Bank transfer (automatic),6697.2,No
7593-JNWRU,Male,No,Yes,Yes,6,44.6,Yes,No,DSL,No,No,No,No,No,No,Month-to-month,Yes,Bank transfer (automatic),260.8,Yes
4588-YBNIB,Female,No,No,No,1,19.6,Yes,No,No,No internet service,No internet service,No internet service,No internet service,No internet service,No internet service,Month-to-month,Yes,Mailed check,19.6,Yes
1069-QJOEE,Male,No,Yes,Yes,25,19.9,Yes,No,No,No internet service,No internet service,No internet service,No internet service,No internet service,No internet service,One year,No,Electronic check,505.45,No
3336-JORSO,Female,Yes,No,No,33,110.45,Yes,Yes,Fiber optic,No,Yes,Yes,Yes,Yes,Yes,Month-to-month,Yes,Electronic check,3655.45,Yes
7799-DSEWS,Male,No,No,No,18,68.35,Yes,No,DSL,Yes,No,Yes,Yes,Yes,No,Month-to-month,Yes,Electronic check,1299.8,No
8766-PAFNE,Male,No,Yes,No,71,79.1,Yes,No,DSL,No,Yes,Yes,Yes,Yes,Yes,Two year,Yes,Credit card (automatic),5564.85,No
5315-CKEQK,Male,Yes,Yes,Yes,28,51.0,Yes,Yes,DSL,No,No,No,No,No,No,One year,Yes,Electronic check,1381.8,No
3130-ICDUP,Female,No,No,Yes,2,80.55,Yes,Yes,Fiber optic,Yes,No,No,No,No,No,Month-to-month,No,Credit card (automatic),188.1,No
0820-FNRNX,Male,No,Yes,Yes,17,66.7,Yes,Yes,DSL,No,Yes,Yes,Yes,No,No,Month-to-month,Yes,Mailed check,1077.05,No
0880-FVFWF,Male,No,No,No,56,86.4,Yes,Yes,Fiber optic,Yes,Yes,No,No,No,No,Month-to-month,Yes,Electronic check,4922.4,No
4611-ANLQC,Female,No,Yes,No,60,50.05,No,No phone service,DSL,Yes,Yes,Yes,No,No,Yes,One year,No,Electronic check,2911.5,No
4213-HKBJO,Female,No,No,No,33,25.7,Yes,Yes,No,No internet service,No internet service,No internet service,No internet service,No internet service,No internet service,Two year,No,Credit card (automatic),826.1,No
2792-LSHWX,Female,No,No,No,1,83.4,Yes,No,Fiber optic,Yes,Yes,No,Yes,No,No,Month-to-month,Yes,Mailed check,83.4,No
5028-GZLDO,Male,No,No,No,2,70.7,Yes,No,Fiber optic,No,No,No,No,No,No,Month-to-month,No,Credit card (automatic),140.7,Yes
0014-BMAQU,Male,No,Yes,No,63,84.65,Yes,Yes,Fiber optic,Yes,No,No,Yes,No,No,Two year,Yes,Credit card (automatic),5377.8,No
6861-XWTWQ,Male,Yes,Yes,No,7,99.25,Yes,Yes,Fiber optic,No,No,Yes,No,Yes,Yes,Month-to-month,Yes,Electronic check,665.45,Yes
9018-PCIOK,Female,No,No,No,55,64.75,Yes,No,DSL,No,Yes,Yes,No,No,Yes,Two year,Yes,Mailed check,3617.1,No
4837-QUSFT,Female,No,Yes,No,65,100.15,Yes,Yes,Fiber optic,Yes,Yes,No,Yes,Yes,No,One year,Yes,Bank transfer (automatic),6643.5,No
6877-TJMBR,Male,No,Yes,No,1,84.8,Yes,No,Fiber optic,No,No,No,Yes,Yes,No,Month-to-month,Yes,Electronic check,84.8,Yes
9953-ZMKSM,Male,No,No,No,63,25.25,Yes,Yes,No,No internet service,No internet service,No internet service,No internet service,No internet service,No internet service,Two year,No,Mailed check,1559.3,No
0907-HQNTS,Female,Yes,Yes,No,70,113.0,Yes,Yes,Fiber optic,Yes,Yes,Yes,Yes,Yes,Yes,Two year,Yes,Credit card (automatic),7987.6,No
7665-NKLAV,Female,No,Yes,Yes,36,40.65,No,No phone service,DSL,Yes,No,Yes,Yes,No,No,Two year,No,Credit card (automatic),1547.35,No
6769-DCQLI,Male,No,No,No,52,105.0,Yes,No,Fiber optic,No,Yes,Yes,Yes,Yes,Yes,One year,Yes,Bank transfer (automatic),5426.85,Yes
2433-KMEAS,Male,No,No,No,22,54.45,Yes,Yes,DSL,Yes,No,No,No,No,No,Month-to-month,Yes,Electronic check,1127.35,Yes
4391-LNRXK,Male,No,No,No,22,94.95,Yes,No,Fiber optic,No,Yes,Yes,Yes,No,Yes,Month-to-month,Yes,Bank transfer (automatic),2142.8,No
8250-ZNGGW,Female,Yes,No,No,5,59.9,Yes,No,DSL,Yes,Yes,No,Yes,No,No,Month-to-month,No,Credit card (automatic),287.85,No
2195-ZRVAX,Female,No,Yes,No,47,85.3,Yes,No,Fiber optic,No,No,Yes,No,No,Yes,Month-to-month,Yes,Electronic check,4045.65,Yes
3550-SAHFP,Female,No,No,No,33,83.35,Yes,Yes,Fiber optic,No,No,No,No,No,Yes,Month-to-month,Yes,Electronic check,2757.85,Yes
2011-TRQYE,Male,No,No,No,18,33.5,No,No phone service,DSL,No,Yes,Yes,No,No,No,Month-to-month,Yes,Credit card (automatic),600.0,Yes
8562-GHPPI,Female,No,No,No,1,19.8,Yes,No,No,No internet service,No internet service,No internet service,No internet service,No internet service,No internet service,Month-to-month,No,Credit card (automatic),19.8,No
5893-PYOLZ,Male,No,No,No,56,81.8,Yes,No,DSL,No,Yes,Yes,Yes,Yes,Yes,Two year,Yes,Credit card (automatic),4534.45,No
4986-MXSFP,Female,No,No,No,2,20.0,Yes,No,No,No internet service,No internet service,No internet service,No internet service,No internet service,No internet service,Month-to-month,Yes,Mailed check,40.9,No
6131-FOYAS,Male,No,No,No,35,59.6,Yes,Yes,DSL,Yes,No,Yes,No,No,No,Month-to-month,Yes,Electronic check,2094.9,No
3027-YNWZU,Female,No,Yes,No,64,25.0,Yes,Yes,No,No internet service,No internet service,No internet service,No internet service,No internet service,No internet service,Two year,No,Credit card (automatic),1584.8,No
5609-IMCGG,Female,No,No,No,15,84.35,Yes,Yes,Fiber optic,Yes,No,Yes,No,No,No,Month-to-month,Yes,Credit card (automatic),1302.65,No
4873-ILOLJ,Male,No,No,No,24,90.35,Yes,No,Fiber optic,No,No,No,No,Yes,Yes,Month-to-month,Yes,Electronic check,2238.5,Yes
4727-MCYZG,Male,No,No,No,1,55.55,Yes,No,DSL,No,No,No,No,No,Yes,Month-to-month,No,Mailed check,55.55,No
9481-WHGWY,Female,No,Yes,Yes,70,75.35,Yes,No,DSL,Yes,No,No,Yes,Yes,Yes,Two year,No,Credit card (automatic),5437.75,No
2725-KXXWT,Male,No,Yes,No,1,90.75,Yes,No,Fiber optic,No,No,No,No,Yes,Yes,Month-to-month,Yes,Electronic check,90.75,Yes
9565-DJPIB,Female,No,No,Yes,4,89.6,Yes,Yes,Fiber optic,No,Yes,No,No,Yes,No,Month-to-month,No,Mailed check,365.65,Yes
4328-VUFWD,Female,No,No,No,39,59.3,Yes,No,DSL,No,No,No,Yes,No,Yes,One year,No,Electronic check,2209.15,No
3301-LSLWQ,Female,No,No,No,29,66.1,Yes,Yes,DSL,Yes,No,No,No,No,Yes,Month-to-month,Yes,Electronic check,1912.15,No
7473-ZBDSN,Female,No,Yes,Yes,14,18.8,Yes,No,No,No internet service,No internet service,No internet service,No internet service,No internet service,No internet service,Two year,No,Mailed check,255.55,No
3166-PNEOF,Female,No,No,No,61,86.45,Yes,Yes,DSL,Yes,No,Yes,Yes,Yes,Yes,Two year,No,Credit card (automatic),5175.3,No
5639-NTUPK,Male,No,No,Yes,13,52.1,Yes,No,DSL,Yes,No,No,No,No,No,Month-to-month,Yes,Credit card (automatic),670.65,No
8780-YRMTT,Female,No,No,No,66,47.4,No,No phone service,DSL,Yes,Yes,Yes,Yes,No,No,Two year,Yes,Mailed check,3177.25,No
8348-HFYIV,Male,No,No,No,2,49.25,No,No phone service,DSL,No,No,Yes,No,Yes,Yes,Month-to-month,Yes,Electronic check,90.35,Yes
5140-FOMCQ,Female,No,Yes,No,59,109.15,Yes,Yes,Fiber optic,Yes,Yes,Yes,No,Yes,Yes,One year,Yes,Credit card (automatic),6557.75,No
6242-SGYTS,Male,No,Yes,Yes,62,94.95,Yes,Yes,Fiber optic,Yes,Yes,No,No,Yes,No,One year,Yes,Credit card (automatic),5791.85,No
8166-ORCHU,Male,Yes,Yes,No,33,93.55,Yes,No,Fiber optic,Yes,Yes,No,Yes,No,Yes,One year,Yes,Electronic check,3055.5,No
8414-OOEEL,Male,No,No,Yes,66,79.5,Yes,No,DSL,No,Yes,Yes,Yes,Yes,Yes,Two year,Yes,Credit card (automatic),5196.1,No
8454-AATJP,Female,No,No,No,72,115.05,Yes,Yes,Fiber optic,Yes,Yes,Yes,Yes,Yes,Yes,Two year,No,Credit card (automatic),8405.0,No
6849-WLEYG,Male,No,No,Yes,1,19.75,Yes,No,No,No internet service,No internet service,No internet service,No internet service,No internet service,No internet service,Month-to-month,No,Mailed check,19.75,Yes
4659-NZRUF,Female,No,No,No,19,95.15,Yes,Yes,Fiber optic,Yes,Yes,No,No,No,Yes,Month-to-month,Yes,Electronic check,1789.25,Yes
4531-AUZNK,Female,No,Yes,Yes,51,95.15,Yes,Yes,Fiber optic,Yes,No,No,Yes,Yes,No,One year,Yes,Mailed check,5000.05,No
4191-XOVOM,Male,No,No,No,63,105.4,Yes,Yes,Fiber optic,No,Yes,No,Yes,Yes,Yes,Month-to-month,No,Electronic check,6713.2,No
2150-OEGBV,Male,No,No,No,27,20.1,Yes,No,No,No internet service,No internet service,No internet service,No internet service,No internet service,No internet service,One year,No,Bank transfer (automatic),562.6,No
8429-XIBUM,Male,No,No,No,22,101.35,Yes,Yes,Fiber optic,Yes,No,No,No,Yes,Yes,Month-to-month,Yes,Bank transfer (automatic),2317.1,Yes
1855-CFULU,Female,Yes,No,No,4,20.05,Yes,No,No,No internet service,No internet service,No internet service,No internet service,No internet service,No internet service,Month-to-month,No,Mailed check,91.45,No
4878-BUNFV,Male,No,Yes,Yes,42,20.7,Yes,No,No,No internet service,No internet service,No internet service,No internet service,No internet service,No internet service,Two year,No,Mailed check,828.85,No
1872-EBWSC,Female,No,No,No,29,20.35,Yes,No,No,No internet service,No internet service,No internet service,No internet service,No internet service,No internet service,One year,No,Mailed check,617.35,No
2608-BHKFN,Female,No,No,No,4,70.05,Yes,No,Fiber optic,No,No,No,No,No,No,Month-to-month,Yes,Credit card (automatic),266.9,Yes
7026-YMSBE,Male,No,No,No,30,19.7,Yes,No,No,No internet service,No internet service,No internet service,No internet service,No internet service,No internet service,One year,No,Mailed check,625.05,No
7341-LXCAF,Male,No,Yes,No,4,74.65,Yes,Yes,Fiber optic,No,No,No,No,No,No,Month-to-month,Yes,Electronic check,301.4,Yes
6997-UVGOX,Male,No,Yes,Yes,71,85.45,Yes,No,DSL,Yes,Yes,Yes,Yes,Yes,Yes,Two year,No,Bank transfer (automatic),6029.9,No
9674-EHPPG,Male,No,Yes,No,46,40.4,No,No phone service,DSL,Yes,No,Yes,Yes,No,No,Two year,No,Credit card (automatic),1842.7,No
9462-MJUAW,Male,No,No,No,4,50.4,Yes,Yes,DSL,No,No,No,No,No,No,Month-to-month,No,Mailed check,206.6,Yes
8128-YVJRG,Female,No,No,No,7,79.65,Yes,Yes,Fiber optic,Yes,No,No,No,No,No,Month-to-month,Yes,Mailed check,604.7,Yes
5440-VHLUL,Male,No,No,No,69,105.2,Yes,Yes,Fiber optic,No,Yes,No,Yes,Yes,Yes,One year,Yes,Bank transfer (automatic),7386.05,No
5781-BKHOP,Female,No,Yes,No,72,100.65,Yes,Yes,Fiber optic,Yes,Yes,Yes,No,Yes,No,Two year,No,Bank transfer (automatic),7334.05,No
4283-FUTGF,Male,Yes,No,No,19,79.85,Yes,Yes,Fiber optic,No,No,Yes,No,No,No,Month-to-month,Yes,Electronic check,1471.75,Yes
5213-TWWJU,Male,No,No,No,28,91.0,Yes,No,Fiber optic,No,No,Yes,Yes,No,Yes,Month-to-month,No,Electronic check,2626.15,No
1569-TTNYJ,Male,No,Yes,No,5,78.75,Yes,Yes,Fiber optic,No,Yes,No,No,No,No,Month-to-month,Yes,Electronic check,412.1,Yes
8628-MFKAX,Female,Yes,Yes,No,72,116.75,Yes,Yes,Fiber optic,Yes,Yes,Yes,Yes,Yes,Yes,Two year,Yes,Credit card (automatic),8277.05,No
2397-BRLOM,Male,Yes,Yes,Yes,8,80.45,Yes,No,Fiber optic,No,No,No,No,Yes,No,Month-to-month,Yes,Credit card (automatic),583.45,Yes
7629-WIXZF,Female,No,No,No,7,59.1,Yes,No,DSL,Yes,No,No,No,No,Yes,One year,Yes,Electronic check,369.25,No
5445-GLVOT,Female,No,No,No,22,49.8,Yes,No,DSL,Yes,No,No,No,No,No,Month-to-month,Yes,Electronic check,1049.05,No
3976-HXHCE,Male,No,No,No,72,19.3,Yes,No,No,No internet service,No internet service,No internet service,No internet service,No internet service,No internet service,Two year,No,Bank transfer (automatic),1414.8,No
2466-NEJOJ,Male,No,Yes,Yes,8,19.65,Yes,No,No,No internet service,No internet service,No internet service,No internet service,No internet service,No internet service,Month-to-month,No,Credit card (automatic),169.75,No
0254-KCJGT,Male,No,Yes,No,52,81.4,Yes,Yes,DSL,Yes,Yes,Yes,Yes,No,Yes,One year,Yes,Credit card (automatic),4354.45,No
5472-CVMDX,Female,No,No,No,68,38.9,No,No phone service,DSL,Yes,No,Yes,Yes,No,No,Two year,No,Mailed check,2719.2,No
6461-SZMCV,Female,No,Yes,No,71,87.95,Yes,Yes,DSL,Yes,Yes,Yes,Yes,Yes,Yes,Two year,No,Bank transfer (automatic),6365.35,No
8150-QUDFX,Male,No,No,No,2,19.85,Yes,No,No,No internet service,No internet service,No internet service,No internet service,No internet service,No internet service,Month-to-month,No,Mailed check,51.6,No
9508-ILZDG,Female,Yes,No,No,34,96.35,Yes,Yes,Fiber optic,No,Yes,No,Yes,Yes,No,Month-to-month,Yes,Electronic check,3190.25,No
2346-DJQTB,Female,No,No,No,35,24.15,No,No phone service,DSL,No,No,No,No,No,No,Month-to-month,No,Electronic check,812.5,No
1697-LYYYX,Female,No,Yes,Yes,61,19.1,Yes,No,No,No internet service,No internet service,No internet service,No internet service,No internet service,No internet service,One year,No,Credit card (automatic),1143.8,No
1942-OQFRW,Male,No,No,No,1,44.0,Yes,No,DSL,No,No,No,No,No,No,Month-to-month,No,Electronic check,44.0,No
4749-VFKVB,Female,No,No,No,1,50.1,Yes,Yes,DSL,No,No,No,No,No,No,Month-to-month,Yes,Mailed check,50.1,Yes
9640-ZSLDC,Female,No,Yes,Yes,53,60.6,Yes,No,DSL,No,No,Yes,No,No,Yes,One year,No,Credit card (automatic),3297.0,No
4231-LZUYM,Female,No,Yes,No,72,25.65,Yes,Yes,No,No internet service,No internet service,No internet service,No internet service,No internet service,No internet service,Two year,No,Bank transfer (automatic),1887.0,No
7598-UAASY,Male,No,Yes,No,2,76.4,Yes,No,Fiber optic,No,No,Yes,No,No,No,Month-to-month,No,Electronic check,151.8,Yes
7938-OUHIO,Male,No,No,No,3,98.7,Yes,No,Fiber optic,No,No,Yes,Yes,Yes,Yes,Month-to-month,Yes,Electronic check,293.65,Yes
8510-AWCXC,Female,Yes,No,No,13,100.8,Yes,Yes,Fiber optic,Yes,No,No,No,Yes,Yes,Month-to-month,Yes,Electronic check,1308.1,Yes
6128-AQBMT,Male,Yes,Yes,No,41,53.95,No,No phone service,DSL,No,Yes,Yes,No,Yes,Yes,Month-to-month,Yes,Electronic check,2215.4,No
3594-BDSOA,Female,No,Yes,No,24,20.4,Yes,No,No,No internet service,No internet service,No internet service,No internet service,No internet service,No internet service,One year,No,Credit card (automatic),482.8,No
0431-APWVY,Female,No,Yes,Yes,28,90.1,Yes,No,Fiber optic,No,No,No,No,Yes,Yes,One year,Yes,Bank transfer (automatic),2598.95,Yes
5133-VRSAB,Male,No,No,No,8,29.35,No,No phone service,DSL,Yes,No,No,No,No,No,Month-to-month,No,Mailed check,216.45,No
5996-DAOQL,Male,No,No,No,1,20.45,Yes,No,No,No internet service,No internet service,No internet service,No internet service,No internet service,No internet service,Month-to-month,Yes,Mailed check,20.45,No
6838-YAUVY,Female,No,No,No,54,95.1,Yes,Yes,Fiber optic,No,No,Yes,Yes,No,Yes,Two year,Yes,Bank transfer (automatic),5064.85,No
0484-JPBRU,Male,No,No,No,41,25.25,Yes,Yes,No,No internet service,No internet service,No internet service,No internet service,No internet service,No internet service,Month-to-month,Yes,Bank transfer (automatic),996.45,No
7883-ROJOC,Female,No,Yes,No,19,44.9,Yes,No,DSL,No,No,No,No,No,No,Month-to-month,No,Mailed check,839.65,No
0244-LGNFY,Female,No,Yes,Yes,72,92.65,Yes,Yes,DSL,Yes,Yes,Yes,Yes,Yes,Yes,Two year,No,Bank transfer (automatic),6733.0,No
7274-CGTOD,Male,No,No,No,62,43.7,No,No phone service,DSL,Yes,Yes,Yes,Yes,No,No,Two year,Yes,Bank transfer (automatic),2618.3,No
4295-YURET,Female,Yes,Yes,Yes,56,72.6,Yes,No,DSL,Yes,No,No,Yes,Yes,Yes,Two year,Yes,Credit card (automatic),4084.35,No
3426-NIYYL,Male,No,No,No,15,51.55,Yes,Yes,DSL,No,No,No,No,No,No,Month-to-month,No,Electronic check,765.5,Yes
8225-BTJAU,Male,Yes,No,No,10,79.25,Yes,No,Fiber optic,No,No,No,No,No,Yes,Month-to-month,Yes,Electronic check,793.55,Yes
4635-EJYPD,Male,No,Yes,Yes,32,18.95,Yes,No,No,No internet service,No internet service,No internet service,No internet service,No internet service,No internet service,Two year,No,Mailed check,613.95,No
1866-ZSLJM,Male,No,No,No,21,20.5,Yes,No,No,No internet service,No internet service,No internet service,No internet service,No internet service,No internet service,Month-to-month,No,Credit card (automatic),402.85,No
4636-TVXVG,Male,No,Yes,Yes,62,19.95,Yes,No,No,No internet service,No internet service,No internet service,No internet service,No internet service,No internet service,One year,No,Bank transfer (automatic),1244.8,No
4236-UJPWO,Female,No,No,No,2,24.5,No,No phone service,DSL,No,No,No,No,No,No,Month-to-month,No,Electronic check,46.4,No
9392-XBGTD,Male,No,No,Yes,27,20.6,Yes,No,No,No internet service,No internet service,No internet service,No internet service,No internet service,No internet service,Two year,No,Mailed check,581.85,No
3387-VATUS,Male,No,No,No,5,94.85,Yes,Yes,Fiber optic,No,No,No,No,Yes,Yes,Month-to-month,Yes,Bank transfer (automatic),462.8,Yes
6402-SSEJG,Female,No,No,No,25,61.05,No,No phone service,DSL,Yes,Yes,Yes,No,Yes,Yes,One year,No,Electronic check,1540.2,No
1143-NMNQJ,Female,No,No,No,2,85.7,Yes,Yes,Fiber optic,No,No,No,No,No,Yes,Month-to-month,Yes,Electronic check,169.8,Yes
1169-SAOCL,Male,No,No,No,49,106.65,Yes,Yes,Fiber optic,No,Yes,No,Yes,Yes,Yes,One year,Yes,Bank transfer (automatic),5168.1,No
1110-KYLGQ,Female,No,No,No,63,108.25,Yes,Yes,Fiber optic,Yes,Yes,Yes,No,Yes,Yes,Month-to-month,No,Credit card (automatic),6780.1,No
9929-PLVPA,Female,No,No,Yes,4,20.4,Yes,No,No,No internet service,No internet service,No internet service,No internet service,No internet service,No internet service,Month-to-month,No,Credit card (automatic),94.5,No
3518-PZXZQ,Female,No,Yes,No,1,55.3,Yes,No,DSL,No,No,No,No,Yes,No,Month-to-month,Yes,Mailed check,55.3,No
2371-JUNGC,Male,No,No,No,11,20.25,Yes,No,No,No internet service,No internet service,No internet service,No internet service,No internet service,No internet service,Month-to-month,No,Mailed check,208.0,No
7693-QPEFS,Male,Yes,No,No,52,72.95,Yes,Yes,Fiber optic,No,No,No,No,No,No,Month-to-month,Yes,Bank transfer (automatic),3829.75,No
0924-BJCRC,Female,Yes,Yes,No,60,89.45,Yes,Yes,Fiber optic,No,Yes,No,No,No,Yes,Month-to-month,No,Electronic check,5294.6,No
5074-FBGHB,Male,No,No,No,64,104.65,Yes,Yes,Fiber optic,No,No,Yes,Yes,Yes,Yes,One year,Yes,Credit card (automatic),6889.8,No
2351-BKRZW,Female,No,Yes,Yes,43,75.2,Yes,No,DSL,Yes,No,Yes,No,Yes,Yes,Two year,No,Bank transfer (automatic),3254.35,No
4455-BFSPD,Female,No,Yes,No,61,101.15,Yes,Yes,Fiber optic,No,No,No,Yes,Yes,Yes,One year,No,Bank transfer (automatic),6383.9,No
0415-MOSGF,Female,No,No,No,1,44.4,Yes,No,DSL,No,No,No,No,No,No,Month-to-month,No,Mailed check,44.4,Yes
1724-BQUHA,Male,Yes,No,No,5,89.5,Yes,No,Fiber optic,No,No,No,No,Yes,Yes,Month-to-month,Yes,Electronic check,477.7,Yes
3948-KXDUF,Male,No,No,No,66,68.75,Yes,Yes,DSL,Yes,Yes,Yes,Yes,No,No,Two year,No,Bank transfer (automatic),4447.55,No
2323-ARSVR,Male,No,Yes,No,67,111.05,Yes,No,Fiber optic,Yes,Yes,Yes,Yes,Yes,Yes,Two year,Yes,Electronic check,7321.05,No
0815-MFZGM,Female,No,Yes,No,42,99.0,Yes,No,Fiber optic,No,No,Yes,Yes,Yes,Yes,Two year,Yes,Credit card (automatic),4135.0,No
4826-XTSOH,Male,Yes,Yes,No,1,86.05,Yes,Yes,Fiber optic,No,No,No,No,Yes,No,Month-to-month,Yes,Electronic check,86.05,Yes
5480-XTFFL,Female,No,Yes,Yes,31,21.0,Yes,No,No,No internet service,No internet service,No internet service,No internet service,No internet service,No internet service,Two year,No,Mailed check,697.7,No
8295-FHIVV,Male,No,No,No,7,19.4,Yes,No,No,No internet service,No internet service,No internet service,No internet service,No internet service,No internet service,Month-to-month,Yes,Mailed check,168.65,No
2495-INZWQ,Male,No,No,No,4,44.55,No,No phone service,DSL,No,No,No,No,Yes,Yes,Month-to-month,Yes,Electronic check,174.3,Yes
9086-YJYXS,Male,No,Yes,Yes,34,77.2,Yes,Yes,DSL,No,No,Yes,No,Yes,Yes,One year,No,Bank transfer (automatic),2753.8,No
1179-INLAT,Male,No,No,No,3,19.45,Yes,No,No,No internet service,No internet service,No internet service,No internet service,No internet service,No internet service,One year,Yes,Mailed check,69.25,No
7909-FIOIY,Female,No,Yes,Yes,19,24.85,No,No phone service,DSL,No,No,No,No,No,No,Month-to-month,Yes,Mailed check,434.8,No
4139-SUGLD,Male,No,Yes,Yes,31,35.4,No,No phone service,DSL,Yes,No,No,Yes,No,No,Month-to-month,No,Bank transfer (automatic),1077.5,Yes
6857-VWJDT,Female,No,No,No,1,95.65,Yes,Yes,Fiber optic,No,No,No,No,Yes,Yes,Month-to-month,No,Mailed check,95.65,Yes
6351-SCJKT,Male,No,No,No,3,41.35,No,No phone service,DSL,Yes,No,Yes,Yes,No,No,Month-to-month,No,Mailed check,107.25,No
5468-BPMMO,Male,No,Yes,No,46,19.6,Yes,No,No,No internet service,No internet service,No internet service,No internet service,No internet service,No internet service,Month-to-month,No,Electronic check,851.2,No
5624-BQSSA,Female,No,No,No,1,20.95,Yes,No,No,No internet service,No internet service,No internet service,No internet service,No internet service,No internet service,Month-to-month,No,Mailed check,20.95,Yes
0197-PNKNK,Female,No,Yes,Yes,69,84.45,Yes,Yes,Fiber optic,Yes,No,Yes,No,No,No,One year,No,Bank transfer (automatic),5848.6,No
2439-QKJUL,Male,No,No,No,5,20.25,Yes,No,No,No internet service,No internet service,No internet service,No internet service,No internet service,No internet service,Month-to-month,No,Mailed check,109.8,No
1194-SPVSP,Male,No,No,No,1,19.65,Yes,No,No,No internet service,No internet service,No internet service,No internet service,No internet service,No internet service,Month-to-month,No,Bank transfer (automatic),19.65,No
9534-NSXEM,Male,No,No,No,26,20.65,Yes,No,No,No internet service,No internet service,No internet service,No internet service,No internet service,No internet service,One year,Yes,Credit card (automatic),595.5,No
2408-WITXK,Female,Yes,No,No,10,34.7,No,No phone service,DSL,No,No,No,No,No,Yes,Month-to-month,Yes,Electronic check,329.8,Yes
8929-KSWIH,Male,No,No,No,25,99.3,Yes,No,Fiber optic,No,No,Yes,Yes,Yes,Yes,Two year,No,Bank transfer (automatic),2513.5,No
2250-IVBWA,Male,No,Yes,Yes,64,81.05,Yes,No,Fiber optic,Yes,Yes,No,No,No,No,Month-to-month,No,Electronic check,5135.35,No
1810-MVMAI,Male,No,Yes,Yes,30,67.6,Yes,Yes,DSL,Yes,Yes,Yes,Yes,No,No,Month-to-month,No,Electronic check,2000.2,No
9506-UXUSK,Male,No,No,No,13,70.15,Yes,No,Fiber optic,No,No,No,No,No,No,Month-to-month,Yes,Electronic check,931.75,No
1229-RCALF,Female,No,Yes,No,64,115.0,Yes,Yes,Fiber optic,Yes,Yes,Yes,Yes,Yes,Yes,One year,Yes,Electronic check,7396.15,No
3572-UOLYZ,Female,No,No,Yes,46,84.8,Yes,Yes,Fiber optic,No,No,Yes,Yes,No,No,Month-to-month,Yes,Bank transfer (automatic),3958.85,No
1429-UYJSV,Female,No,No,No,12,19.7,Yes,No,No,No internet service,No internet service,No internet service,No internet service,No internet service,No internet service,One year,No,Mailed check,260.9,No
5577-OTWWW,Female,No,No,No,15,19.75,Yes,No,No,No internet service,No internet service,No internet service,No internet service,No internet service,No internet service,Month-to-month,No,Bank transfer (automatic),297.3,Yes
6100-QQHEB,Male,No,Yes,Yes,17,92.55,Yes,Yes,Fiber optic,No,No,No,No,Yes,Yes,Month-to-month,Yes,Electronic check,1515.1,Yes
6366-XIVKZ,Female,No,Yes,Yes,13,63.15,Yes,No,DSL,Yes,No,Yes,No,No,Yes,Month-to-month,Yes,Mailed check,816.8,No
3470-OBUET,Female,No,Yes,Yes,67,74.0,Yes,Yes,DSL,Yes,Yes,No,Yes,Yes,No,Two year,No,Credit card (automatic),4868.4,No
2770-NSVDG,Male,No,Yes,No,24,29.1,No,No phone service,DSL,No,No,Yes,No,No,No,Month-to-month,No,Electronic check,688.0,No
9375-MHRRS,Male,No,No,No,6,50.05,Yes,No,DSL,No,No,No,Yes,No,No,Month-to-month,No,Mailed check,288.35,No
2634-HCZGT,Male,Yes,Yes,No,53,60.05,Yes,Yes,DSL,Yes,No,No,Yes,No,No,One year,Yes,Electronic check,3229.65,Yes
7503-QQRVF,Male,Yes,Yes,No,16,74.3,Yes,No,Fiber optic,No,Yes,No,No,No,No,Month-to-month,Yes,Credit card (automatic),1178.25,Yes
4860-YZGZM,Male,No,No,No,10,20.0,Yes,No,No,No internet service,No internet service,No internet service,No internet service,No internet service,No internet service,Month-to-month,No,Electronic check,185.4,No
6599-GZWCM,Female,No,No,No,13,74.65,Yes,No,Fiber optic,No,Yes,No,No,No,No,One year,Yes,Mailed check,966.25,No
2691-NZETQ,Male,No,No,No,9,85.35,Yes,Yes,Fiber optic,No,No,No,No,Yes,No,Month-to-month,Yes,Electronic check,758.6,Yes
4404-HIBDJ,Female,No,No,No,25,74.3,Yes,No,DSL,Yes,Yes,Yes,Yes,Yes,No,One year,No,Mailed check,1863.8,Yes
5533-NHFRF,Male,Yes,No,No,7,44.4,No,No phone service,DSL,No,Yes,No,Yes,No,Yes,Month-to-month,Yes,Electronic check,265.8,No
7037-MTYVW,Male,No,Yes,Yes,38,85.4,Yes,Yes,DSL,Yes,No,Yes,Yes,Yes,Yes,Two year,Yes,Bank transfer (automatic),3297.0,No
4760-THGOT,Female,No,Yes,No,43,94.1,Yes,Yes,Fiber optic,Yes,Yes,No,No,No,Yes,Month-to-month,Yes,Electronic check,4107.3,No
7295-JOMMD,Female,No,No,Yes,4,98.1,Yes,No,Fiber optic,No,No,Yes,Yes,Yes,Yes,Month-to-month,Yes,Bank transfer (automatic),396.3,Yes
4016-BJKTZ,Female,No,No,No,25,108.9,Yes,Yes,Fiber optic,No,Yes,Yes,Yes,Yes,Yes,Two year,No,Electronic check,2809.05,No
6584-VQMYT,Male,No,No,Yes,27,56.2,Yes,No,DSL,Yes,Yes,No,No,No,No,One year,No,Mailed check,1567.55,No
9838-BFCQT,Male,No,Yes,Yes,72,26.1,Yes,Yes,No,No internet service,No internet service,No internet service,No internet service,No internet service,No internet service,Two year,No,Mailed check,1851.45,No
2790-XUYMV,Male,No,No,Yes,71,85.45,Yes,Yes,Fiber optic,Yes,Yes,No,No,No,No,One year,Yes,Credit card (automatic),6028.95,No
0581-MDMPW,Female,No,No,No,24,88.95,Yes,Yes,Fiber optic,No,No,Yes,No,Yes,No,Month-to-month,Yes,Credit card (automatic),2072.75,No
5013-SBUIH,Female,No,No,No,50,109.65,Yes,Yes,Fiber optic,Yes,Yes,No,Yes,Yes,Yes,Two year,Yes,Electronic check,5551.15,Yes
1023-BQXZE,Male,No,No,No,57,74.35,Yes,No,DSL,Yes,No,Yes,No,Yes,Yes,Two year,Yes,Bank transfer (automatic),4317.35,No
9163-GHAYE,Female,No,No,No,15,48.85,Yes,No,DSL,No,Yes,No,No,No,No,Month-to-month,No,Electronic check,736.8,No
3904-UKFRE,Male,No,No,No,4,80.1,Yes,Yes,Fiber optic,Yes,No,No,No,No,No,Month-to-month,Yes,Electronic check,336.15,No
5353-WILCI,Female,No,No,No,28,56.05,Yes,No,DSL,Yes,Yes,No,No,No,No,Month-to-month,No,Electronic check,1522.65,No
0709-TVGUR,Female,Yes,No,No,9,74.55,Yes,Yes,Fiber optic,No,No,No,No,No,No,Month-to-month,Yes,Electronic check,622.9,Yes
0058-EVZWM,Female,No,Yes,No,55,89.8,Yes,Yes,Fiber optic,Yes,No,No,No,Yes,No,Month-to-month,Yes,Bank transfer (automatic),4959.6,No
6023-YEBUP,Male,No,No,No,3,100.95,Yes,Yes,Fiber optic,No,No,Yes,No,Yes,Yes,Month-to-month,Yes,Electronic check,329.95,Yes
7209-JCUDS,Male,No,No,No,10,94.9,Yes,No,Fiber optic,No,No,Yes,No,Yes,Yes,Month-to-month,Yes,Electronic check,1048.85,Yes
7009-PCARS,Male,No,No,Yes,55,19.1,Yes,No,No,No internet service,No internet service,No internet service,No internet service,No internet service,No internet service,One year,No,Bank transfer (automatic),1001.5,No
0519-DRGTI,Female,No,Yes,Yes,20,20.35,Yes,No,No,No internet service,No internet service,No internet service,No internet service,No internet service,No internet service,Month-to-month,No,Mailed check,442.6,No
1017-FBQMM,Female,No,Yes,Yes,62,106.05,Yes,Yes,Fiber optic,No,Yes,No,Yes,Yes,Yes,One year,Yes,Credit card (automatic),6703.5,No
3001-CBHLQ,Male,Yes,Yes,No,32,104.9,Yes,Yes,Fiber optic,No,No,Yes,Yes,Yes,Yes,Month-to-month,Yes,Electronic check,3351.55,Yes
1985-MBRYP,Female,No,No,No,43,19.65,Yes,No,No,No internet service,No internet service,No internet service,No internet service,No internet service,No internet service,Two year,Yes,Bank transfer (automatic),779.25,No
6158-DWPZT,Male,No,Yes,No,9,24.1,No,No phone service,DSL,No,No,No,No,No,No,One year,No,Bank transfer (automatic),259.8,Yes
9372-TXXPS,Female,No,Yes,No,60,59.85,Yes,No,DSL,Yes,Yes,No,Yes,No,No,Two year,No,Bank transfer (automatic),3483.45,No
3259-QMXUN,Male,No,Yes,No,58,86.1,Yes,Yes,DSL,Yes,Yes,Yes,No,Yes,Yes,Two year,Yes,Electronic check,4890.5,No
1015-JPFYW,Male,No,No,Yes,7,19.45,Yes,No,No,No internet service,No internet service,No internet service,No internet service,No internet service,No internet service,One year,No,Mailed check,136.75,No
6645-MXQJT,Male,No,Yes,Yes,2,97.1,Yes,No,Fiber optic,Yes,No,No,No,Yes,Yes,Month-to-month,No,Electronic check,184.15,No
4360-QRAVE,Male,Yes,No,No,37,36.65,No,No phone service,DSL,No,Yes,Yes,No,No,No,Month-to-month,No,Electronic check,1315.0,No
8433-WPJTV,Female,Yes,Yes,Yes,65,103.9,Yes,Yes,Fiber optic,No,No,Yes,Yes,Yes,Yes,One year,Yes,Bank transfer (automatic),6767.1,No
5804-JMYIO,Female,No,Yes,Yes,39,19.75,Yes,No,No,No internet service,No internet service,No internet service,No internet service,No internet service,No internet service,Two year,No,Mailed check,757.95,No
3763-GCZHZ,Male,No,Yes,No,66,104.05,Yes,Yes,Fiber optic,No,Yes,No,Yes,Yes,Yes,One year,Yes,Electronic check,6890.0,Yes
6484-LATFU,Male,No,No,No,68,24.55,Yes,Yes,No,No internet service,No internet service,No internet service,No internet service,No internet service,No internet service,Two year,No,Mailed check,1657.4,No
7599-NTMDP,Female,No,Yes,Yes,62,48.7,No,No phone service,DSL,Yes,Yes,No,Yes,Yes,No,Two year,No,Bank transfer (automatic),3008.55,No
0772-GYEQQ,Male,No,No,No,3,88.35,Yes,No,Fiber optic,No,No,Yes,Yes,Yes,No,Month-to-month,Yes,Mailed check,262.05,Yes
0536-ACXIP,Female,No,Yes,No,72,109.55,Yes,Yes,Fiber optic,Yes,Yes,Yes,No,Yes,Yes,Two year,Yes,Electronic check,8165.1,No
0936-NQLJU,Female,No,Yes,No,41,20.65,Yes,No,No,No internet service,No internet service,No internet service,No internet service,No internet service,No internet service,Two year,No,Credit card (automatic),875.55,No
4831-EOBFE,Male,No,Yes,Yes,29,94.65,Yes,No,Fiber optic,Yes,No,No,No,Yes,Yes,Month-to-month,No,Credit card (automatic),2649.15,Yes
1575-KRZZE,Female,No,No,No,4,55.2,Yes,No,DSL,Yes,Yes,No,No,No,No,Month-to-month,No,Electronic check,220.65,No
3251-YMVWZ,Male,No,No,No,53,24.05,Yes,Yes,No,No internet service,No internet service,No internet service,No internet service,No internet service,No internet service,One year,No,Bank transfer (automatic),1301.9,No
4102-OQUPX,Male,Yes,Yes,No,1,74.4,Yes,Yes,Fiber optic,No,No,No,No,No,No,Month-to-month,Yes,Electronic check,74.4,Yes
9170-GYZJC,Female,No,Yes,Yes,41,79.9,Yes,Yes,DSL,Yes,Yes,Yes,Yes,No,Yes,Month-to-month,No,Credit card (automatic),3326.2,Yes
4884-LEVMQ,Male,No,Yes,No,39,20.45,Yes,No,No,No internet service,No internet service,No internet service,No internet service,No internet service,No internet service,Two year,Yes,Bank transfer (automatic),790.0,No
8857-CUPFQ,Male,No,Yes,No,63,19.25,Yes,No,No,No internet service,No internet service,No internet service,No internet service,No internet service,No internet service,Two year,No,Mailed check,1237.65,No
7610-TVOPG,Male,No,No,No,15,26.35,Yes,Yes,No,No internet service,No internet service,No internet service,No internet service,No internet service,No internet service,Month-to-month,Yes,Electronic check,378.6,No
3638-DIMPH,Female,No,Yes,No,13,43.8,Yes,No,DSL,No,No,No,No,No,No,One year,No,Electronic check,592.65,No
1845-ZLLIG,Male,No,No,No,1,50.15,Yes,No,DSL,No,Yes,No,No,No,No,Month-to-month,Yes,Mailed check,50.15,No
8559-WNQZS,Male,No,No,No,1,20.45,Yes,No,No,No internet service,No internet service,No internet service,No internet service,No internet service,No internet service,Two year,No,Mailed check,20.45,No
3999-QGRJH,Male,Yes,No,No,8,69.7,Yes,No,Fiber optic,No,No,No,No,No,No,Month-to-month,Yes,Electronic check,560.85,Yes
1699-UOTXU,Male,No,No,No,60,61.4,Yes,No,DSL,Yes,Yes,Yes,No,No,No,Two year,No,Electronic check,3638.25,No
2454-RPBRZ,Female,Yes,Yes,No,12,98.1,Yes,Yes,Fiber optic,No,Yes,Yes,No,Yes,No,Month-to-month,Yes,Electronic check,1060.2,Yes
0635-WKOLD,Male,No,Yes,No,40,70.75,Yes,Yes,DSL,No,Yes,No,Yes,Yes,No,One year,No,Credit card (automatic),2921.75,No
5993-JSUWV,Female,No,No,No,66,61.15,Yes,No,DSL,Yes,Yes,Yes,No,No,No,Two year,Yes,Bank transfer (automatic),4017.45,No
4518-FZBSX,Male,No,Yes,Yes,42,20.25,Yes,No,No,No internet service,No internet service,No internet service,No internet service,No internet service,No internet service,One year,No,Mailed check,854.9,No
5387-ASZNZ,Female,Yes,No,No,66,63.85,Yes,Yes,DSL,Yes,Yes,No,Yes,No,No,One year,Yes,Credit card (automatic),4174.35,No
6988-CJEYV,Male,No,No,No,49,98.7,Yes,Yes,Fiber optic,No,Yes,No,No,Yes,Yes,Month-to-month,No,Electronic check,4920.55,No
2002-MZHWP,Female,No,No,No,1,20.5,Yes,No,No,No internet service,No internet service,No internet service,No internet service,No internet service,No internet service,Month-to-month,No,Mailed check,20.5,Yes
3097-FQTVJ,Female,No,No,No,41,20.0,Yes,No,No,No internet service,No internet service,No internet service,No internet service,No internet service,No internet service,Two year,No,Mailed check,810.3,No
5465-BUBFA,Female,No,Yes,Yes,41,19.3,Yes,No,No,No internet service,No internet service,No internet service,No internet service,No internet service,No internet service,Two year,No,Bank transfer (automatic),772.4,No
7299-GNVPL,Female,No,Yes,Yes,23,84.4,Yes,No,Fiber optic,Yes,Yes,No,Yes,No,No,Month-to-month,No,Mailed check,1936.85,No
9743-DQKQW,Male,No,No,No,3,25.1,No,No phone service,DSL,No,No,No,No,No,No,Month-to-month,No,Electronic check,79.8,No
1215-VFYVK,Female,No,No,No,4,48.25,No,No phone service,DSL,Yes,No,Yes,Yes,No,Yes,Month-to-month,No,Mailed check,202.25,No
9371-BITHB,Female,No,Yes,Yes,52,19.85,Yes,No,No,No internet service,No internet service,No internet service,No internet service,No internet service,No internet service,Two year,No,Mailed check,1070.5,No
2265-CYWIV,Female,Yes,Yes,No,4,99.6,Yes,Yes,Fiber optic,Yes,No,No,No,Yes,Yes,Month-to-month,Yes,Electronic check,347.65,Yes
9093-FPDLG,Female,No,No,No,11,94.2,Yes,No,Fiber optic,No,Yes,Yes,Yes,No,Yes,Month-to-month,Yes,Electronic check,999.9,No
0541-FITGH,Female,No,Yes,No,2,62.15,Yes,No,DSL,Yes,No,No,No,No,Yes,Month-to-month,Yes,Mailed check,113.1,No
6985-HAYWX,Female,No,Yes,No,26,79.3,Yes,Yes,Fiber optic,No,Yes,No,No,No,No,Month-to-month,No,Bank transfer (automatic),2015.8,No
7508-KBIMB,Male,No,Yes,Yes,24,56.25,Yes,No,DSL,Yes,No,Yes,No,No,No,One year,Yes,Credit card (automatic),1454.25,No
6838-HVLXG,Female,No,No,No,12,20.3,Yes,No,No,No internet service,No internet service,No internet service,No internet service,No internet service,No internet service,Month-to-month,No,Mailed check,246.7,No
2277-DJJDL,Male,Yes,Yes,No,60,99.0,Yes,Yes,Fiber optic,No,No,No,Yes,Yes,Yes,Month-to-month,Yes,Electronic check,6017.9,No
1897-OKVMW,Female,No,Yes,Yes,64,90.6,Yes,Yes,DSL,Yes,Yes,Yes,Yes,Yes,Yes,Two year,Yes,Mailed check,5817.45,No
5485-ITNPC,Male,No,Yes,No,66,85.9,Yes,No,DSL,Yes,Yes,Yes,Yes,Yes,Yes,Two year,Yes,Bank transfer (automatic),5595.3,No
0233-FTHAV,Female,No,No,No,60,79.2,Yes,Yes,Fiber optic,No,No,Yes,No,No,No,One year,Yes,Bank transfer (automatic),4765.0,No
4644-PIZRT,Male,No,Yes,Yes,17,70.35,Yes,Yes,DSL,Yes,No,Yes,No,Yes,No,One year,Yes,Bank transfer (automatic),1201.65,No
8922-NPKBJ,Male,No,Yes,Yes,42,19.35,Yes,No,No,No internet service,No internet service,No internet service,No internet service,No internet service,No internet service,Two year,No,Mailed check,867.3,No
2740-TVLFN,Male,No,No,No,1,50.15,Yes,Yes,DSL,No,No,No,No,No,No,Month-to-month,Yes,Electronic check,50.15,No
7771-CFQRQ,Female,No,Yes,Yes,47,63.8,Yes,No,DSL,No,Yes,No,Yes,No,Yes,Two year,No,Bank transfer (automatic),3007.25,No
9512-PHSMG,Female,No,Yes,No,10,20.55,Yes,No,No,No internet service,No internet service,No internet service,No internet service,No internet service,No internet service,Month-to-month,Yes,Mailed check,252.75,No
6963-EZQEE,Male,Yes,Yes,No,70,88.55,Yes,Yes,DSL,Yes,Yes,Yes,Yes,Yes,Yes,Two year,Yes,Credit card (automatic),6306.5,No
2452-KDRRH,Male,Yes,No,No,67,101.4,Yes,Yes,Fiber optic,No,No,Yes,No,Yes,Yes,Month-to-month,Yes,Credit card (automatic),6841.05,No
2004-OCQXK,Female,No,No,No,1,81.95,Yes,No,Fiber optic,No,No,No,No,No,Yes,Month-to-month,Yes,Electronic check,81.95,Yes
5027-QPKTE,Male,No,Yes,No,7,69.35,Yes,No,Fiber optic,No,No,No,No,No,No,Month-to-month,Yes,Electronic check,451.1,Yes
4146-SVFUD,Male,No,No,No,1,44.6,Yes,No,DSL,No,No,No,No,No,No,Month-to-month,No,Mailed check,44.6,No
1564-HJUVY,Male,No,No,No,4,63.75,Yes,No,DSL,No,Yes,No,Yes,Yes,No,Month-to-month,Yes,Bank transfer (automatic),226.2,No
3617-XLSGQ,Female,No,Yes,Yes,66,109.25,Yes,Yes,Fiber optic,Yes,Yes,Yes,No,Yes,Yes,Two year,No,Bank transfer (automatic),7082.5,No
7517-LDMPS,Female,No,No,No,12,84.6,Yes,No,Fiber optic,No,Yes,No,No,No,Yes,Month-to-month,Yes,Electronic check,1017.35,No
7244-KXYZN,Female,No,No,No,24,20.45,Yes,No,No,No internet service,No internet service,No internet service,No internet service,No internet service,No internet service,One year,No,Credit card (automatic),527.35,No
5226-NOZFC,Male,No,No,No,26,85.75,Yes,No,Fiber optic,No,Yes,No,No,Yes,No,Month-to-month,Yes,Electronic check,2146.5,No
2672-HUYVI,Female,No,No,No,6,91.1,Yes,No,Fiber optic,No,No,No,No,Yes,Yes,Month-to-month,Yes,Electronic check,455.3,Yes
1400-WIVLL,Male,No,Yes,No,57,107.95,Yes,Yes,Fiber optic,No,No,Yes,Yes,Yes,Yes,Two year,No,Electronic check,5969.85,No
7508-MYBOG,Male,No,Yes,No,14,86.1,Yes,Yes,Fiber optic,No,No,No,No,Yes,No,Month-to-month,Yes,Electronic check,1235.55,Yes
8148-NLEGT,Female,No,Yes,Yes,42,22.95,Yes,Yes,No,No internet service,No internet service,No internet service,No internet service,No internet service,No internet service,Two year,No,Electronic check,1014.25,No
0148-DCDOS,Male,No,No,No,25,94.7,Yes,Yes,Fiber optic,No,No,No,No,Yes,Yes,Month-to-month,Yes,Bank transfer (automatic),2362.1,Yes
8347-GDTMP,Female,No,Yes,No,64,19.45,Yes,No,No,No internet service,No internet service,No internet service,No internet service,No internet service,No internet service,Two year,No,Credit card (automatic),1225.65,No
9992-RRAMN,Male,No,Yes,No,22,85.1,Yes,Yes,Fiber optic,No,No,No,No,No,Yes,Month-to-month,Yes,Electronic check,1873.7,Yes
6746-WAUWT,Male,No,No,No,19,19.7,Yes,No,No,No internet service,No internet service,No internet service,No internet service,No internet service,No internet service,One year,Yes,Credit card (automatic),386.5,No
0310-MVLET,Female,No,Yes,Yes,61,99.15,Yes,Yes,Fiber optic,No,Yes,No,No,Yes,Yes,Month-to-month,Yes,Electronic check,6010.05,Yes
0428-IKYCP,Male,No,Yes,No,22,87.0,Yes,No,Fiber optic,No,No,Yes,No,Yes,No,Month-to-month,Yes,Bank transfer (automatic),1850.65,No
4550-VBOFE,Male,Yes,Yes,No,70,102.95,Yes,Yes,Fiber optic,No,Yes,Yes,No,Yes,Yes,Month-to-month,Yes,Electronic check,7101.5,Yes
2187-PKZAY,Male,No,No,No,12,79.95,Yes,No,Fiber optic,No,No,No,No,No,Yes,Month-to-month,Yes,Bank transfer (automatic),1043.4,No
4003-OCTMP,Female,No,Yes,No,31,64.0,Yes,No,DSL,Yes,No,No,Yes,No,Yes,One year,Yes,Electronic check,1910.75,No
6652-YFFJO,Female,No,No,No,11,64.9,Yes,No,DSL,No,No,No,No,Yes,Yes,Month-to-month,Yes,Electronic check,716.1,No
7225-IILWY,Male,No,Yes,Yes,68,25.75,Yes,Yes,No,No internet service,No internet service,No internet service,No internet service,No internet service,No internet service,Two year,No,Mailed check,1686.15,No
5248-RPYWW,Female,Yes,Yes,Yes,72,90.15,Yes,Yes,DSL,Yes,Yes,Yes,Yes,Yes,Yes,Two year,Yes,Bank transfer (automatic),6716.45,No
7923-IYJWY,Male,Yes,No,No,67,116.1,Yes,Yes,Fiber optic,Yes,Yes,Yes,Yes,Yes,Yes,Two year,Yes,Credit card (automatic),7839.85,No
3170-GWYKC,Female,No,No,No,60,104.95,Yes,No,Fiber optic,Yes,No,Yes,Yes,Yes,Yes,Month-to-month,Yes,Bank transfer (automatic),6236.75,No
5696-QURRL,Male,No,No,No,1,45.05,Yes,No,DSL,No,No,No,No,No,No,Month-to-month,Yes,Mailed check,45.05,Yes
7409-KIUTL,Female,Yes,No,Yes,1,71.0,Yes,No,Fiber optic,No,No,No,No,No,No,Month-to-month,Yes,Electronic check,71.0,Yes
9830-ECLEN,Male,No,Yes,Yes,58,50.0,No,No phone service,DSL,Yes,Yes,Yes,No,Yes,No,One year,No,Mailed check,2919.85,No
1732-VHUBQ,Female,Yes,Yes,Yes,47,70.55,Yes,No,Fiber optic,No,No,No,No,No,No,Month-to-month,No,Bank transfer (automatic),3309.25,Yes
0495-RVCBF,Female,No,No,No,1,79.7,Yes,No,Fiber optic,No,No,No,No,No,Yes,Month-to-month,Yes,Electronic check,79.7,Yes
2668-TZSPS,Male,No,No,No,1,20.45,Yes,No,No,No internet service,No internet service,No internet service,No internet service,No internet service,No internet service,Month-to-month,No,Mailed check,20.45,No
7854-EDSSA,Male,No,No,No,22,59.0,Yes,Yes,DSL,Yes,Yes,No,No,No,No,Month-to-month,No,Electronic check,1254.7,Yes
8869-TORSS,Female,No,No,No,48,60.35,Yes,No,DSL,Yes,No,Yes,Yes,No,No,One year,Yes,Credit card (automatic),2896.4,Yes
7446-SFAOA,Female,No,Yes,No,37,19.85,Yes,No,No,No internet service,No internet service,No internet service,No internet service,No internet service,No internet service,One year,Yes,Bank transfer (automatic),717.5,No
9522-ZSINC,Male,No,No,No,13,19.95,Yes,No,No,No internet service,No internet service,No internet service,No internet service,No internet service,No internet service,One year,Yes,Electronic check,253.8,No
8234-GSZYK,Male,No,No,No,43,26.45,Yes,Yes,No,No internet service,No internet service,No internet service,No internet service,No internet service,No internet service,Two year,No,Bank transfer (automatic),1110.05,No
6505-OZNPG,Female,No,No,No,6,63.4,No,No phone service,DSL,Yes,Yes,Yes,Yes,Yes,Yes,Two year,Yes,Mailed check,348.8,No
6164-HAQTX,Male,No,No,No,71,53.95,No,No phone service,DSL,Yes,Yes,Yes,Yes,Yes,No,Two year,No,Bank transfer (automatic),3888.65,No
0679-IDSTG,Female,Yes,Yes,Yes,1,69.25,Yes,No,Fiber optic,No,No,No,No,No,No,Month-to-month,Yes,Electronic check,69.25,Yes
7765-LWVVH,Female,No,Yes,Yes,72,95.1,Yes,Yes,Fiber optic,Yes,Yes,No,No,Yes,No,Two year,Yes,Electronic check,6843.15,No
1658-TJVOA,Female,Yes,No,No,6,74.1,Yes,No,Fiber optic,Yes,No,No,No,No,No,Month-to-month,Yes,Electronic check,450.9,No
0953-LGOVU,Male,No,Yes,Yes,12,35.5,No,No phone service,DSL,No,Yes,No,Yes,No,No,Month-to-month,No,Mailed check,432.25,No
2115-BFTIW,Male,No,No,No,25,70.95,Yes,No,Fiber optic,No,No,No,No,No,No,Month-to-month,No,Mailed check,1767.35,Yes
4692-NNQRU,Female,No,Yes,No,21,79.2,Yes,No,Fiber optic,No,No,Yes,Yes,No,No,One year,No,Electronic check,1742.45,No
7742-MYPGI,Female,No,Yes,Yes,6,48.8,Yes,No,DSL,No,No,No,Yes,No,No,Month-to-month,Yes,Mailed check,297.35,No
0611-DFXKO,Male,No,Yes,No,20,89.0,Yes,No,Fiber optic,No,No,No,No,Yes,Yes,Month-to-month,Yes,Mailed check,1820.45,Yes
7780-OTDSO,Male,No,Yes,No,18,99.4,Yes,Yes,Fiber optic,Yes,No,No,No,Yes,Yes,Month-to-month,Yes,Electronic check,1742.95,Yes
9619-GSATL,Female,No,No,No,43,55.45,Yes,No,DSL,No,Yes,No,Yes,No,No,One year,No,Electronic check,2444.25,No
5622-UEJFI,Female,No,Yes,Yes,35,25.4,Yes,Yes,No,No internet service,No internet service,No internet service,No internet service,No internet service,No internet service,Two year,Yes,Credit card (automatic),949.8,No
9747-DDZOS,Female,No,No,No,1,73.5,Yes,No,Fiber optic,No,No,Yes,No,No,No,Month-to-month,No,Bank transfer (automatic),73.5,Yes
0674-DGMAQ,Male,Yes,Yes,No,32,93.5,Yes,Yes,Fiber optic,No,Yes,Yes,No,No,Yes,Month-to-month,Yes,Electronic check,2970.8,No
6203-HBZPA,Male,No,No,No,52,63.9,No,No phone service,DSL,Yes,Yes,Yes,Yes,Yes,Yes,Two year,No,Credit card (automatic),3334.95,No
0484-FFVBJ,Male,No,No,No,32,64.85,Yes,No,DSL,No,No,No,No,Yes,Yes,One year,Yes,Bank transfer (automatic),2010.95,No
0301-FIDRB,Female,No,Yes,Yes,72,63.8,No,No phone service,DSL,Yes,Yes,Yes,Yes,Yes,Yes,Two year,Yes,Bank transfer (automatic),4684.3,No
4139-JPIAM,Male,No,No,No,51,44.45,No,No phone service,DSL,Yes,No,No,Yes,No,Yes,Month-to-month,Yes,Credit card (automatic),2181.55,No
2181-TIDSV,Male,No,Yes,Yes,68,19.95,Yes,No,No,No internet service,No internet service,No internet service,No internet service,No internet service,No internet service,Two year,Yes,Bank transfer (automatic),1303.25,No
2761-XECQW,Male,Yes,Yes,No,8,43.35,No,No phone service,DSL,No,Yes,Yes,No,No,Yes,Month-to-month,Yes,Mailed check,371.4,No
1936-CZAKF,Male,No,Yes,No,49,49.65,No,No phone service,DSL,No,Yes,No,No,Yes,Yes,Two year,No,Credit card (automatic),2409.9,No
9453-PATOS,Female,No,Yes,No,72,85.1,Yes,No,DSL,Yes,Yes,Yes,Yes,Yes,Yes,Two year,No,Mailed check,6155.4,No
0564-JJHGS,Male,No,No,No,9,95.5,Yes,Yes,Fiber optic,No,No,No,No,Yes,Yes,Month-to-month,Yes,Electronic check,829.1,Yes
3348-CFRNX,Female,No,Yes,No,28,92.35,Yes,No,Fiber optic,Yes,No,No,No,Yes,Yes,Month-to-month,Yes,Mailed check,2602.9,Yes
4402-FTBXC,Male,No,No,No,54,89.8,Yes,No,Fiber optic,Yes,No,Yes,No,Yes,No,Month-to-month,No,Mailed check,4667.0,No
1428-GTBJJ,Male,No,No,No,11,74.55,Yes,No,Fiber optic,No,Yes,No,No,No,No,Month-to-month,Yes,Electronic check,824.75,Yes
2931-XIQBR,Female,No,Yes,Yes,50,103.05,Yes,No,Fiber optic,No,No,Yes,Yes,Yes,Yes,One year,No,Mailed check,5153.5,No
0106-UGRDO,Female,No,Yes,No,69,116.0,Yes,Yes,Fiber optic,Yes,Yes,Yes,Yes,Yes,Yes,Two year,Yes,Electronic check,8182.85,No
5542-TBBWB,Male,No,No,No,1,69.9,Yes,No,Fiber optic,No,No,No,No,No,No,Month-to-month,Yes,Electronic check,69.9,No
1930-QPBVZ,Male,No,Yes,Yes,68,95.1,Yes,No,Fiber optic,Yes,Yes,No,Yes,No,Yes,Two year,No,Bank transfer (automatic),6683.4,No
2606-PKWJB,Male,No,No,Yes,40,40.25,No,No phone service,DSL,Yes,Yes,No,Yes,No,No,One year,No,Mailed check,1564.05,No
5322-ZSMZY,Male,No,Yes,Yes,31,25.75,Yes,Yes,No,No internet service,No internet service,No internet service,No internet service,No internet service,No internet service,Two year,No,Mailed check,755.6,No
8059-UDZFY,Female,Yes,No,Yes,33,105.35,Yes,Yes,Fiber optic,No,Yes,Yes,No,Yes,Yes,Month-to-month,Yes,Bank transfer (automatic),3465.05,No
7740-BTPUX,Male,Yes,Yes,No,55,113.6,Yes,Yes,Fiber optic,No,Yes,Yes,Yes,Yes,Yes,Two year,Yes,Electronic check,6292.7,No
5220-AGAAX,Male,No,Yes,Yes,68,24.0,Yes,Yes,No,No internet service,No internet service,No internet service,No internet service,No internet service,No internet service,Two year,Yes,Bank transfer (automatic),1664.3,No
0208-BPQEJ,Female,No,Yes,Yes,12,19.4,Yes,No,No,No internet service,No internet service,No internet service,No internet service,No internet service,No internet service,Month-to-month,No,Bank transfer (automatic),198.1,No
9435-JMLSX,Male,No,Yes,No,71,86.1,Yes,No,DSL,Yes,Yes,Yes,Yes,Yes,Yes,Two year,Yes,Bank transfer (automatic),6045.9,No
3352-ALMCK,Male,No,No,No,40,102.65,Yes,Yes,Fiber optic,No,Yes,Yes,No,Yes,Yes,Month-to-month,Yes,Mailed check,4108.15,No
5312-IRCFR,Female,No,Yes,Yes,64,92.85,Yes,Yes,Fiber optic,No,Yes,Yes,No,No,Yes,One year,Yes,Electronic check,5980.75,No
5294-IMHHT,Male,No,Yes,No,53,97.75,Yes,Yes,Fiber optic,No,Yes,No,Yes,No,Yes,One year,No,Bank transfer (automatic),5043.2,No
8802-UNOJF,Male,Yes,No,No,12,83.8,Yes,No,Fiber optic,No,Yes,Yes,Yes,No,No,Month-to-month,Yes,Mailed check,1029.75,Yes
6313-GIDIT,Male,Yes,No,No,53,54.45,No,No phone service,DSL,No,Yes,Yes,No,Yes,Yes,Month-to-month,Yes,Electronic check,2854.55,Yes
6176-YJWAS,Male,No,Yes,No,72,97.95,Yes,Yes,Fiber optic,Yes,Yes,Yes,No,Yes,No,Two year,Yes,Credit card (automatic),7114.25,No
5310-NOOVA,Male,No,No,No,46,19.95,Yes,No,No,No internet service,No internet service,No internet service,No internet service,No internet service,No internet service,Two year,No,Electronic check,907.05,No
4526-EXKKN,Male,No,No,No,40,24.6,Yes,Yes,No,No internet service,No internet service,No internet service,No internet service,No internet service,No internet service,Two year,Yes,Mailed check,973.95,No
5311-IHLEI,Male,No,No,No,12,50.95,No,No phone service,DSL,Yes,Yes,No,Yes,Yes,No,Month-to-month,Yes,Bank transfer (automatic),605.75,No
3987-KQDDU,Male,No,No,No,9,75.6,Yes,No,Fiber optic,Yes,No,No,No,No,No,Month-to-month,No,Electronic check,661.55,No
3404-JNXAX,Female,No,Yes,Yes,51,80.75,Yes,Yes,Fiber optic,No,No,No,Yes,No,No,Month-to-month,Yes,Electronic check,4116.9,No
5131-PONJI,Male,No,Yes,Yes,49,90.4,Yes,No,Fiber optic,No,Yes,Yes,No,Yes,No,Month-to-month,Yes,Credit card (automatic),4494.65,No
2845-AFFTX,Male,Yes,Yes,No,41,99.8,Yes,Yes,Fiber optic,No,No,Yes,No,Yes,Yes,Month-to-month,Yes,Electronic check,4259.3,Yes
3489-VSFRD,Female,No,No,No,56,60.25,Yes,No,DSL,Yes,No,Yes,Yes,No,No,One year,Yes,Credit card (automatic),3282.75,No
3345-JHUEO,Male,No,No,No,4,20.2,Yes,No,No,No internet service,No internet service,No internet service,No internet service,No internet service,No internet service,Month-to-month,Yes,Electronic check,55.7,No
5815-HGGHV,Male,No,Yes,No,20,64.15,Yes,No,DSL,Yes,No,No,Yes,No,Yes,One year,Yes,Mailed check,1274.45,No
5260-UMPWX,Female,No,Yes,Yes,26,20.25,Yes,No,No,No internet service,No internet service,No internet service,No internet service,No internet service,No internet service,Month-to-month,Yes,Credit card (automatic),493.95,No
2249-YPRNG,Female,No,Yes,Yes,20,105.85,Yes,Yes,Fiber optic,No,Yes,Yes,No,Yes,Yes,Month-to-month,Yes,Bank transfer (automatic),2239.65,Yes
7410-YTJIK,Female,No,No,No,7,75.45,Yes,Yes,Fiber optic,No,No,No,No,No,No,Month-to-month,No,Mailed check,480.75,Yes
4626-GYCZP,Male,No,No,No,7,93.85,Yes,Yes,Fiber optic,No,No,No,No,Yes,Yes,Month-to-month,Yes,Electronic check,635.6,Yes
5649-RXQTV,Male,No,No,No,51,99.0,Yes,No,Fiber optic,No,Yes,Yes,No,Yes,Yes,Month-to-month,Yes,Electronic check,5038.15,No
2674-MIAHT,Female,No,No,No,4,80.3,Yes,Yes,Fiber optic,No,Yes,No,No,No,No,Month-to-month,Yes,Mailed check,324.2,No
2576-HXMPA,Female,No,No,No,1,19.55,Yes,No,No,No internet service,No internet service,No internet service,No internet service,No internet service,No internet service,Month-to-month,No,Credit card (automatic),19.55,No
7587-AOVVU,Male,No,Yes,Yes,27,100.75,Yes,Yes,Fiber optic,Yes,Yes,No,Yes,Yes,No,Month-to-month,No,Electronic check,2793.55,No
5590-BYNII,Male,No,No,No,22,100.75,Yes,Yes,Fiber optic,Yes,No,No,No,Yes,Yes,Month-to-month,Yes,Electronic check,2095.0,Yes
6898-MDLZW,Male,No,No,No,12,53.75,Yes,No,DSL,No,Yes,No,Yes,No,No,Month-to-month,Yes,Mailed check,648.65,No
3237-AJGEH,Female,No,Yes,Yes,3,31.0,No,No phone service,DSL,No,No,No,Yes,No,No,Month-to-month,Yes,Mailed check,95.05,Yes
4707-YNOQA,Female,No,Yes,Yes,34,25.6,Yes,Yes,No,No internet service,No internet service,No internet service,No internet service,No internet service,No internet service,One year,Yes,Credit card (automatic),917.15,No
9357-UJRUN,Male,No,Yes,No,24,58.35,Yes,Yes,DSL,Yes,No,No,Yes,No,No,One year,Yes,Electronic check,1346.9,No
1591-NFNLQ,Male,No,No,No,51,80.0,Yes,Yes,Fiber optic,No,No,Yes,No,No,No,Month-to-month,No,Credit card (automatic),4242.35,Yes
8648-PFRMP,Female,Yes,No,No,14,46.35,No,No phone service,DSL,No,No,No,No,Yes,Yes,Month-to-month,Yes,Electronic check,672.7,No
7663-CUXZB,Male,No,Yes,No,59,113.75,Yes,Yes,Fiber optic,Yes,Yes,Yes,Yes,Yes,Yes,Two year,No,Electronic check,6561.25,No
0258-NOKBL,Male,No,No,No,3,90.4,Yes,No,Fiber optic,No,Yes,Yes,No,No,Yes,Month-to-month,No,Electronic check,268.45,No
1163-VIPRI,Female,No,Yes,Yes,65,109.3,Yes,Yes,Fiber optic,Yes,No,Yes,Yes,Yes,Yes,Two year,No,Electronic check,7337.55,No
2815-CPTUL,Male,Yes,No,No,5,70.25,Yes,No,Fiber optic,No,No,No,No,No,No,Month-to-month,Yes,Mailed check,331.9,Yes
9348-ROUAI,Female,No,Yes,Yes,59,90.3,Yes,Yes,DSL,Yes,Yes,Yes,Yes,Yes,Yes,Two year,No,Credit card (automatic),5194.05,No
9443-JUBUO,Male,No,Yes,Yes,72,65.25,No,No phone service,DSL,Yes,Yes,Yes,Yes,Yes,Yes,Two year,Yes,Credit card (automatic),4478.85,No
0596-BQCEQ,Female,No,Yes,Yes,62,100.15,Yes,No,Fiber optic,No,Yes,Yes,No,Yes,Yes,Month-to-month,Yes,Electronic check,6283.3,Yes
1481-ZUWZA,Male,No,No,No,28,94.5,Yes,Yes,Fiber optic,Yes,Yes,No,No,No,Yes,Month-to-month,Yes,Credit card (automatic),2659.4,Yes
3043-TYBNO,Male,No,No,No,3,60.65,Yes,No,DSL,No,No,No,Yes,No,Yes,Month-to-month,No,Mailed check,196.9,No
4830-FAXFM,Male,No,No,Yes,19,24.1,Yes,Yes,No,No internet service,No internet service,No internet service,No internet service,No internet service,No internet service,Month-to-month,Yes,Credit card (automatic),439.2,No
5906-BFOZT,Male,No,No,No,1,19.5,Yes,No,No,No internet service,No internet service,No internet service,No internet service,No internet service,No internet service,Month-to-month,Yes,Mailed check,19.5,No
2960-NKRSO,Male,No,No,No,24,85.95,Yes,No,Fiber optic,No,Yes,Yes,Yes,No,No,Month-to-month,Yes,Electronic check,2107.15,No
8996-ZROXE,Male,Yes,No,No,57,53.5,Yes,No,DSL,No,No,Yes,Yes,No,No,One year,Yes,Electronic check,3035.8,No
5598-IKHQQ,Female,No,No,No,72,25.45,Yes,Yes,No,No internet service,No internet service,No internet service,No internet service,No internet service,No internet service,Two year,No,Credit card (automatic),1866.45,No
0397-ZXWQF,Male,No,No,No,67,20.5,Yes,No,No,No internet service,No internet service,No internet service,No internet service,No internet service,No internet service,Two year,No,Bank transfer (automatic),1430.95,No
5266-PFRQK,Male,No,Yes,Yes,52,20.85,Yes,No,No,No internet service,No internet service,No internet service,No internet service,No internet service,No internet service,One year,Yes,Credit card (automatic),1071.6,No
4674-HGNUA,Male,No,Yes,Yes,71,89.9,Yes,Yes,DSL,Yes,Yes,Yes,Yes,Yes,Yes,Two year,No,Credit card (automatic),6457.15,No
6765-MBQNU,Female,No,Yes,No,26,26.0,Yes,Yes,No,No internet service,No internet service,No internet service,No internet service,No internet service,No internet service,One year,No,Mailed check,684.05,No
9786-IJYDL,Female,No,No,No,35,113.2,Yes,Yes,Fiber optic,Yes,Yes,Yes,Yes,Yes,Yes,Two year,Yes,Mailed check,3914.05,No
1303-SRDOK,Female,No,Yes,Yes,55,69.05,Yes,No,Fiber optic,No,No,No,No,No,No,Two year,Yes,Credit card (automatic),3842.6,No
3769-MHZNV,Female,No,Yes,Yes,33,20.1,Yes,No,No,No internet service,No internet service,No internet service,No internet service,No internet service,No internet service,Two year,No,Mailed check,670.35,No
6295-OSINB,Male,No,Yes,No,72,109.65,Yes,Yes,Fiber optic,Yes,Yes,Yes,No,Yes,Yes,Two year,Yes,Electronic check,7880.25,No
3308-MHOOC,Male,No,No,Yes,1,19.2,Yes,No,No,No internet service,No internet service,No internet service,No internet service,No internet service,No internet service,Month-to-month,Yes,Mailed check,19.2,No
2309-OSFEU,Male,No,No,No,10,33.9,No,No phone service,DSL,No,No,No,No,No,Yes,Month-to-month,Yes,Mailed check,298.45,Yes
2207-QPJED,Female,Yes,Yes,No,37,90.0,Yes,No,Fiber optic,No,No,Yes,Yes,Yes,No,Month-to-month,No,Electronic check,3371.75,No
4177-JPDFU,Male,No,No,No,12,34.0,No,No phone service,DSL,No,Yes,No,Yes,No,No,Month-to-month,No,Mailed check,442.45,No
2239-CFOUJ,Male,No,Yes,Yes,1,20.4,Yes,No,No,No internet service,No internet service,No internet service,No internet service,No internet service,No internet service,One year,No,Mailed check,20.4,No
8046-DNVTL,Male,No,Yes,No,62,38.6,No,No phone service,DSL,Yes,Yes,No,Yes,No,No,Two year,Yes,Credit card (automatic),2345.55,No
2209-XADXF,Female,No,No,No,1,25.25,No,No phone service,DSL,No,No,No,No,No,No,Month-to-month,No,Bank transfer (automatic),25.25,No
6620-JDYNW,Female,No,No,No,18,60.6,Yes,Yes,DSL,Yes,No,Yes,No,No,No,Month-to-month,Yes,Mailed check,1156.35,No
1891-FZYSA,Male,Yes,Yes,No,69,89.95,Yes,Yes,Fiber optic,No,Yes,No,No,Yes,No,Month-to-month,Yes,Electronic check,6143.15,Yes
4770-UEZOX,Male,No,No,No,2,74.75,Yes,No,Fiber optic,No,Yes,No,No,No,No,Month-to-month,Yes,Electronic check,144.8,No
1038-RQOST,Male,No,Yes,Yes,19,20.6,Yes,No,No,No internet service,No internet service,No internet service,No internet service,No internet service,No internet service,Month-to-month,No,Mailed check,414.95,No
7613-LLQFO,Male,No,No,No,12,84.45,Yes,Yes,Fiber optic,No,No,No,No,Yes,No,Month-to-month,Yes,Electronic check,1059.55,Yes
4568-TTZRT,Male,No,No,No,9,20.4,Yes,No,No,No internet service,No internet service,No internet service,No internet service,No internet service,No internet service,Month-to-month,No,Mailed check,181.8,No
9513-DXHDA,Male,No,No,No,27,81.7,Yes,No,DSL,Yes,No,Yes,Yes,Yes,Yes,One year,No,Electronic check,2212.55,No
2640-PMGFL,Male,No,No,Yes,27,79.5,Yes,Yes,Fiber optic,No,No,No,Yes,No,No,Month-to-month,Yes,Electronic check,2180.55,Yes
3801-HMYNL,Male,No,Yes,Yes,1,89.15,Yes,No,Fiber optic,No,No,No,No,Yes,Yes,Month-to-month,No,Mailed check,89.15,Yes
0516-QREYC,Female,Yes,No,No,24,20.3,Yes,No,No,No internet service,No internet service,No internet service,No internet service,No internet service,No internet service,Month-to-month,Yes,Mailed check,459.95,No
9685-WKZGT,Male,Yes,No,No,14,74.95,Yes,Yes,Fiber optic,No,No,No,No,No,No,Month-to-month,Yes,Electronic check,1036.75,Yes
6022-UGGSO,Female,Yes,No,No,32,74.4,Yes,No,Fiber optic,No,Yes,No,No,No,No,Month-to-month,Yes,Electronic check,2276.95,Yes
8084-OIVBS,Female,No,No,No,11,20.0,Yes,No,No,No internet service,No internet service,No internet service,No internet service,No internet service,No internet service,One year,No,Mailed check,211.95,No
8896-BQTTI,Male,No,No,No,1,25.0,Yes,Yes,No,No internet service,No internet service,No internet service,No internet service,No internet service,No internet service,Month-to-month,Yes,Mailed check,25.0,No
3865-QBWSJ,Male,Yes,No,Yes,38,80.45,Yes,Yes,Fiber optic,Yes,No,No,No,No,No,Month-to-month,Yes,Mailed check,3162.65,No
3352-RICWQ,Female,No,Yes,Yes,9,19.75,Yes,No,No,No internet service,No internet service,No internet service,No internet service,No internet service,No internet service,Two year,No,Mailed check,210.65,No
2160-GPFXD,Male,No,Yes,Yes,54,65.65,Yes,Yes,DSL,Yes,Yes,No,Yes,No,No,Two year,Yes,Credit card (automatic),3566.7,No
2065-MMKGR,Female,No,No,No,29,71.0,Yes,Yes,DSL,No,No,No,No,Yes,Yes,One year,Yes,Credit card (automatic),2080.1,No
5857-TYBCJ,Male,Yes,Yes,No,44,89.2,Yes,Yes,Fiber optic,No,No,Yes,No,Yes,No,Month-to-month,Yes,Electronic check,4040.2,No
1498-NHTLT,Male,No,Yes,Yes,59,86.75,Yes,No,DSL,Yes,Yes,Yes,Yes,Yes,Yes,Two year,Yes,Electronic check,5186.0,No
4484-CGXFK,Female,No,No,No,3,55.3,Yes,No,DSL,No,No,No,No,No,Yes,Month-to-month,Yes,Electronic check,196.15,Yes
1402-PTHGN,Female,No,Yes,Yes,18,61.5,Yes,No,DSL,Yes,Yes,No,Yes,No,No,One year,Yes,Mailed check,1087.45,No
4176-RELJR,Male,Yes,No,No,67,25.1,Yes,Yes,No,No internet service,No internet service,No internet service,No internet service,No internet service,No internet service,Two year,No,Credit card (automatic),1672.15,No
6214-EDAKZ,Female,No,Yes,Yes,22,55.15,Yes,No,DSL,No,Yes,No,Yes,No,No,Month-to-month,No,Electronic check,1206.05,Yes
5199-FPUSP,Male,No,No,Yes,33,34.05,No,No phone service,DSL,Yes,No,No,Yes,No,No,One year,No,Credit card (automatic),1113.95,No
6377-KSLXC,Male,No,No,No,5,19.95,Yes,No,No,No internet service,No internet service,No internet service,No internet service,No internet service,No internet service,Month-to-month,No,Mailed check,107.05,No
1796-JANOW,Female,No,No,No,2,19.95,Yes,No,No,No internet service,No internet service,No internet service,No internet service,No internet service,No internet service,Month-to-month,No,Mailed check,38.15,No
0238-WHBIQ,Male,No,Yes,Yes,72,89.7,Yes,Yes,DSL,Yes,Yes,Yes,Yes,Yes,Yes,Two year,No,Credit card (automatic),6339.3,No
8735-NBLWT,Male,No,No,Yes,9,20.4,Yes,No,No,No internet service,No internet service,No internet service,No internet service,No internet service,No internet service,Month-to-month,No,Mailed check,184.1,No
6651-RLGGM,Male,No,Yes,Yes,67,26.3,Yes,Yes,No,No internet service,No internet service,No internet service,No internet service,No internet service,No internet service,Two year,No,Mailed check,1688.9,No
6127-ISGTU,Female,No,Yes,No,16,84.95,Yes,Yes,Fiber optic,No,No,No,No,Yes,No,Month-to-month,Yes,Electronic check,1378.25,Yes
1614-JBEBI,Female,No,No,No,8,20.7,Yes,No,No,No internet service,No internet service,No internet service,No internet service,No internet service,No internet service,Month-to-month,Yes,Mailed check,137.6,No
8740-XLHDR,Male,No,No,No,5,43.25,No,No phone service,DSL,Yes,Yes,Yes,Yes,No,No,Month-to-month,Yes,Mailed check,219.0,Yes
1208-DNHLN,Male,No,Yes,Yes,23,48.35,Yes,Yes,DSL,No,No,No,No,No,No,One year,Yes,Credit card (automatic),1067.15,Yes
1761-AEZZR,Male,No,No,No,1,79.55,Yes,No,Fiber optic,No,No,No,No,Yes,No,Month-to-month,Yes,Electronic check,79.55,Yes
3923-CSIHK,Female,Yes,Yes,No,50,71.05,Yes,No,Fiber optic,No,No,No,No,No,No,Month-to-month,Yes,Electronic check,3444.85,Yes
5696-EXCYS,Male,No,No,No,17,19.45,Yes,No,No,No internet service,No internet service,No internet service,No internet service,No internet service,No internet service,Two year,No,Credit card (automatic),369.05,No
5795-KTGUD,Female,No,Yes,No,68,110.8,Yes,Yes,Fiber optic,Yes,Yes,Yes,No,Yes,Yes,Two year,Yes,Bank transfer (automatic),7553.6,No
7120-RFMVS,Male,No,No,No,1,84.5,Yes,Yes,Fiber optic,No,No,No,No,Yes,No,Month-to-month,No,Electronic check,84.5,Yes
7924-GJZFI,Female,Yes,Yes,No,25,69.3,Yes,No,Fiber optic,No,No,No,No,No,No,Month-to-month,Yes,Electronic check,1813.1,No
4702-HDRKD,Male,No,No,No,67,49.35,No,No phone service,DSL,Yes,No,Yes,Yes,Yes,No,One year,Yes,Bank transfer (automatic),3321.35,No
8512-WIWYV,Male,No,No,No,32,20.35,Yes,No,No,No internet service,No internet service,No internet service,No internet service,No internet service,No internet service,One year,No,Credit card (automatic),707.5,No
5897-ZYEKH,Female,Yes,Yes,No,67,105.6,Yes,Yes,Fiber optic,Yes,Yes,No,No,Yes,Yes,One year,Yes,Electronic check,7112.15,No
5456-ITGIC,Male,Yes,Yes,No,72,64.45,No,No phone service,DSL,Yes,Yes,Yes,Yes,Yes,Yes,Two year,Yes,Credit card (automatic),4641.1,No
7317-GGVPB,Male,No,Yes,No,71,108.6,Yes,Yes,Fiber optic,No,Yes,Yes,Yes,Yes,Yes,Two year,Yes,Credit card (automatic),7690.9,Yes
1406-PUQVY,Male,No,No,Yes,1,49.9,Yes,No,DSL,No,Yes,No,No,No,No,Month-to-month,Yes,Electronic check,49.9,No
1322-AGOQM,Male,No,No,No,46,30.3,No,No phone service,DSL,No,Yes,No,No,No,No,Month-to-month,No,Bank transfer (automatic),1380.1,Yes
3677-IYRBF,Female,Yes,No,No,2,30.4,No,No phone service,DSL,No,No,Yes,No,No,No,Month-to-month,Yes,Electronic check,78.65,Yes
5692-FPTAH,Female,No,No,No,1,45.4,Yes,No,DSL,No,No,No,No,No,No,Month-to-month,Yes,Mailed check,45.4,Yes
9114-AAFQH,Female,No,Yes,No,48,65.65,Yes,No,DSL,No,Yes,Yes,No,No,Yes,One year,Yes,Electronic check,3094.65,No
8715-KKTFG,Female,No,Yes,No,61,103.3,Yes,Yes,Fiber optic,No,No,Yes,Yes,Yes,Yes,One year,Yes,Bank transfer (automatic),6518.35,No
1550-LOAHA,Female,No,Yes,No,32,84.15,Yes,No,Fiber optic,No,Yes,No,No,No,Yes,Month-to-month,No,Bank transfer (automatic),2585.95,Yes
1728-BQDMA,Female,No,No,No,2,44.45,Yes,No,DSL,No,No,No,No,No,No,Month-to-month,No,Electronic check,82.7,No
0268-QKIWO,Female,No,No,No,3,19.75,Yes,No,No,No internet service,No internet service,No internet service,No internet service,No internet service,No internet service,Month-to-month,No,Electronic check,58.85,Yes
0876-WDUUZ,Female,No,No,No,5,85.4,Yes,No,Fiber optic,No,No,No,Yes,No,Yes,Month-to-month,Yes,Credit card (automatic),425.9,Yes
5117-ZSMHQ,Female,No,Yes,Yes,71,89.9,Yes,Yes,DSL,Yes,Yes,Yes,Yes,Yes,Yes,Two year,No,Bank transfer (automatic),6342.7,No
5151-HQRDG,Male,No,Yes,No,37,55.05,Yes,Yes,DSL,Yes,No,No,No,No,No,Month-to-month,Yes,Mailed check,2030.75,No
0960-HUWBM,Male,No,Yes,Yes,65,104.1,Yes,Yes,Fiber optic,No,No,Yes,Yes,Yes,Yes,Two year,Yes,Bank transfer (automatic),6700.05,No
6465-GSRCL,Female,No,No,Yes,67,106.6,Yes,Yes,Fiber optic,No,Yes,No,Yes,Yes,Yes,One year,Yes,Bank transfer (automatic),7244.7,No
0617-FHSGK,Male,No,No,Yes,49,75.2,Yes,Yes,Fiber optic,No,No,No,No,No,No,Month-to-month,No,Credit card (automatic),3678.3,Yes
0263-FJTQO,Male,No,Yes,Yes,50,70.5,Yes,Yes,DSL,Yes,No,No,Yes,Yes,No,Two year,Yes,Credit card (automatic),3486.65,No
7319-ZNRTR,Male,No,Yes,Yes,25,19.6,Yes,No,No,No internet service,No internet service,No internet service,No internet service,No internet service,No internet service,One year,No,Electronic check,411.15,No
2858-MOFSQ,Female,No,No,Yes,17,55.85,Yes,Yes,DSL,No,No,Yes,No,No,No,One year,Yes,Mailed check,937.5,Yes
7503-EPSZW,Female,No,Yes,Yes,64,24.05,Yes,Yes,No,No internet service,No internet service,No internet service,No internet service,No internet service,No internet service,Two year,Yes,Mailed check,1559.15,No
7089-XXAYG,Male,No,Yes,No,25,38.1,No,No phone service,DSL,No,No,Yes,No,Yes,No,One year,Yes,Credit card (automatic),970.4,No
8118-LSUEL,Male,Yes,No,No,23,106.4,Yes,Yes,Fiber optic,No,Yes,Yes,No,Yes,Yes,Month-to-month,Yes,Electronic check,2483.5,Yes
8070-AAWZP,Male,Yes,Yes,No,24,34.25,No,No phone service,DSL,No,No,Yes,Yes,No,No,Month-to-month,No,Mailed check,828.2,No
1666-JXLKU,Female,No,No,No,37,100.05,Yes,Yes,Fiber optic,No,No,Yes,No,Yes,Yes,Month-to-month,Yes,Electronic check,3810.55,No
7855-DIWPO,Female,No,No,No,21,68.65,Yes,No,Fiber optic,No,No,No,No,No,No,Month-to-month,Yes,Electronic check,1493.2,No
5133-POWUA,Male,No,No,No,1,45.8,Yes,No,DSL,No,No,No,No,No,No,Month-to-month,Yes,Mailed check,45.8,No
5652-MSDEY,Female,No,No,No,10,75.75,Yes,Yes,Fiber optic,No,No,No,No,No,No,Month-to-month,Yes,Mailed check,777.3,No
7005-CCBKV,Male,No,No,No,6,84.4,Yes,No,Fiber optic,No,Yes,No,No,No,Yes,Month-to-month,Yes,Electronic check,556.35,Yes
1810-BOHSY,Male,No,Yes,No,51,96.4,Yes,Yes,Fiber optic,Yes,Yes,No,No,No,Yes,One year,Yes,Credit card (automatic),4911.05,No
1784-BXEFA,Female,No,No,No,10,20.55,Yes,No,No,No internet service,No internet service,No internet service,No internet service,No internet service,No internet service,Month-to-month,Yes,Mailed check,187.35,No
7351-MHQVU,Female,No,No,No,6,50.95,No,No phone service,DSL,Yes,Yes,No,Yes,No,Yes,Month-to-month,No,Credit card (automatic),307.6,No
9224-VTYID,Male,No,Yes,Yes,47,90.5,Yes,Yes,DSL,Yes,Yes,Yes,Yes,Yes,Yes,Two year,Yes,Mailed check,4318.35,No
9500-IWPXQ,Female,No,Yes,Yes,61,79.4,Yes,Yes,DSL,Yes,Yes,Yes,Yes,No,Yes,One year,Yes,Electronic check,4820.55,No
5762-TJXGK,Female,No,No,No,52,58.75,No,No phone service,DSL,Yes,Yes,Yes,No,Yes,Yes,Two year,Yes,Bank transfer (automatic),3038.55,No
4504-YOULA,Female,No,Yes,Yes,35,59.45,Yes,Yes,DSL,Yes,Yes,No,No,No,No,Month-to-month,Yes,Credit card (automatic),2136.9,No
5569-IDSEY,Male,No,Yes,No,71,105.7,Yes,Yes,Fiber optic,No,Yes,Yes,No,Yes,Yes,One year,Yes,Bank transfer (automatic),7472.15,No
4250-FDVOU,Female,No,No,No,6,56.25,Yes,No,DSL,Yes,Yes,No,No,No,No,Month-to-month,No,Electronic check,389.1,Yes
7284-ZZLOH,Male,No,Yes,No,45,53.3,Yes,No,DSL,Yes,No,Yes,No,No,No,Two year,No,Credit card (automatic),2296.25,No
5277-ZLOOR,Female,Yes,No,No,2,85.55,Yes,Yes,Fiber optic,No,No,No,No,Yes,No,Month-to-month,Yes,Electronic check,187.45,Yes
2141-RRYGO,Female,No,No,No,4,68.65,Yes,No,DSL,No,Yes,No,No,Yes,Yes,Month-to-month,Yes,Bank transfer (automatic),261.25,Yes
1777-JYQPJ,Male,No,No,No,2,24.3,No,No phone service,DSL,No,No,No,No,No,No,Month-to-month,No,Mailed check,38.45,No
6376-GAHQE,Male,No,No,No,4,77.85,Yes,No,Fiber optic,No,No,No,No,Yes,No,Month-to-month,No,Electronic check,299.2,Yes
3401-URHDA,Male,No,No,No,51,59.9,Yes,Yes,DSL,Yes,No,No,Yes,No,No,One year,No,Credit card (automatic),3043.6,No
1599-EAHXY,Male,No,Yes,Yes,60,23.95,Yes,Yes,No,No internet service,No internet service,No internet service,No internet service,No internet service,No internet service,One year,No,Credit card (automatic),1506.4,No
8631-XVRZL,Male,No,No,No,9,20.15,Yes,No,No,No internet service,No internet service,No internet service,No internet service,No internet service,No internet service,One year,Yes,Mailed check,163.7,No
5052-PNLOS,Male,No,No,No,3,105.35,Yes,Yes,Fiber optic,No,Yes,Yes,No,Yes,Yes,Month-to-month,Yes,Bank transfer (automatic),323.25,Yes
3853-LYGAM,Male,No,No,No,17,95.65,Yes,Yes,Fiber optic,No,No,Yes,Yes,No,Yes,Month-to-month,Yes,Bank transfer (automatic),1640.0,No
6979-ZNSFF,Female,No,No,No,8,87.05,Yes,Yes,Fiber optic,No,No,No,No,Yes,No,Month-to-month,Yes,Electronic check,762.1,Yes
5751-USDBL,Male,No,Yes,Yes,46,81.0,Yes,No,DSL,Yes,No,Yes,Yes,Yes,Yes,Two year,No,Mailed check,3846.35,No
5680-LQOGP,Female,No,No,No,68,82.45,Yes,No,DSL,Yes,Yes,Yes,Yes,Yes,Yes,Two year,Yes,Credit card (automatic),5646.6,No
2386-LAHRK,Male,No,No,No,1,53.5,Yes,No,DSL,No,No,No,No,Yes,No,Month-to-month,Yes,Mailed check,53.5,Yes
8189-DUKMV,Female,No,Yes,No,4,20.5,Yes,No,No,No internet service,No internet service,No internet service,No internet service,No internet service,No internet service,One year,No,Bank transfer (automatic),79.05,No
6032-IGALN,Female,No,No,No,1,25.1,No,No phone service,DSL,No,No,No,No,No,No,Month-to-month,Yes,Mailed check,25.1,Yes
9931-DCEZH,Male,No,No,Yes,28,54.4,Yes,No,DSL,No,Yes,No,Yes,No,No,One year,Yes,Credit card (automatic),1516.6,No
1898-JSNDC,Female,No,No,No,39,58.6,Yes,No,DSL,No,Yes,No,No,Yes,No,One year,Yes,Credit card (automatic),2224.5,No
0315-LVCRK,Male,No,No,No,11,84.8,Yes,No,Fiber optic,No,No,Yes,No,No,Yes,Month-to-month,No,Electronic check,888.75,No
3911-RSNHI,Female,No,Yes,No,71,61.4,No,No phone service,DSL,No,Yes,Yes,Yes,Yes,Yes,Two year,Yes,Credit card (automatic),4310.35,No
2410-CIYFZ,Male,No,No,Yes,2,20.4,Yes,No,No,No internet service,No internet service,No internet service,No internet service,No internet service,No internet service,Month-to-month,No,Mailed check,42.9,No
4248-HCETZ,Male,Yes,Yes,No,30,79.65,Yes,No,Fiber optic,No,Yes,Yes,No,No,No,Month-to-month,Yes,Mailed check,2365.15,Yes
5505-OVWQW,Female,No,No,No,17,20.15,Yes,No,No,No internet service,No internet service,No internet service,No internet service,No internet service,No internet service,One year,No,Mailed check,353.65,No
7271-AJDTL,Female,No,Yes,No,55,94.45,Yes,Yes,Fiber optic,No,Yes,Yes,No,Yes,No,Month-to-month,Yes,Credit card (automatic),5073.1,No
1867-TJHTS,Female,No,No,No,58,79.8,Yes,Yes,Fiber optic,Yes,No,No,No,No,No,Month-to-month,Yes,Bank transfer (automatic),4526.85,No
0516-WJVXC,Female,No,No,No,5,54.2,Yes,No,DSL,Yes,No,No,Yes,No,No,Month-to-month,No,Electronic check,308.25,Yes
9174-FKWZE,Female,Yes,No,No,1,19.45,Yes,No,No,No internet service,No internet service,No internet service,No internet service,No internet service,No internet service,Month-to-month,Yes,Electronic check,19.45,Yes
6860-YRJZP,Male,Yes,No,No,9,74.05,Yes,Yes,Fiber optic,No,No,No,No,No,No,Month-to-month,Yes,Electronic check,678.45,No
4429-WYGFR,Male,No,No,No,26,49.15,Yes,No,DSL,No,No,No,Yes,No,No,Month-to-month,No,Bank transfer (automatic),1237.3,No
2817-LVCPP,Female,No,No,No,50,19.4,Yes,No,No,No internet service,No internet service,No internet service,No internet service,No internet service,No internet service,Two year,No,Credit card (automatic),1023.95,No
5038-ETMLM,Female,No,Yes,No,72,113.65,Yes,Yes,Fiber optic,Yes,Yes,Yes,Yes,Yes,Yes,Two year,Yes,Bank transfer (automatic),8182.75,No
5056-FIMPT,Female,No,No,Yes,43,106.0,Yes,No,Fiber optic,Yes,Yes,No,Yes,Yes,Yes,One year,Yes,Credit card (automatic),4532.3,No
4521-WFJAI,Male,No,No,No,56,25.95,Yes,Yes,No,No internet service,No internet service,No internet service,No internet service,No internet service,No internet service,Two year,Yes,Bank transfer (automatic),1444.05,No
6569-KTMDU,Female,No,No,No,1,19.1,Yes,No,No,No internet service,No internet service,No internet service,No internet service,No internet service,No internet service,Month-to-month,No,Mailed check,19.1,No
8809-RIHDD,Male,No,Yes,Yes,72,103.4,Yes,Yes,Fiber optic,No,Yes,Yes,No,Yes,Yes,Two year,Yes,Electronic check,7372.65,Yes
8809-XKHMD,Male,No,Yes,No,72,100.55,Yes,Yes,Fiber optic,Yes,Yes,No,Yes,No,Yes,Two year,Yes,Bank transfer (automatic),7325.1,No
0396-YCHWO,Male,No,Yes,No,36,95.4,Yes,Yes,Fiber optic,No,No,No,No,Yes,Yes,Month-to-month,Yes,Electronic check,3474.2,No
0867-LDTTC,Male,No,No,No,5,75.15,Yes,No,DSL,No,No,Yes,Yes,Yes,Yes,Month-to-month,No,Bank transfer (automatic),392.65,No
4822-NGOCH,Female,No,No,No,13,84.45,Yes,Yes,Fiber optic,No,Yes,Yes,No,No,No,Month-to-month,Yes,Electronic check,1058.6,Yes
9391-DXGGG,Female,Yes,No,No,44,89.15,Yes,No,Fiber optic,No,Yes,Yes,No,No,Yes,One year,No,Credit card (automatic),3990.75,No
9844-FELAJ,Female,Yes,Yes,Yes,70,107.9,Yes,Yes,Fiber optic,No,Yes,Yes,Yes,Yes,Yes,One year,Yes,Electronic check,7475.85,No
2122-SZZZD,Male,No,No,No,44,19.5,Yes,No,No,No internet service,No internet service,No internet service,No internet service,No internet service,No internet service,One year,No,Credit card (automatic),835.5,No
5307-DZCVC,Female,Yes,Yes,No,32,85.95,Yes,Yes,Fiber optic,No,No,No,No,Yes,No,Month-to-month,Yes,Credit card (automatic),2628.6,Yes
3148-AOIQT,Female,No,Yes,No,69,24.95,Yes,Yes,No,No internet service,No internet service,No internet service,No internet service,No internet service,No internet service,Two year,Yes,Credit card (automatic),1718.35,No
8679-JOEVF,Female,Yes,No,No,16,59.4,Yes,No,DSL,No,No,No,Yes,Yes,No,Month-to-month,No,Electronic check,1023.9,Yes
8395-ETZKQ,Male,Yes,Yes,Yes,68,19.5,Yes,No,No,No internet service,No internet service,No internet service,No internet service,No internet service,No internet service,One year,No,Bank transfer (automatic),1193.55,No
6692-YQHXC,Male,No,No,No,16,69.95,Yes,No,Fiber optic,No,No,No,No,No,No,Month-to-month,Yes,Credit card (automatic),1205.5,No
3889-VWBID,Male,No,Yes,Yes,68,82.85,Yes,No,DSL,Yes,Yes,No,Yes,Yes,Yes,Two year,No,Bank transfer (automatic),5776.45,No
5222-JCXZT,Male,No,No,No,4,19.0,Yes,No,No,No internet service,No internet service,No internet service,No internet service,No internet service,No internet service,Month-to-month,No,Mailed check,78.9,No
9754-CLVZW,Female,No,Yes,Yes,26,38.85,No,No phone service,DSL,Yes,Yes,No,Yes,No,No,Month-to-month,No,Credit card (automatic),1025.15,No
1432-FPAXX,Female,No,No,No,29,30.6,No,No phone service,DSL,No,Yes,No,No,No,No,Month-to-month,Yes,Electronic check,856.35,Yes
2739-CCZMB,Male,No,No,Yes,5,20.35,Yes,No,No,No internet service,No internet service,No internet service,No internet service,No internet service,No internet service,Month-to-month,No,Credit card (automatic),122.0,No
7080-TNUWP,Male,No,Yes,No,70,95.0,Yes,Yes,Fiber optic,No,Yes,Yes,No,Yes,No,One year,Yes,Bank transfer (automatic),6602.9,No
0496-AHOOK,Male,No,Yes,No,24,74.4,Yes,No,DSL,Yes,No,No,Yes,Yes,Yes,One year,No,Bank transfer (automatic),1712.9,No
8336-TAVKX,Female,Yes,Yes,No,72,78.45,Yes,Yes,DSL,Yes,Yes,Yes,Yes,No,Yes,Two year,No,Bank transfer (automatic),5682.25,No
2468-SJFLM,Male,No,No,No,1,74.3,Yes,No,Fiber optic,No,No,No,Yes,No,No,Month-to-month,Yes,Mailed check,74.3,No
3181-VTHOE,Male,No,Yes,No,70,51.05,No,No phone service,DSL,No,Yes,Yes,Yes,No,Yes,One year,Yes,Bank transfer (automatic),3635.15,No
7168-HDQHG,Female,No,Yes,Yes,36,19.2,Yes,No,No,No internet service,No internet service,No internet service,No internet service,No internet service,No internet service,Month-to-month,No,Bank transfer (automatic),702.9,No
4803-AXVYP,Female,Yes,No,No,38,99.55,Yes,Yes,Fiber optic,No,No,No,Yes,Yes,Yes,Month-to-month,Yes,Electronic check,3734.25,Yes
3884-HCSWG,Female,No,No,No,17,70.0,Yes,No,Fiber optic,No,No,No,No,No,No,Month-to-month,Yes,Electronic check,1144.5,Yes
4567-AKPIA,Female,No,Yes,Yes,41,109.1,Yes,Yes,Fiber optic,No,Yes,Yes,Yes,Yes,Yes,One year,Yes,Bank transfer (automatic),4454.25,No
5077-DXTCG,Female,No,No,No,1,45.3,Yes,No,DSL,No,No,No,No,No,No,Month-to-month,Yes,Electronic check,45.3,Yes
1142-WACZW,Male,No,No,No,2,29.85,No,No phone service,DSL,No,No,No,Yes,No,No,Month-to-month,No,Bank transfer (automatic),75.6,Yes
7901-HXJVA,Male,No,No,No,14,76.45,Yes,No,Fiber optic,No,No,Yes,No,No,No,Month-to-month,No,Electronic check,1117.55,No
5649-ANRML,Male,Yes,No,No,2,95.1,Yes,No,Fiber optic,No,Yes,Yes,Yes,No,Yes,Month-to-month,Yes,Credit card (automatic),180.25,Yes
4892-VLANZ,Male,No,No,No,1,19.8,Yes,No,No,No internet service,No internet service,No internet service,No internet service,No internet service,No internet service,Month-to-month,No,Mailed check,19.8,Yes
5924-IFQTT,Male,No,Yes,Yes,13,72.8,Yes,Yes,DSL,No,Yes,Yes,Yes,Yes,No,Month-to-month,Yes,Electronic check,930.05,No
7968-QUXNS,Male,No,No,No,6,18.95,Yes,No,No,No internet service,No internet service,No internet service,No internet service,No internet service,No internet service,Month-to-month,No,Mailed check,110.15,No
2919-HBCJO,Female,No,No,No,4,76.65,Yes,No,Fiber optic,No,Yes,No,No,No,No,Month-to-month,Yes,Bank transfer (automatic),333.6,Yes
4236-XPXAV,Female,No,Yes,Yes,5,99.15,Yes,No,Fiber optic,No,Yes,No,Yes,Yes,Yes,Month-to-month,Yes,Mailed check,465.05,Yes
8903-WMRNW,Female,No,Yes,No,15,101.75,Yes,No,Fiber optic,Yes,No,Yes,No,Yes,Yes,Month-to-month,No,Electronic check,1669.4,No
2452-SNHFZ,Female,No,No,No,47,75.45,Yes,No,Fiber optic,Yes,No,No,No,No,No,Month-to-month,No,Credit card (automatic),3545.1,No
3629-WEAAM,Female,No,No,No,8,64.1,Yes,No,DSL,No,No,Yes,Yes,No,Yes,Month-to-month,No,Mailed check,504.05,No
6029-CSMJE,Male,No,No,No,17,25.65,No,No phone service,DSL,No,No,No,No,No,No,Month-to-month,Yes,Mailed check,440.2,No
7993-NQLJE,Male,No,Yes,Yes,15,75.1,Yes,No,Fiber optic,Yes,No,No,No,No,No,Month-to-month,No,Mailed check,1151.55,No
9909-DFRJA,Female,No,No,No,26,95.85,Yes,No,Fiber optic,Yes,No,Yes,Yes,No,Yes,One year,Yes,Bank transfer (automatic),2475.35,No
9099-FTUHS,Female,No,No,No,23,54.4,Yes,Yes,DSL,Yes,No,No,No,No,No,Month-to-month,No,Electronic check,1249.25,No
0581-BXBUB,Female,Yes,No,No,4,72.75,Yes,No,Fiber optic,No,Yes,No,No,No,No,Month-to-month,No,Electronic check,317.75,No
4962-CHQPW,Male,No,No,Yes,29,19.85,Yes,No,No,No internet service,No internet service,No internet service,No internet service,No internet service,No internet service,One year,No,Mailed check,535.05,No
9467-ROOLM,Female,No,No,No,25,19.05,Yes,No,No,No internet service,No internet service,No internet service,No internet service,No internet service,No internet service,Month-to-month,No,Mailed check,461.3,No
3030-YZADT,Male,No,No,No,9,44.95,Yes,No,DSL,No,No,No,No,No,No,Month-to-month,No,Mailed check,431.0,Yes
7410-KTVFV,Male,No,Yes,No,18,49.55,Yes,No,DSL,No,No,Yes,No,No,No,Month-to-month,Yes,Mailed check,878.35,Yes
5150-ITWWB,Male,Yes,No,No,3,94.85,Yes,Yes,Fiber optic,No,No,No,No,Yes,Yes,Month-to-month,Yes,Electronic check,335.75,No
2253-KPMNB,Female,No,Yes,Yes,69,46.25,No,No phone service,DSL,Yes,Yes,Yes,Yes,No,No,Two year,No,Bank transfer (automatic),3121.4,No
1345-ZUKID,Male,No,No,No,14,19.35,Yes,No,No,No internet service,No internet service,No internet service,No internet service,No internet service,No internet service,One year,No,Mailed check,324.8,No
6429-SHBCB,Male,No,No,No,19,69.6,Yes,Yes,DSL,No,No,No,No,Yes,Yes,Month-to-month,No,Mailed check,1394.55,No
9281-OFDMF,Male,Yes,No,No,39,90.7,Yes,Yes,Fiber optic,No,Yes,No,No,No,Yes,Month-to-month,No,Electronic check,3413.25,No
2603-HVKCG,Male,No,No,No,31,101.4,Yes,No,Fiber optic,No,Yes,Yes,No,Yes,Yes,Month-to-month,Yes,Electronic check,3143.65,No
1834-WULEG,Male,No,Yes,Yes,24,20.25,Yes,No,No,No internet service,No internet service,No internet service,No internet service,No internet service,No internet service,One year,No,Mailed check,439.75,No
9097-ZUBYC,Male,No,Yes,No,14,48.8,Yes,No,DSL,No,No,No,Yes,No,No,Month-to-month,No,Bank transfer (automatic),664.4,No
5148-ORICT,Female,No,Yes,No,64,74.35,Yes,No,DSL,Yes,Yes,Yes,Yes,No,Yes,Two year,Yes,Mailed check,4759.55,No
4893-GYUJU,Female,No,No,No,50,19.35,Yes,No,No,No internet service,No internet service,No internet service,No internet service,No internet service,No internet service,One year,Yes,Mailed check,1033.0,No
4578-PHJYZ,Male,No,Yes,Yes,52,68.75,Yes,No,DSL,No,Yes,Yes,Yes,Yes,No,One year,Yes,Electronic check,3482.85,No
7272-QDCKA,Male,No,No,No,28,100.2,Yes,Yes,Fiber optic,No,Yes,No,No,Yes,Yes,One year,No,Electronic check,2688.45,No
8908-SLFCJ,Female,No,No,No,21,20.85,Yes,No,No,No internet service,No internet service,No internet service,No internet service,No internet service,No internet service,Two year,Yes,Credit card (automatic),435.25,No
8393-DLHGA,Male,No,No,Yes,25,95.9,Yes,No,Fiber optic,No,Yes,No,No,Yes,Yes,Month-to-month,Yes,Electronic check,2448.75,Yes
9766-HGEDE,Female,No,Yes,No,17,19.35,Yes,No,No,No internet service,No internet service,No internet service,No internet service,No internet service,No internet service,One year,No,Mailed check,307.0,No
6968-MHOMU,Male,No,Yes,No,58,45.0,No,No phone service,DSL,No,No,No,No,Yes,Yes,One year,Yes,Credit card (automatic),2689.35,No
7395-IGJOS,Male,Yes,Yes,No,17,81.5,Yes,No,Fiber optic,No,No,No,No,No,Yes,Month-to-month,No,Bank transfer (automatic),1329.2,Yes
5044-XDPYX,Female,No,Yes,No,51,25.5,Yes,Yes,No,No internet service,No internet service,No internet service,No internet service,No internet service,No internet service,Two year,No,Mailed check,1281.25,No
1814-WFGVS,Male,No,Yes,Yes,72,48.9,No,No phone service,DSL,Yes,No,Yes,Yes,Yes,No,Two year,No,Mailed check,3527.0,No
2834-SPCJV,Male,No,Yes,No,52,84.1,Yes,No,Fiber optic,Yes,No,No,No,Yes,No,Month-to-month,No,Electronic check,4348.65,Yes
3721-WKIIL,Female,No,No,No,27,19.6,Yes,No,No,No internet service,No internet service,No internet service,No internet service,No internet service,No internet service,Two year,Yes,Mailed check,561.15,No
6734-CKRSM,Female,No,No,No,3,20.0,Yes,No,No,No internet service,No internet service,No internet service,No internet service,No internet service,No internet service,Month-to-month,No,Mailed check,63.6,No
1265-ZFOSD,Female,No,Yes,No,64,81.3,Yes,Yes,DSL,Yes,Yes,Yes,Yes,No,Yes,Two year,Yes,Mailed check,5129.3,No
6568-POCUI,Female,No,Yes,No,45,95.2,Yes,No,Fiber optic,No,No,No,Yes,Yes,Yes,Two year,Yes,Credit card (automatic),4285.8,No
7890-VYYWG,Male,Yes,Yes,No,3,36.45,No,No phone service,DSL,No,No,No,No,Yes,No,Month-to-month,Yes,Mailed check,93.7,Yes
5197-LQXXH,Female,No,Yes,No,71,83.3,Yes,Yes,DSL,No,Yes,Yes,Yes,Yes,Yes,Two year,Yes,Credit card (automatic),5894.5,No
9907-SWKKF,Female,Yes,No,No,1,25.05,No,No phone service,DSL,No,No,No,No,No,No,Month-to-month,No,Mailed check,25.05,Yes
3457-PQBYH,Female,No,Yes,Yes,58,20.3,Yes,No,No,No internet service,No internet service,No internet service,No internet service,No internet service,No internet service,Two year,No,Credit card (automatic),1160.75,No
7682-AZNDK,Male,No,Yes,Yes,34,89.85,Yes,No,Fiber optic,No,Yes,Yes,No,Yes,No,Month-to-month,Yes,Electronic check,3091.75,No
0587-DMGBH,Female,No,No,No,8,49.85,Yes,No,DSL,Yes,No,No,No,No,No,Month-to-month,Yes,Electronic check,365.55,Yes
5384-ZTTWP,Female,No,Yes,Yes,15,19.8,Yes,No,No,No internet service,No internet service,No internet service,No internet service,No internet service,No internet service,Month-to-month,No,Mailed check,272.95,No
3745-HRPHI,Male,No,Yes,Yes,66,54.65,No,No phone service,DSL,No,No,Yes,Yes,Yes,Yes,Two year,No,Bank transfer (automatic),3632.0,No
7636-OWBPG,Male,Yes,No,No,12,29.35,No,No phone service,DSL,No,Yes,No,No,No,No,Month-to-month,Yes,Credit card (automatic),381.2,No
1231-YNDEK,Male,No,No,No,58,19.15,Yes,No,No,No internet service,No internet service,No internet service,No internet service,No internet service,No internet service,Two year,Yes,Bank transfer (automatic),1035.5,No
1407-DIGZV,Female,No,Yes,Yes,3,19.1,Yes,No,No,No internet service,No internet service,No internet service,No internet service,No internet service,No internet service,Two year,No,Mailed check,52.0,No
6397-JNZZG,Female,Yes,Yes,No,43,55.55,No,No phone service,DSL,No,Yes,Yes,No,Yes,Yes,Month-to-month,No,Credit card (automatic),2342.2,Yes
0570-BFQHT,Female,No,No,No,9,80.55,Yes,No,Fiber optic,No,Yes,Yes,No,No,No,Month-to-month,No,Electronic check,653.9,No
4393-OBCRR,Female,No,No,No,3,20.25,Yes,No,No,No internet service,No internet service,No internet service,No internet service,No internet service,No internet service,One year,No,Mailed check,71.2,No
3523-QRQLL,Female,No,Yes,Yes,22,69.5,Yes,No,DSL,No,Yes,No,No,Yes,Yes,One year,Yes,Bank transfer (automatic),1498.2,Yes
8564-LDKFL,Male,No,Yes,No,40,106.0,Yes,Yes,Fiber optic,No,Yes,Yes,No,Yes,Yes,One year,Yes,Bank transfer (automatic),4178.65,No
3696-DFHHB,Female,No,No,No,68,25.5,Yes,Yes,No,No internet service,No internet service,No internet service,No internet service,No internet service,No internet service,Two year,No,Bank transfer (automatic),1821.8,No
0895-DQHEW,Male,No,Yes,No,54,104.3,Yes,Yes,Fiber optic,No,Yes,Yes,No,Yes,Yes,Month-to-month,Yes,Electronic check,5278.15,Yes
4717-GHADL,Female,No,No,No,50,79.6,Yes,Yes,DSL,No,Yes,No,Yes,Yes,Yes,Two year,Yes,Mailed check,4024.2,No
5501-TVMGM,Male,No,No,No,1,55.25,Yes,No,DSL,No,No,No,No,No,Yes,Month-to-month,Yes,Electronic check,55.25,No
5879-HMFFH,Female,No,Yes,No,72,88.05,Yes,Yes,DSL,Yes,Yes,Yes,Yes,Yes,Yes,Two year,No,Bank transfer (automatic),6520.8,No
6772-WFQRD,Male,No,No,Yes,40,20.4,Yes,No,No,No internet service,No internet service,No internet service,No internet service,No internet service,No internet service,One year,Yes,Bank transfer (automatic),854.9,No
3810-DVDQQ,Female,No,Yes,Yes,72,117.6,Yes,Yes,Fiber optic,Yes,Yes,Yes,Yes,Yes,Yes,Two year,Yes,Bank transfer (automatic),8308.9,No
6972-SNKKW,Female,No,No,No,6,20.0,Yes,No,No,No internet service,No internet service,No internet service,No internet service,No internet service,No internet service,Month-to-month,No,Mailed check,109.2,No
3694-GLTJM,Female,No,No,No,5,19.65,Yes,No,No,No internet service,No internet service,No internet service,No internet service,No internet service,No internet service,Month-to-month,Yes,Credit card (automatic),92.05,No
8550-XSXUQ,Male,No,Yes,No,48,70.55,Yes,Yes,DSL,No,Yes,Yes,No,No,Yes,One year,Yes,Credit card (automatic),3420.5,No
8149-RSOUN,Female,No,No,No,1,93.85,Yes,Yes,Fiber optic,No,No,No,No,Yes,Yes,Month-to-month,Yes,Electronic check,93.85,Yes
9055-MOJJJ,Female,No,Yes,Yes,64,65.8,Yes,No,DSL,Yes,No,No,Yes,Yes,No,One year,No,Mailed check,4068.0,No
4359-INNWN,Female,No,No,No,17,20.05,Yes,No,No,No internet service,No internet service,No internet service,No internet service,No internet service,No internet service,One year,No,Credit card (automatic),337.9,No
0585-EGDDA,Male,No,Yes,No,40,80.0,Yes,No,Fiber optic,No,Yes,Yes,No,No,No,Month-to-month,Yes,Electronic check,3168.75,No
4032-RMHCI,Female,No,Yes,Yes,41,35.4,No,No phone service,DSL,Yes,No,Yes,No,No,No,One year,No,Credit card (automatic),1412.4,No
0549-CYCQN,Male,Yes,No,No,51,79.6,Yes,Yes,Fiber optic,No,Yes,No,No,No,No,One year,Yes,Bank transfer (automatic),3974.7,No
3481-JHUZH,Male,No,Yes,No,41,80.25,Yes,Yes,Fiber optic,No,Yes,No,No,No,No,Month-to-month,Yes,Electronic check,3439.0,No
7250-EQKIY,Female,No,Yes,Yes,1,50.45,Yes,No,DSL,No,No,Yes,No,No,No,Month-to-month,No,Mailed check,50.45,Yes
3594-IVHJZ,Female,No,No,No,2,20.45,Yes,No,No,No internet service,No internet service,No internet service,No internet service,No internet service,No internet service,Month-to-month,Yes,Mailed check,42.45,No
6869-FGJJC,Male,No,No,No,68,79.6,Yes,No,Fiber optic,No,Yes,Yes,No,No,No,One year,No,Credit card (automatic),5461.45,No
3896-ZVNET,Female,No,Yes,Yes,24,24.7,Yes,Yes,No,No internet service,No internet service,No internet service,No internet service,No internet service,No internet service,Two year,No,Mailed check,571.75,No
8205-VSLRB,Male,No,Yes,No,70,77.3,Yes,Yes,DSL,Yes,No,Yes,Yes,No,Yes,Two year,No,Credit card (automatic),5498.2,No
5960-MVTUK,Male,No,No,No,3,29.75,No,No phone service,DSL,No,No,No,Yes,No,No,Month-to-month,Yes,Electronic check,96.85,No
6817-WTYHE,Male,No,No,No,2,44.9,Yes,No,DSL,No,No,No,No,No,No,Month-to-month,No,Bank transfer (automatic),111.05,No
3082-VQXNH,Male,No,Yes,No,3,29.8,No,No phone service,DSL,No,Yes,No,No,No,No,Month-to-month,No,Credit card (automatic),94.4,No
4013-UBXWQ,Female,No,No,No,7,74.65,Yes,Yes,DSL,No,No,No,Yes,Yes,Yes,Month-to-month,Yes,Electronic check,521.1,Yes
4931-TRZWN,Female,No,No,No,13,71.95,Yes,No,DSL,Yes,No,No,No,Yes,Yes,Month-to-month,Yes,Electronic check,923.85,No
0750-EKNGL,Male,No,No,No,7,20.75,Yes,No,No,No internet service,No internet service,No internet service,No internet service,No internet service,No internet service,Month-to-month,No,Mailed check,141.1,No
7669-LCRSD,Male,No,Yes,Yes,12,56.3,Yes,No,DSL,No,No,No,No,Yes,No,Month-to-month,Yes,Mailed check,628.65,No
3567-PQTSO,Male,No,Yes,Yes,53,105.25,Yes,Yes,Fiber optic,No,Yes,Yes,No,Yes,Yes,One year,Yes,Electronic check,5576.3,No
5519-NPHVG,Female,No,No,No,12,94.2,Yes,Yes,Fiber optic,No,No,No,No,Yes,Yes,Month-to-month,Yes,Electronic check,1046.1,Yes
8043-PNYSD,Male,No,Yes,Yes,63,19.55,Yes,No,No,No internet service,No internet service,No internet service,No internet service,No internet service,No internet service,Two year,No,Mailed check,1245.6,No
9938-EKRGF,Female,No,No,No,15,84.45,Yes,No,DSL,Yes,Yes,Yes,Yes,Yes,Yes,Month-to-month,No,Mailed check,1287.85,No
2703-AMTUL,Male,No,Yes,Yes,36,53.65,Yes,No,DSL,Yes,Yes,No,No,No,No,One year,No,Mailed check,1939.35,No
0928-JMXNP,Male,Yes,Yes,No,4,29.9,No,No phone service,DSL,No,No,Yes,No,No,No,Month-to-month,Yes,Electronic check,118.25,No
8173-RXAYP,Female,No,Yes,Yes,24,19.7,Yes,No,No,No internet service,No internet service,No internet service,No internet service,No internet service,No internet service,Two year,No,Mailed check,452.55,No
4825-XJGDM,Female,No,No,No,61,43.7,No,No phone service,DSL,Yes,Yes,Yes,Yes,No,No,One year,No,Credit card (automatic),2696.55,No
5402-HTOTQ,Male,No,No,No,16,55.3,Yes,Yes,DSL,No,Yes,No,No,No,No,Month-to-month,No,Electronic check,875.35,No
6734-JDTTV,Male,No,Yes,Yes,65,19.85,Yes,No,No,No internet service,No internet service,No internet service,No internet service,No internet service,No internet service,Two year,Yes,Credit card (automatic),1267.05,No
7850-THJMU,Female,No,Yes,Yes,26,19.65,Yes,No,No,No internet service,No internet service,No internet service,No internet service,No internet service,No internet service,Two year,No,Credit card (automatic),494.9,No
3890-RTCMS,Male,No,No,No,16,49.45,Yes,No,DSL,No,No,No,Yes,No,No,Month-to-month,Yes,Mailed check,799.0,No
8849-GYOKR,Female,No,Yes,No,54,106.55,Yes,Yes,Fiber optic,Yes,Yes,No,No,Yes,Yes,One year,No,Bank transfer (automatic),5763.3,Yes
3148-BLQJT,Male,No,No,No,1,20.1,Yes,No,No,No internet service,No internet service,No internet service,No internet service,No internet service,No internet service,Month-to-month,No,Mailed check,20.1,Yes
3717-FDJFU,Male,No,No,Yes,5,20.45,Yes,No,No,No internet service,No internet service,No internet service,No internet service,No internet service,No internet service,Two year,No,Mailed check,106.9,No
3665-JATSN,Female,No,No,No,19,39.7,No,No phone service,DSL,No,Yes,No,No,No,Yes,Month-to-month,Yes,Electronic check,710.05,No
7966-YOTQW,Male,No,No,No,10,54.5,Yes,Yes,DSL,Yes,No,No,No,No,No,Month-to-month,Yes,Credit card (automatic),568.2,No
0461-CVKMU,Female,No,Yes,Yes,23,83.8,Yes,No,Fiber optic,No,Yes,Yes,Yes,No,No,Month-to-month,No,Electronic check,1900.25,Yes
8806-EAGWC,Male,No,No,No,3,55.15,Yes,No,DSL,No,No,No,No,Yes,No,Month-to-month,No,Mailed check,159.15,Yes
8853-TZDGH,Female,No,No,No,72,111.6,Yes,Yes,Fiber optic,No,Yes,Yes,Yes,Yes,Yes,Two year,Yes,Bank transfer (automatic),8012.75,No
7779-LGOVN,Male,Yes,Yes,No,10,86.65,Yes,Yes,Fiber optic,No,No,No,No,No,Yes,Month-to-month,Yes,Electronic check,856.65,Yes
4324-BZCKL,Female,No,Yes,Yes,10,55.55,Yes,No,DSL,No,Yes,Yes,No,No,No,Month-to-month,Yes,Mailed check,551.3,No
6924-TDGMT,Male,No,Yes,No,11,20.55,Yes,No,No,No internet service,No internet service,No internet service,No internet service,No internet service,No internet service,One year,Yes,Mailed check,184.95,No
9710-ZUSHQ,Female,Yes,No,No,37,106.75,Yes,Yes,Fiber optic,Yes,Yes,No,No,Yes,Yes,Month-to-month,Yes,Bank transfer (automatic),4056.75,Yes
1536-YHDOE,Male,No,Yes,Yes,17,62.1,Yes,Yes,DSL,Yes,No,No,Yes,No,No,One year,Yes,Mailed check,1096.65,No
8123-QBNAZ,Female,No,Yes,Yes,36,104.5,Yes,Yes,Fiber optic,Yes,No,Yes,No,Yes,Yes,Month-to-month,Yes,Credit card (automatic),3684.95,No
3629-ZNKXA,Male,Yes,No,No,17,101.8,Yes,No,Fiber optic,No,Yes,Yes,No,Yes,Yes,Month-to-month,Yes,Electronic check,1752.45,No
4827-LTQRJ,Female,Yes,Yes,Yes,66,110.6,Yes,Yes,Fiber optic,Yes,Yes,No,Yes,Yes,Yes,One year,Yes,Credit card (automatic),7210.85,No
7711-YIJWC,Male,No,Yes,Yes,61,84.9,Yes,No,DSL,Yes,Yes,Yes,Yes,Yes,Yes,One year,No,Bank transfer (automatic),5264.5,No
5482-VXSXJ,Male,No,No,No,22,93.2,Yes,No,Fiber optic,No,Yes,No,No,Yes,Yes,Month-to-month,Yes,Mailed check,2157.3,No
7365-BVCJH,Male,No,No,No,1,24.4,No,No phone service,DSL,No,No,No,No,No,No,Month-to-month,Yes,Electronic check,24.4,No
9620-ENEJV,Female,No,No,No,6,70.55,Yes,No,Fiber optic,No,No,No,No,No,No,Month-to-month,No,Credit card (automatic),433.95,No
4183-WCSEP,Male,No,No,No,31,78.45,Yes,No,Fiber optic,No,Yes,No,Yes,No,No,Month-to-month,Yes,Electronic check,2435.15,Yes
2378-YIZKA,Female,No,Yes,Yes,68,85.0,Yes,No,DSL,Yes,Yes,Yes,Yes,Yes,Yes,Two year,Yes,Credit card (automatic),5607.75,No
5498-TXHLF,Female,No,Yes,Yes,34,87.45,Yes,Yes,Fiber optic,No,No,Yes,No,Yes,No,Month-to-month,No,Electronic check,2874.15,Yes
0689-DSXGL,Female,No,Yes,Yes,52,85.8,Yes,No,Fiber optic,No,Yes,Yes,Yes,No,No,Month-to-month,No,Bank transfer (automatic),4433.3,No
6818-DJXAA,Female,No,No,Yes,10,91.1,Yes,No,Fiber optic,No,No,Yes,Yes,Yes,No,Month-to-month,Yes,Electronic check,964.35,No
9722-UJOJR,Male,No,Yes,Yes,29,70.75,Yes,No,Fiber optic,No,No,No,No,No,No,Month-to-month,Yes,Electronic check,1974.8,Yes
0464-WJTKO,Female,No,Yes,Yes,72,20.1,Yes,No,No,No internet service,No internet service,No internet service,No internet service,No internet service,No internet service,Two year,No,Bank transfer (automatic),1460.85,No
8902-ZEOVF,Male,No,Yes,Yes,47,20.05,Yes,No,No,No internet service,No internet service,No internet service,No internet service,No internet service,No internet service,One year,No,Mailed check,951.55,No
6778-EICRF,Male,No,Yes,Yes,24,74.8,Yes,Yes,DSL,Yes,No,No,No,Yes,Yes,One year,No,Mailed check,1821.2,No
2662-NNTDK,Male,No,No,No,65,24.8,Yes,Yes,No,No internet service,No internet service,No internet service,No internet service,No internet service,No internet service,One year,No,Credit card (automatic),1600.95,No
4132-KALRO,Female,No,No,No,4,100.85,Yes,Yes,Fiber optic,No,No,No,Yes,Yes,Yes,Month-to-month,Yes,Mailed check,399.25,No
3902-FOIGH,Male,Yes,Yes,No,12,101.35,Yes,Yes,Fiber optic,No,Yes,No,No,Yes,Yes,Month-to-month,Yes,Electronic check,1218.55,Yes
6772-KSATR,Male,No,No,No,1,81.7,Yes,Yes,Fiber optic,Yes,No,No,No,No,No,Month-to-month,Yes,Electronic check,81.7,Yes
7112-OPOTK,Male,No,No,No,33,68.25,Yes,No,Fiber optic,No,No,No,No,No,No,Month-to-month,No,Electronic check,2171.15,Yes
2874-YXVVA,Female,No,No,No,34,105.1,Yes,No,Fiber optic,No,Yes,Yes,Yes,Yes,Yes,Month-to-month,Yes,Electronic check,3634.8,No
1245-HARPS,Female,No,Yes,No,14,20.4,Yes,No,No,No internet service,No internet service,No internet service,No internet service,No internet service,No internet service,Two year,No,Mailed check,292.4,No
4210-QFJMF,Female,No,No,No,4,79.15,Yes,No,Fiber optic,No,No,No,No,No,Yes,Month-to-month,Yes,Electronic check,317.25,Yes
4323-ELYYB,Male,No,Yes,Yes,13,20.0,Yes,No,No,No internet service,No internet service,No internet service,No internet service,No internet service,No internet service,One year,No,Mailed check,218.55,No
4293-ETKAP,Female,No,Yes,Yes,65,79.4,Yes,Yes,DSL,No,Yes,No,Yes,Yes,Yes,Two year,Yes,Bank transfer (automatic),5071.9,No
6064-PUPMC,Male,No,Yes,Yes,23,57.2,Yes,No,DSL,Yes,No,No,Yes,No,No,One year,No,Credit card (automatic),1423.35,No
6504-VBLFL,Male,No,Yes,No,55,58.6,Yes,No,DSL,Yes,Yes,Yes,No,No,No,Two year,No,Electronic check,3068.6,No
6322-PJJDJ,Male,No,Yes,No,49,94.8,Yes,No,Fiber optic,No,Yes,No,No,Yes,Yes,Two year,Yes,Electronic check,4690.65,No
0330-BGYZE,Male,No,Yes,No,60,102.5,Yes,Yes,Fiber optic,No,Yes,Yes,No,Yes,Yes,One year,No,Bank transfer (automatic),6157.6,No
1085-LDWAM,Female,No,Yes,Yes,69,20.35,Yes,No,No,No internet service,No internet service,No internet service,No internet service,No internet service,No internet service,One year,Yes,Credit card (automatic),1442.65,No
7586-ZATGZ,Male,No,No,No,40,84.9,Yes,Yes,Fiber optic,No,No,No,No,Yes,No,Month-to-month,Yes,Electronic check,3369.05,No
7197-VOJMM,Male,No,Yes,No,67,69.2,Yes,No,DSL,Yes,Yes,No,Yes,No,Yes,Two year,Yes,Credit card (automatic),4671.65,No
3318-OSATS,Male,Yes,No,No,35,95.45,Yes,Yes,Fiber optic,No,No,No,No,Yes,Yes,Month-to-month,Yes,Electronic check,3474.05,Yes
5828-AVIPD,Male,No,Yes,Yes,19,100.95,Yes,Yes,Fiber optic,No,No,No,Yes,Yes,Yes,One year,Yes,Electronic check,1875.55,Yes
1843-TLSGD,Female,No,Yes,Yes,13,20.85,Yes,No,No,No internet service,No internet service,No internet service,No internet service,No internet service,No internet service,Two year,No,Mailed check,272.35,No
9626-VFRGG,Female,No,No,Yes,41,88.5,Yes,Yes,Fiber optic,No,Yes,No,No,Yes,No,Month-to-month,Yes,Bank transfer (automatic),3645.05,No
7075-BNDVQ,Female,No,No,No,4,35.0,No,No phone service,DSL,Yes,No,Yes,No,No,No,Month-to-month,No,Mailed check,135.75,No
9143-CANJF,Female,No,Yes,Yes,24,55.15,Yes,No,DSL,Yes,No,No,Yes,No,No,Month-to-month,No,Electronic check,1319.85,No
7284-BUYEC,Female,No,No,No,5,50.95,No,No phone service,DSL,No,Yes,No,No,Yes,Yes,Month-to-month,Yes,Credit card (automatic),229.4,No
2041-JIJCI,Female,No,No,No,5,64.0,Yes,Yes,DSL,No,Yes,No,No,No,Yes,Month-to-month,Yes,Electronic check,370.25,No
1086-LXKFY,Female,No,Yes,Yes,1,69.1,Yes,No,Fiber optic,No,No,No,No,No,No,Month-to-month,Yes,Mailed check,69.1,Yes
4900-MSOMT,Female,No,Yes,Yes,72,80.2,Yes,Yes,DSL,Yes,Yes,Yes,Yes,Yes,No,Two year,No,Bank transfer (automatic),5714.2,No
2229-VWQJH,Female,No,No,No,24,49.3,Yes,No,DSL,No,No,Yes,No,No,No,Month-to-month,Yes,Credit card (automatic),1233.25,No
9194-GFVOI,Female,No,Yes,No,42,84.35,Yes,Yes,DSL,Yes,No,Yes,Yes,Yes,Yes,Two year,No,Credit card (automatic),3571.6,No
1336-EZFZY,Female,No,No,No,4,20.05,Yes,No,No,No internet service,No internet service,No internet service,No internet service,No internet service,No internet service,Month-to-month,No,Mailed check,83.3,No
4282-MSACW,Male,No,No,No,68,117.2,Yes,Yes,Fiber optic,Yes,Yes,Yes,Yes,Yes,Yes,One year,Yes,Credit card (automatic),8035.95,No
1403-LKLIK,Female,No,Yes,Yes,33,20.1,Yes,No,No,No internet service,No internet service,No internet service,No internet service,No internet service,No internet service,One year,No,Mailed check,579.4,No
2636-ALXXZ,Female,Yes,No,No,1,69.6,Yes,No,Fiber optic,No,No,No,No,No,No,Month-to-month,Yes,Electronic check,69.6,Yes
7774-OJSXI,Male,No,No,No,31,103.45,Yes,Yes,Fiber optic,No,Yes,Yes,No,Yes,Yes,One year,Yes,Electronic check,3066.45,Yes
7786-WBJYI,Female,No,No,No,4,77.95,Yes,Yes,Fiber optic,No,Yes,No,No,No,No,Month-to-month,No,Bank transfer (automatic),305.55,Yes
0136-IFMYD,Male,Yes,Yes,No,69,109.95,Yes,Yes,Fiber optic,No,Yes,Yes,Yes,Yes,Yes,Two year,Yes,Electronic check,7634.25,No
5144-TVGLP,Male,Yes,No,No,38,94.75,Yes,Yes,Fiber optic,No,No,No,No,Yes,Yes,Month-to-month,No,Electronic check,3653.0,No
9643-AVVWI,Female,No,Yes,Yes,3,80.0,Yes,No,Fiber optic,No,Yes,No,Yes,No,No,Month-to-month,Yes,Electronic check,241.3,No
0253-ZTEOB,Female,No,Yes,Yes,48,79.65,Yes,Yes,DSL,No,Yes,No,Yes,Yes,Yes,Two year,No,Electronic check,3870.3,No
2706-QZIHY,Female,No,Yes,No,15,25.2,Yes,Yes,No,No internet service,No internet service,No internet service,No internet service,No internet service,No internet service,Two year,No,Mailed check,387.9,No
6061-PQHMK,Female,No,No,No,25,19.9,Yes,No,No,No internet service,No internet service,No internet service,No internet service,No internet service,No internet service,One year,No,Credit card (automatic),527.5,No
9885-CSMWE,Female,Yes,No,No,1,78.45,Yes,No,Fiber optic,No,No,No,No,Yes,No,Month-to-month,No,Electronic check,78.45,Yes
6137-MFAJN,Female,No,No,No,48,44.8,No,No phone service,DSL,Yes,Yes,No,No,Yes,No,Month-to-month,Yes,Electronic check,2104.55,No
9122-UMROB,Male,No,No,No,1,20.3,Yes,No,No,No internet service,No internet service,No internet service,No internet service,No internet service,No internet service,Month-to-month,No,Mailed check,20.3,No
4232-JGKIY,Male,No,No,No,1,19.2,Yes,No,No,No internet service,No internet service,No internet service,No internet service,No internet service,No internet service,Month-to-month,No,Electronic check,19.2,No
2402-TAIRZ,Female,No,No,No,37,80.05,Yes,No,Fiber optic,No,Yes,Yes,No,No,No,One year,No,Electronic check,3019.1,No
9659-ZTWSM,Male,Yes,Yes,No,66,107.35,Yes,Yes,Fiber optic,No,Yes,Yes,Yes,Yes,Yes,One year,Yes,Bank transfer (automatic),7051.95,No
9139-TWBAS,Female,No,Yes,No,26,47.85,No,No phone service,DSL,Yes,Yes,Yes,No,Yes,No,One year,No,Bank transfer (automatic),1190.5,No
6685-GBWJZ,Male,No,Yes,No,63,70.8,Yes,No,DSL,Yes,Yes,No,Yes,Yes,No,One year,No,Credit card (automatic),4448.8,No
5016-ETTFF,Male,No,No,No,10,29.5,No,No phone service,DSL,No,No,Yes,No,No,No,Month-to-month,No,Mailed check,255.25,Yes
3866-MDTUB,Female,No,No,No,2,70.75,Yes,No,DSL,Yes,No,No,No,Yes,Yes,Month-to-month,Yes,Electronic check,146.9,Yes
2195-VVRJF,Male,Yes,Yes,No,18,59.1,Yes,No,DSL,Yes,No,No,No,No,Yes,Month-to-month,Yes,Credit card (automatic),1011.05,No
3913-RDSJZ,Female,No,Yes,No,64,25.55,Yes,Yes,No,No internet service,No internet service,No internet service,No internet service,No internet service,No internet service,Two year,No,Mailed check,1714.95,No
8058-JMEQO,Female,Yes,No,No,9,84.45,Yes,Yes,Fiber optic,No,No,No,No,No,Yes,Month-to-month,Yes,Electronic check,762.5,Yes
4203-QGNZA,Female,No,No,Yes,28,20.25,Yes,No,No,No internet service,No internet service,No internet service,No internet service,No internet service,No internet service,Month-to-month,No,Mailed check,535.35,No
5043-TRZWM,Female,No,No,No,1,75.55,Yes,No,Fiber optic,No,No,Yes,No,No,No,Month-to-month,No,Electronic check,75.55,No
0697-ZMSWS,Male,No,No,No,4,85.65,Yes,Yes,Fiber optic,No,No,No,No,No,Yes,Month-to-month,Yes,Electronic check,338.9,Yes
7657-DYEPJ,Male,Yes,No,No,38,70.15,Yes,No,DSL,No,Yes,Yes,Yes,Yes,No,One year,Yes,Credit card (automatic),2497.35,Yes
9494-BDNNC,Male,No,Yes,No,66,95.3,Yes,Yes,Fiber optic,No,Yes,Yes,No,No,Yes,One year,No,Electronic check,6273.4,No
1640-PLFMP,Female,No,No,No,1,70.25,Yes,No,Fiber optic,No,No,No,No,No,No,Month-to-month,Yes,Electronic check,70.25,No
5366-OBVMR,Female,No,Yes,No,18,50.3,Yes,No,DSL,No,No,No,Yes,No,No,Month-to-month,Yes,Mailed check,908.75,No
8276-MQBYC,Male,Yes,No,No,51,97.8,Yes,Yes,Fiber optic,No,No,Yes,No,Yes,Yes,Month-to-month,Yes,Electronic check,4913.3,Yes
7644-OMVMY,Male,No,Yes,Yes,0,19.85,Yes,No,No,No internet service,No internet service,No internet service,No internet service,No internet service,No internet service,Two year,No,Mailed check,,No
7593-XFKDI,Male,No,No,No,1,46.3,Yes,No,DSL,No,No,No,No,No,No,Month-to-month,No,Mailed check,46.3,Yes
4573-JKNAE,Male,No,No,Yes,12,19.35,Yes,No,No,No internet service,No internet service,No internet service,No internet service,No internet service,No internet service,Two year,No,Bank transfer (automatic),212.3,No
0337-CNPZE,Female,No,No,No,41,106.3,Yes,Yes,Fiber optic,No,Yes,Yes,No,Yes,Yes,Month-to-month,Yes,Electronic check,4443.45,Yes
9817-APLHW,Male,No,No,No,12,25.0,Yes,Yes,No,No internet service,No internet service,No internet service,No internet service,No internet service,No internet service,Month-to-month,No,Electronic check,316.2,No
8380-MQINP,Female,No,Yes,Yes,55,20.3,Yes,No,No,No internet service,No internet service,No internet service,No internet service,No internet service,No internet service,Two year,No,Mailed check,1079.05,No
0840-DFEZH,Female,No,No,No,7,75.35,Yes,Yes,Fiber optic,No,No,No,No,No,No,Month-to-month,Yes,Electronic check,564.65,No
1513-XNPPH,Female,No,No,No,12,89.4,Yes,No,Fiber optic,No,No,Yes,Yes,No,Yes,Month-to-month,Yes,Electronic check,1095.65,Yes
8690-ZVLCL,Female,No,Yes,Yes,68,88.0,Yes,Yes,DSL,Yes,Yes,Yes,Yes,Yes,Yes,Two year,No,Credit card (automatic),6161.9,No
6015-VVHHE,Female,Yes,No,No,5,83.15,Yes,Yes,Fiber optic,No,No,No,No,Yes,No,Month-to-month,Yes,Credit card (automatic),446.05,Yes
1125-SNVCK,Female,Yes,No,No,49,43.8,Yes,No,DSL,No,No,No,No,No,No,Month-to-month,No,Mailed check,2106.05,No
0384-LPITE,Male,No,No,No,40,62.05,No,No phone service,DSL,Yes,Yes,Yes,No,Yes,Yes,One year,No,Credit card (automatic),2511.55,No
4616-EWBNJ,Female,No,No,No,16,20.1,Yes,No,No,No internet service,No internet service,No internet service,No internet service,No internet service,No internet service,One year,No,Bank transfer (automatic),318.6,No
6347-DCUIK,Male,No,No,No,10,74.15,Yes,Yes,Fiber optic,No,No,No,No,No,No,Month-to-month,Yes,Mailed check,811.8,Yes
1335-HQMKX,Female,No,Yes,No,72,101.35,Yes,Yes,Fiber optic,No,Yes,Yes,No,Yes,Yes,One year,Yes,Electronic check,7323.15,No
2545-EBUPK,Female,Yes,No,No,2,84.05,Yes,Yes,Fiber optic,No,No,No,No,No,Yes,Month-to-month,Yes,Electronic check,186.05,No
6923-AQONU,Male,No,Yes,Yes,23,20.9,Yes,No,No,No internet service,No internet service,No internet service,No internet service,No internet service,No internet service,Two year,No,Mailed check,454.0,No
2172-EJXVF,Female,Yes,No,No,71,105.9,Yes,Yes,Fiber optic,No,Yes,Yes,No,Yes,Yes,One year,Yes,Electronic check,7521.95,No
0897-FEGMU,Female,No,Yes,No,11,99.5,Yes,Yes,Fiber optic,No,No,Yes,No,Yes,Yes,Month-to-month,Yes,Electronic check,1056.95,Yes
7663-RGWBC,Male,No,No,No,1,44.15,Yes,No,DSL,No,No,No,No,No,No,Month-to-month,Yes,Mailed check,44.15,Yes
1120-BMWUB,Female,No,No,No,16,53.9,Yes,No,DSL,No,Yes,No,Yes,No,No,Month-to-month,Yes,Mailed check,834.15,Yes
9124-LHCJQ,Female,No,No,No,1,85.45,Yes,Yes,Fiber optic,No,No,No,No,No,Yes,Month-to-month,Yes,Mailed check,85.45,Yes
4536-PLEQY,Male,No,Yes,No,12,85.05,Yes,No,Fiber optic,No,Yes,No,No,No,Yes,Month-to-month,Yes,Credit card (automatic),999.8,No
7029-IJEJK,Female,No,No,No,54,44.1,No,No phone service,DSL,Yes,No,No,Yes,No,Yes,One year,No,Bank transfer (automatic),2369.7,No
8871-JLMHM,Female,No,Yes,No,68,90.2,Yes,Yes,Fiber optic,No,Yes,Yes,Yes,No,No,Two year,No,Credit card (automatic),6297.65,No
2235-ZGKPT,Female,No,Yes,Yes,4,50.85,Yes,Yes,DSL,No,No,No,No,No,No,Month-to-month,No,Mailed check,239.55,Yes
3891-PUQOD,Female,No,No,Yes,1,59.2,Yes,No,DSL,No,No,Yes,No,No,Yes,Month-to-month,No,Electronic check,59.2,Yes
5447-VYTKW,Male,No,No,No,27,53.45,Yes,No,DSL,Yes,No,No,Yes,No,No,Month-to-month,No,Mailed check,1461.45,No
3623-FQBOX,Male,No,No,No,21,19.95,Yes,No,No,No internet service,No internet service,No internet service,No internet service,No internet service,No internet service,Month-to-month,Yes,Mailed check,416.4,No
0689-NKYLF,Male,No,No,No,13,83.2,Yes,No,Fiber optic,No,No,Yes,No,Yes,No,Month-to-month,Yes,Electronic check,1060.6,Yes
8659-HDIYE,Female,Yes,No,No,64,74.65,Yes,Yes,DSL,No,Yes,Yes,Yes,No,Yes,Month-to-month,No,Credit card (automatic),4869.35,No
3658-KIBGF,Female,No,No,No,1,54.9,Yes,No,DSL,Yes,Yes,No,No,No,No,Month-to-month,Yes,Electronic check,54.9,Yes
3474-BAFSJ,Male,No,Yes,No,57,57.5,No,No phone service,DSL,No,Yes,Yes,Yes,Yes,Yes,Two year,Yes,Bank transfer (automatic),3265.95,No
5519-YLDGW,Female,No,Yes,No,21,103.9,Yes,Yes,Fiber optic,Yes,No,Yes,No,Yes,Yes,Month-to-month,Yes,Electronic check,2254.2,Yes
3865-ZFZIB,Male,No,No,No,19,19.65,Yes,No,No,No internet service,No internet service,No internet service,No internet service,No internet service,No internet service,Two year,No,Mailed check,358.15,No
1855-AGAWH,Male,No,Yes,No,31,93.8,Yes,No,Fiber optic,No,No,Yes,No,Yes,Yes,One year,Yes,Electronic check,2939.8,No
7109-CQYUZ,Male,No,No,No,52,89.25,Yes,Yes,DSL,Yes,Yes,Yes,Yes,Yes,Yes,Two year,Yes,Mailed check,4652.4,No
1370-GGAWX,Female,No,No,No,46,94.15,Yes,Yes,Fiber optic,No,Yes,Yes,No,No,Yes,One year,Yes,Electronic check,4408.45,No
4680-KUTAJ,Female,Yes,No,No,11,55.6,Yes,Yes,DSL,Yes,No,No,No,No,No,Month-to-month,Yes,Electronic check,580.8,No
5307-UVGNB,Female,No,Yes,Yes,53,48.7,No,No phone service,DSL,Yes,Yes,Yes,No,No,Yes,Month-to-month,Yes,Bank transfer (automatic),2495.2,No
4946-EDSEW,Female,No,Yes,Yes,11,19.25,Yes,No,No,No internet service,No internet service,No internet service,No internet service,No internet service,No internet service,Month-to-month,Yes,Mailed check,180.3,Yes
2883-ILGWO,Male,Yes,No,No,57,104.9,Yes,Yes,Fiber optic,No,Yes,No,Yes,Yes,Yes,Month-to-month,Yes,Bank transfer (automatic),5913.95,No
2516-VQRRV,Female,Yes,No,No,2,75.45,Yes,Yes,Fiber optic,No,No,No,No,No,No,Month-to-month,Yes,Mailed check,158.4,Yes
7580-UGXNC,Female,Yes,No,No,2,54.85,Yes,No,DSL,Yes,Yes,No,No,No,No,Month-to-month,No,Mailed check,104.2,Yes
3642-BYHDO,Female,No,Yes,Yes,71,19.9,Yes,No,No,No internet service,No internet service,No internet service,No internet service,No internet service,No internet service,Two year,No,Bank transfer (automatic),1389.35,No
9629-NHXFW,Female,No,Yes,Yes,1,19.4,Yes,No,No,No internet service,No internet service,No internet service,No internet service,No internet service,No internet service,Month-to-month,Yes,Mailed check,19.4,No
2696-RZVZW,Male,No,Yes,No,68,25.05,Yes,Yes,No,No internet service,No internet service,No internet service,No internet service,No internet service,No internet service,Two year,No,Credit card (automatic),1629.2,No
5766-FTRTS,Male,No,Yes,No,72,84.45,Yes,No,DSL,Yes,Yes,Yes,Yes,Yes,Yes,Two year,No,Mailed check,6033.1,No
0396-HUJBP,Female,No,No,No,2,19.3,Yes,No,No,No internet service,No internet service,No internet service,No internet service,No internet service,No internet service,Month-to-month,No,Mailed check,44.4,No
5178-LMXOP,Male,Yes,Yes,No,1,95.1,Yes,Yes,Fiber optic,No,No,No,No,Yes,Yes,Month-to-month,Yes,Electronic check,95.1,Yes
8879-ZKJOF,Female,No,No,No,41,79.85,Yes,No,DSL,Yes,No,Yes,Yes,Yes,Yes,One year,Yes,Bank transfer (automatic),3320.75,No
6285-FTQBF,Male,No,Yes,Yes,72,25.55,Yes,Yes,No,No internet service,No internet service,No internet service,No internet service,No internet service,No internet service,Two year,No,Credit card (automatic),1867.7,No
8185-UPYBR,Male,No,Yes,No,6,75.5,Yes,Yes,Fiber optic,No,No,No,No,No,No,Month-to-month,Yes,Electronic check,438.0,Yes
4585-HETAI,Female,No,Yes,Yes,4,73.75,Yes,No,Fiber optic,No,No,Yes,No,No,No,Month-to-month,Yes,Electronic check,325.45,Yes
7526-BEZQB,Male,No,No,No,12,96.05,Yes,Yes,Fiber optic,No,No,No,No,Yes,Yes,Month-to-month,Yes,Electronic check,1148.1,Yes
1474-JUWSM,Female,No,Yes,No,58,68.4,Yes,Yes,DSL,Yes,No,No,Yes,No,Yes,One year,Yes,Electronic check,3972.25,No
3530-CRZSB,Female,No,No,No,7,20.65,Yes,No,No,No internet service,No internet service,No internet service,No internet service,No internet service,No internet service,Month-to-month,No,Mailed check,155.9,No
8498-XXGWA,Female,No,Yes,No,65,55.15,Yes,No,DSL,Yes,No,Yes,No,No,No,Month-to-month,Yes,Mailed check,3673.15,No
9617-INGJY,Male,No,No,No,1,70.6,Yes,No,Fiber optic,No,No,No,No,No,No,Month-to-month,Yes,Mailed check,70.6,No
0621-TSSMU,Male,No,Yes,No,56,19.95,Yes,No,No,No internet service,No internet service,No internet service,No internet service,No internet service,No internet service,One year,No,Credit card (automatic),1126.75,No
7234-KMNRQ,Male,No,No,No,4,19.0,Yes,No,No,No internet service,No internet service,No internet service,No internet service,No internet service,No internet service,Month-to-month,No,Mailed check,73.45,No
7636-PEPNS,Female,No,Yes,Yes,58,44.1,Yes,No,DSL,No,No,No,No,No,No,One year,Yes,Mailed check,2413.05,No
4683-WYDOU,Male,No,Yes,No,62,107.6,Yes,Yes,Fiber optic,No,No,Yes,Yes,Yes,Yes,Two year,Yes,Bank transfer (automatic),6912.7,No
9052-DHNKM,Male,No,No,No,26,61.55,Yes,Yes,DSL,Yes,Yes,No,No,No,No,One year,No,Electronic check,1581.95,No
6794-HKIAJ,Male,No,No,No,62,90.7,Yes,Yes,Fiber optic,Yes,Yes,Yes,No,No,No,Month-to-month,No,Bank transfer (automatic),5586.45,No
5578-NKCXI,Female,No,Yes,Yes,58,99.25,Yes,No,Fiber optic,Yes,Yes,No,No,Yes,Yes,One year,No,Credit card (automatic),5846.65,No
1642-HMARX,Female,No,Yes,No,68,91.7,Yes,Yes,DSL,Yes,Yes,Yes,Yes,Yes,Yes,Two year,Yes,Electronic check,6424.7,No
3096-WPXBT,Female,No,Yes,Yes,61,100.7,Yes,Yes,Fiber optic,Yes,Yes,Yes,No,No,Yes,One year,Yes,Credit card (automatic),6018.65,No
8434-PNQZX,Female,No,No,No,42,78.45,Yes,Yes,DSL,No,No,Yes,Yes,Yes,Yes,Two year,Yes,Credit card (automatic),3373.4,No
5950-AAAGJ,Male,No,No,No,18,84.3,Yes,Yes,Fiber optic,No,No,No,No,Yes,No,Month-to-month,No,Bank transfer (automatic),1537.9,No
4299-OPXEJ,Female,No,No,No,56,19.55,Yes,No,No,No internet service,No internet service,No internet service,No internet service,No internet service,No internet service,Two year,Yes,Bank transfer (automatic),1080.55,No
4951-UKAAQ,Female,No,No,No,4,88.95,Yes,Yes,Fiber optic,No,Yes,No,No,No,Yes,Month-to-month,Yes,Electronic check,355.2,Yes
9618-LFJRU,Female,No,No,No,4,20.45,Yes,No,No,No internet service,No internet service,No internet service,No internet service,No internet service,No internet service,Month-to-month,No,Credit card (automatic),82.85,No
6693-DJWTY,Female,No,No,Yes,35,55.6,Yes,No,DSL,Yes,Yes,No,No,No,No,One year,No,Credit card (automatic),2016.45,No
0744-GKNGE,Female,No,Yes,Yes,64,86.8,Yes,Yes,Fiber optic,Yes,No,No,Yes,No,No,Month-to-month,Yes,Bank transfer (automatic),5327.25,No
6447-EGDIV,Female,No,No,No,31,20.95,Yes,No,No,No internet service,No internet service,No internet service,No internet service,No internet service,No internet service,One year,No,Mailed check,683.25,No
1167-OYZJF,Female,Yes,Yes,No,67,20.05,Yes,No,No,No internet service,No internet service,No internet service,No internet service,No internet service,No internet service,Two year,Yes,Bank transfer (automatic),1263.05,No
2108-YKQTY,Female,No,No,No,4,50.7,Yes,No,DSL,No,Yes,No,No,No,No,Month-to-month,No,Credit card (automatic),151.3,Yes
4806-DXQCE,Female,Yes,Yes,No,70,113.65,Yes,Yes,Fiber optic,Yes,Yes,Yes,Yes,Yes,Yes,Two year,Yes,Electronic check,7714.65,No
4918-QLLIW,Male,No,No,No,3,53.4,Yes,No,DSL,No,No,No,No,Yes,No,Month-to-month,No,Credit card (automatic),188.7,Yes
7056-IMHCC,Male,Yes,Yes,No,53,101.9,Yes,Yes,Fiber optic,No,Yes,No,No,Yes,Yes,Month-to-month,Yes,Electronic check,5549.4,Yes
4854-SSLTN,Male,No,Yes,Yes,2,59.5,Yes,No,DSL,Yes,Yes,No,Yes,No,No,Two year,No,Mailed check,130.5,No
5294-DMSFH,Female,No,Yes,Yes,29,87.8,Yes,No,Fiber optic,No,No,No,No,Yes,Yes,Month-to-month,Yes,Credit card (automatic),2621.75,No
4837-PZTIC,Female,No,No,No,47,41.9,No,No phone service,DSL,Yes,No,Yes,Yes,No,No,Two year,No,Mailed check,1875.25,No
1625-JAIIY,Female,No,Yes,Yes,68,83.0,Yes,Yes,Fiber optic,No,No,No,No,Yes,No,One year,Yes,Electronic check,5685.8,Yes
0603-OLQDC,Male,No,No,Yes,12,69.85,Yes,No,DSL,Yes,No,No,No,Yes,Yes,Month-to-month,Yes,Mailed check,837.5,No
3272-VUHPV,Female,No,Yes,Yes,8,56.3,Yes,No,DSL,No,Yes,No,Yes,No,No,Month-to-month,No,Bank transfer (automatic),401.5,No
4176-FXYBO,Male,No,Yes,No,54,109.55,Yes,Yes,Fiber optic,Yes,Yes,Yes,No,Yes,Yes,Month-to-month,No,Electronic check,6118.95,No
1063-DHQJF,Male,No,Yes,Yes,69,92.15,Yes,No,Fiber optic,No,Yes,No,Yes,Yes,No,Two year,Yes,Mailed check,6480.9,No
8663-UPDGF,Female,No,No,No,26,69.5,Yes,Yes,DSL,Yes,Yes,No,No,Yes,No,Month-to-month,Yes,Bank transfer (automatic),1800.05,No
6719-FGEDO,Female,No,Yes,No,72,97.0,Yes,Yes,Fiber optic,Yes,Yes,Yes,Yes,No,No,Two year,Yes,Bank transfer (automatic),7104.2,No
1837-YQUCE,Female,No,No,No,70,58.35,No,No phone service,DSL,Yes,No,Yes,Yes,Yes,Yes,Two year,Yes,Bank transfer (automatic),4214.25,No
2947-DOMLJ,Male,No,No,Yes,1,50.6,Yes,No,DSL,Yes,No,No,No,No,No,Month-to-month,No,Mailed check,50.6,Yes
4112-LUEIZ,Male,No,No,No,10,89.5,Yes,No,Fiber optic,No,No,No,No,Yes,Yes,Month-to-month,Yes,Electronic check,863.1,Yes
0369-ZGOVK,Female,No,Yes,Yes,28,70.4,Yes,No,Fiber optic,No,No,No,No,No,No,One year,Yes,Bank transfer (automatic),1992.2,No
4510-HIMLV,Male,No,No,No,1,69.8,Yes,No,Fiber optic,No,No,No,No,No,No,Month-to-month,Yes,Electronic check,69.8,Yes
9919-KNPOO,Female,No,Yes,No,21,94.3,Yes,Yes,Fiber optic,No,No,No,No,Yes,Yes,Month-to-month,Yes,Electronic check,1948.35,No
8749-JMNKX,Male,Yes,Yes,No,51,93.8,Yes,Yes,Fiber optic,Yes,No,Yes,No,Yes,No,Month-to-month,Yes,Bank transfer (automatic),4750.95,Yes
7872-BAAZR,Female,No,Yes,Yes,53,19.55,Yes,No,No,No internet service,No internet service,No internet service,No internet service,No internet service,No internet service,One year,No,Bank transfer (automatic),1007.9,No
9391-LMANN,Male,No,No,Yes,53,95.95,Yes,No,Fiber optic,Yes,Yes,Yes,No,No,Yes,One year,No,Electronic check,5036.9,No
2430-USGXP,Male,No,Yes,No,24,101.05,Yes,Yes,Fiber optic,No,No,Yes,No,Yes,Yes,Month-to-month,Yes,Electronic check,2391.8,Yes
8174-TBVCF,Female,No,Yes,No,70,94.8,Yes,Yes,DSL,Yes,Yes,Yes,Yes,Yes,Yes,Two year,Yes,Credit card (automatic),6859.05,No
1698-XFZCI,Male,No,No,No,61,107.75,Yes,Yes,Fiber optic,Yes,Yes,Yes,No,Yes,Yes,One year,Yes,Electronic check,6521.9,No
1877-HKBQX,Female,No,No,No,11,54.6,Yes,No,DSL,Yes,No,No,Yes,No,No,One year,Yes,Mailed check,617.85,No
4450-DLLMH,Male,No,No,No,2,71.3,Yes,No,Fiber optic,No,No,No,No,No,No,Month-to-month,Yes,Credit card (automatic),157.75,No
0428-AXXLJ,Male,No,No,No,25,19.5,Yes,No,No,No internet service,No internet service,No internet service,No internet service,No internet service,No internet service,One year,Yes,Bank transfer (automatic),516.3,No
2746-DIJLO,Female,No,No,No,41,56.3,Yes,Yes,DSL,No,Yes,No,No,No,No,One year,Yes,Credit card (automatic),2364.0,No
5955-ERIHD,Male,No,Yes,No,18,94.7,Yes,Yes,Fiber optic,No,No,No,No,Yes,Yes,Month-to-month,Yes,Electronic check,1687.95,Yes
0917-EZOLA,Male,Yes,Yes,No,72,104.15,Yes,Yes,Fiber optic,No,Yes,Yes,No,Yes,Yes,Two year,Yes,Bank transfer (automatic),7689.95,Yes
3508-VLHCZ,Female,No,Yes,Yes,71,90.55,Yes,Yes,DSL,Yes,Yes,Yes,Yes,Yes,Yes,Two year,Yes,Credit card (automatic),6239.05,No
4086-ATNFV,Female,No,Yes,Yes,34,60.8,Yes,No,DSL,Yes,Yes,Yes,No,No,No,One year,Yes,Mailed check,2042.05,No
0468-YRPXN,Male,No,No,No,29,98.8,Yes,No,Fiber optic,No,No,Yes,Yes,Yes,Yes,Month-to-month,Yes,Credit card (automatic),2807.1,No
5996-NRVXR,Male,Yes,Yes,No,40,98.15,Yes,No,Fiber optic,Yes,Yes,Yes,Yes,Yes,No,One year,Yes,Credit card (automatic),4116.8,No
3739-YBWAB,Male,No,Yes,No,36,35.35,No,No phone service,DSL,Yes,No,Yes,No,No,No,One year,No,Mailed check,1317.95,No
7047-FWEYA,Female,No,Yes,No,46,103.15,Yes,Yes,Fiber optic,No,Yes,No,Yes,Yes,Yes,One year,Yes,Electronic check,4594.65,No
2000-MPKCA,Female,No,No,No,58,107.75,Yes,Yes,Fiber optic,Yes,Yes,Yes,No,Yes,Yes,One year,Yes,Electronic check,6332.75,No
9762-YAQAA,Male,No,No,No,39,81.4,Yes,Yes,Fiber optic,No,Yes,No,No,No,No,One year,No,Credit card (automatic),3213.75,No
5949-EBSQK,Male,No,Yes,Yes,4,61.45,Yes,No,DSL,No,No,No,Yes,No,Yes,Month-to-month,No,Credit card (automatic),229.55,Yes
5473-KHBPS,Female,No,Yes,Yes,52,95.7,Yes,Yes,Fiber optic,No,Yes,Yes,No,Yes,No,One year,Yes,Credit card (automatic),4976.15,No
0100-DUVFC,Male,Yes,Yes,No,70,104.8,Yes,Yes,Fiber optic,No,Yes,Yes,No,Yes,Yes,One year,Yes,Electronic check,7308.95,No
5397-TUPSH,Male,Yes,Yes,No,65,70.95,Yes,No,Fiber optic,No,No,No,No,No,No,One year,Yes,Bank transfer (automatic),4555.2,No
8950-MTZNV,Male,No,No,No,1,44.95,Yes,No,DSL,No,No,No,No,No,No,Month-to-month,Yes,Mailed check,44.95,No
0326-VDYXE,Female,No,Yes,No,70,97.65,Yes,Yes,Fiber optic,No,No,Yes,No,Yes,Yes,One year,Yes,Electronic check,6982.5,No
6773-LQTVT,Female,Yes,Yes,Yes,29,35.65,No,No phone service,DSL,No,Yes,Yes,No,No,No,Month-to-month,Yes,Mailed check,1025.15,No
7274-RTAPZ,Male,No,No,No,1,90.55,Yes,No,Fiber optic,No,No,No,No,Yes,Yes,Month-to-month,Yes,Electronic check,90.55,Yes
0436-TWFFZ,Female,No,No,No,67,85.25,Yes,Yes,DSL,Yes,No,Yes,Yes,Yes,Yes,Two year,Yes,Mailed check,5714.2,No
8566-YPRGL,Female,No,No,No,1,19.5,Yes,No,No,No internet service,No internet service,No internet service,No internet service,No internet service,No internet service,Month-to-month,Yes,Mailed check,19.5,No
0311-UNPFF,Female,No,No,No,26,88.8,Yes,No,Fiber optic,No,No,No,No,Yes,Yes,Month-to-month,Yes,Bank transfer (automatic),2274.35,Yes
6609-MXJHJ,Female,No,Yes,Yes,30,25.1,Yes,Yes,No,No internet service,No internet service,No internet service,No internet service,No internet service,No internet service,Two year,Yes,Mailed check,789.55,No
2669-OIDSD,Female,No,Yes,No,48,100.05,Yes,No,Fiber optic,No,No,Yes,Yes,Yes,Yes,Month-to-month,Yes,Credit card (automatic),4834.0,No
8400-WZICQ,Female,No,Yes,Yes,55,55.7,Yes,No,DSL,Yes,Yes,No,No,No,No,Month-to-month,No,Electronic check,3131.8,No
3834-XUIFC,Male,No,No,No,7,85.2,Yes,Yes,Fiber optic,No,No,No,No,No,Yes,Month-to-month,Yes,Mailed check,602.55,Yes
9576-SYUHJ,Male,No,No,No,37,91.15,Yes,Yes,Fiber optic,Yes,No,No,No,Yes,No,Month-to-month,Yes,Electronic check,3369.25,No
0410-IPFTY,Female,No,Yes,No,31,83.85,Yes,No,Fiber optic,No,Yes,No,No,No,Yes,Month-to-month,Yes,Bank transfer (automatic),2674.15,No
2831-EBWRN,Male,No,No,No,4,45.9,Yes,No,DSL,No,No,No,No,No,No,Month-to-month,Yes,Electronic check,199.75,No
9430-NKQLY,Male,No,Yes,Yes,72,25.1,Yes,Yes,No,No internet service,No internet service,No internet service,No internet service,No internet service,No internet service,Two year,Yes,Credit card (automatic),1790.8,No
8414-MYSHR,Male,Yes,No,No,5,91.4,Yes,No,Fiber optic,No,No,No,No,Yes,Yes,Month-to-month,Yes,Electronic check,449.75,Yes
0247-SLUJI,Male,No,Yes,Yes,1,19.7,Yes,No,No,No internet service,No internet service,No internet service,No internet service,No internet service,No internet service,Month-to-month,No,Mailed check,19.7,No
9402-ORRAH,Female,Yes,No,No,15,91.5,Yes,No,Fiber optic,No,No,No,No,Yes,Yes,Month-to-month,Yes,Electronic check,1400.3,No
6483-OATDN,Male,No,Yes,Yes,8,51.3,Yes,No,DSL,Yes,No,No,No,No,No,Month-to-month,Yes,Credit card (automatic),411.6,No
1293-HHSHJ,Female,No,No,No,35,21.1,Yes,No,No,No internet service,No internet service,No internet service,No internet service,No internet service,No internet service,One year,No,Mailed check,741.0,No
4840-ORQXB,Female,Yes,No,No,56,104.75,Yes,Yes,Fiber optic,No,Yes,Yes,No,Yes,Yes,Month-to-month,No,Electronic check,5841.35,No
7599-FKVXZ,Male,No,Yes,No,42,106.15,Yes,Yes,Fiber optic,No,No,Yes,Yes,Yes,Yes,Month-to-month,Yes,Bank transfer (automatic),4512.7,Yes
3982-DQLUS,Male,Yes,Yes,Yes,65,85.75,Yes,Yes,Fiber optic,Yes,Yes,No,No,No,No,Month-to-month,Yes,Electronic check,5688.45,No
8610-ZIKJJ,Female,No,Yes,Yes,2,20.3,Yes,No,No,No internet service,No internet service,No internet service,No internet service,No internet service,No internet service,One year,No,Mailed check,31.9,No
3756-VNWDH,Male,Yes,Yes,No,65,100.75,Yes,Yes,Fiber optic,Yes,No,No,No,Yes,Yes,One year,Yes,Electronic check,6674.65,No
7801-KICAO,Female,No,No,No,18,74.15,Yes,Yes,Fiber optic,No,No,No,No,No,No,Month-to-month,Yes,Electronic check,1345.75,No
7673-LPRNY,Female,No,No,No,23,78.55,Yes,Yes,DSL,Yes,No,Yes,No,Yes,Yes,One year,Yes,Electronic check,1843.05,No
8229-TNIQA,Female,No,No,No,4,45.3,Yes,No,DSL,No,No,No,No,No,No,Month-to-month,Yes,Mailed check,196.95,Yes
6060-QBMGV,Male,No,Yes,No,70,19.85,Yes,No,No,No internet service,No internet service,No internet service,No internet service,No internet service,No internet service,Two year,No,Credit card (automatic),1433.8,No
7339-POGZN,Female,No,No,No,4,50.7,Yes,Yes,DSL,No,No,No,No,No,No,Month-to-month,No,Electronic check,214.55,No
2828-SLQPF,Male,No,No,No,19,45.0,Yes,No,DSL,No,No,No,No,No,No,Month-to-month,Yes,Bank transfer (automatic),865.85,No
4465-VDKIQ,Female,No,No,No,18,77.8,Yes,No,Fiber optic,No,Yes,Yes,No,No,No,Month-to-month,No,Electronic check,1358.6,No
2921-XWDJH,Female,Yes,Yes,No,38,83.45,Yes,No,Fiber optic,Yes,No,No,No,No,Yes,Month-to-month,Yes,Electronic check,3147.15,No
6221-AVQYL,Male,No,No,No,2,73.25,Yes,Yes,Fiber optic,No,No,No,No,No,No,Month-to-month,Yes,Credit card (automatic),131.05,Yes
2558-BUOZZ,Male,No,No,No,47,94.8,Yes,Yes,Fiber optic,Yes,Yes,No,No,Yes,No,One year,No,Bank transfer (automatic),4535.85,No
9257-AZMTZ,Female,No,Yes,Yes,52,20.1,Yes,No,No,No internet service,No internet service,No internet service,No internet service,No internet service,No internet service,Two year,No,Bank transfer (automatic),1078.75,No
0003-MKNFE,Male,No,No,No,9,59.9,Yes,Yes,DSL,No,No,No,No,No,Yes,Month-to-month,No,Mailed check,542.4,No
0975-UYDTX,Female,No,Yes,No,26,90.1,Yes,Yes,DSL,Yes,Yes,Yes,Yes,Yes,Yes,One year,Yes,Credit card (automatic),2312.55,No
7743-EXURX,Male,No,Yes,Yes,8,51.05,Yes,No,DSL,No,No,Yes,No,No,No,Month-to-month,Yes,Electronic check,415.05,Yes
4682-BLBUC,Male,No,Yes,No,44,70.95,Yes,No,DSL,No,Yes,Yes,Yes,Yes,No,One year,Yes,Electronic check,3250.45,No
0975-VOOVL,Female,No,No,No,3,29.2,No,No phone service,DSL,No,Yes,No,No,No,No,Month-to-month,No,Mailed check,98.5,No
5968-VXZLG,Male,No,No,No,2,46.6,Yes,No,DSL,No,No,No,No,No,No,Month-to-month,Yes,Bank transfer (automatic),87.9,No
5569-KGJHX,Female,No,Yes,Yes,9,85.35,Yes,Yes,Fiber optic,No,No,No,No,Yes,No,Month-to-month,Yes,Bank transfer (automatic),754.65,Yes
4988-IQIGL,Male,Yes,No,No,1,75.35,Yes,Yes,Fiber optic,No,No,No,No,No,No,Month-to-month,Yes,Electronic check,75.35,Yes
5201-FRKKS,Male,No,No,No,25,74.3,Yes,No,Fiber optic,Yes,No,No,No,No,No,Month-to-month,No,Bank transfer (automatic),1952.25,No
9799-CAYJJ,Female,Yes,Yes,No,2,69.3,Yes,No,Fiber optic,No,No,No,No,No,No,Month-to-month,Yes,Electronic check,153.8,No
7730-IUTDZ,Male,No,No,No,43,75.2,Yes,No,Fiber optic,Yes,No,No,No,No,No,Month-to-month,Yes,Electronic check,3198.6,Yes
0426-TIRNE,Female,No,No,No,1,20.9,Yes,No,No,No internet service,No internet service,No internet service,No internet service,No internet service,No internet service,Month-to-month,No,Mailed check,20.9,Yes
5443-SCMKX,Female,No,Yes,No,58,94.3,Yes,Yes,Fiber optic,No,Yes,Yes,No,No,Yes,One year,Yes,Electronic check,5610.15,No
8295-KMENE,Female,No,Yes,Yes,59,76.45,Yes,Yes,DSL,Yes,No,Yes,Yes,Yes,No,Two year,Yes,Mailed check,4519.5,No
6738-ISCBM,Male,No,No,No,44,54.0,No,No phone service,DSL,Yes,No,Yes,No,Yes,Yes,One year,Yes,Electronic check,2440.25,No
9821-BESNZ,Male,No,No,No,66,104.25,Yes,Yes,Fiber optic,No,Yes,No,Yes,Yes,Yes,One year,Yes,Electronic check,6860.6,No
3678-MNGZX,Male,No,Yes,Yes,68,19.95,Yes,No,No,No internet service,No internet service,No internet service,No internet service,No internet service,No internet service,Two year,No,Bank transfer (automatic),1377.7,No
1335-NTIUC,Male,No,No,No,9,24.95,No,No phone service,DSL,No,No,No,No,No,No,Month-to-month,Yes,Electronic check,190.25,No
2916-BQZLN,Male,No,No,No,19,84.75,Yes,Yes,Fiber optic,Yes,No,Yes,No,No,No,Month-to-month,Yes,Electronic check,1651.95,No
4558-CGYCZ,Male,No,No,No,4,19.75,Yes,No,No,No internet service,No internet service,No internet service,No internet service,No internet service,No internet service,Month-to-month,No,Mailed check,78.3,No
2368-GAKKQ,Female,No,No,No,70,113.65,Yes,Yes,Fiber optic,Yes,Yes,Yes,Yes,Yes,Yes,Two year,Yes,Bank transfer (automatic),7939.25,No
8710-YGLWG,Male,No,No,No,1,44.9,Yes,No,DSL,No,No,No,No,No,No,Month-to-month,Yes,Mailed check,44.9,No
3199-XGZCY,Female,No,No,No,8,75.25,Yes,Yes,Fiber optic,No,No,No,No,No,No,Month-to-month,Yes,Electronic check,576.7,No
3785-KTYSH,Male,No,No,No,53,24.6,Yes,Yes,No,No internet service,No internet service,No internet service,No internet service,No internet service,No internet service,Two year,No,Mailed check,1279.0,No
6814-ZPWFQ,Male,Yes,No,No,51,25.0,Yes,Yes,No,No internet service,No internet service,No internet service,No internet service,No internet service,No internet service,One year,No,Bank transfer (automatic),1260.7,No
4063-EIKNQ,Male,No,Yes,Yes,11,20.95,Yes,No,No,No internet service,No internet service,No internet service,No internet service,No internet service,No internet service,Month-to-month,No,Bank transfer (automatic),267.35,No
6993-YCOBK,Male,No,Yes,Yes,60,110.6,Yes,Yes,Fiber optic,Yes,No,Yes,Yes,Yes,Yes,Two year,Yes,Electronic check,6586.85,No
5206-HPJKM,Male,No,No,No,17,55.5,Yes,No,DSL,Yes,Yes,No,No,No,No,Month-to-month,Yes,Credit card (automatic),934.15,No
7587-RZNME,Male,No,No,No,3,43.3,Yes,No,DSL,No,No,No,No,No,No,Month-to-month,Yes,Electronic check,123.65,Yes
0748-RDGGM,Male,No,Yes,No,70,109.5,Yes,No,Fiber optic,Yes,Yes,Yes,Yes,Yes,Yes,One year,Yes,Bank transfer (automatic),7534.65,Yes
8393-JMVMB,Male,No,No,No,1,19.45,Yes,No,No,No internet service,No internet service,No internet service,No internet service,No internet service,No internet service,Month-to-month,No,Mailed check,19.45,No
5019-GQVCR,Male,Yes,No,No,43,84.85,Yes,Yes,Fiber optic,No,No,No,No,Yes,No,Month-to-month,Yes,Electronic check,3645.6,No
6036-TTFYU,Female,No,Yes,No,16,19.6,Yes,No,No,No internet service,No internet service,No internet service,No internet service,No internet service,No internet service,Month-to-month,No,Mailed check,314.45,No
2550-AEVRU,Female,No,Yes,Yes,57,53.45,Yes,No,DSL,Yes,Yes,No,No,No,No,One year,No,Electronic check,3053.0,No
0969-RGKCU,Male,No,Yes,Yes,37,19.8,Yes,No,No,No internet service,No internet service,No internet service,No internet service,No internet service,No internet service,One year,No,Credit card (automatic),677.05,No
0378-CJKPV,Female,No,Yes,No,72,112.1,Yes,Yes,Fiber optic,Yes,Yes,Yes,Yes,Yes,Yes,Two year,No,Credit card (automatic),7965.95,No
4706-AXVKM,Female,Yes,No,No,11,84.8,Yes,Yes,Fiber optic,No,No,No,No,No,Yes,Month-to-month,Yes,Credit card (automatic),906.85,Yes
5889-JTMUL,Female,Yes,Yes,No,50,95.05,Yes,Yes,Fiber optic,No,Yes,Yes,No,Yes,No,Month-to-month,Yes,Electronic check,4888.7,Yes
9026-RNUJS,Male,Yes,No,No,5,50.35,Yes,No,DSL,No,No,Yes,No,No,No,Month-to-month,No,Electronic check,237.25,Yes
3746-EUBYR,Male,No,Yes,No,1,74.6,Yes,Yes,Fiber optic,No,No,No,No,No,No,Month-to-month,Yes,Bank transfer (automatic),74.6,Yes
2332-EFBJY,Male,No,No,No,16,19.7,Yes,No,No,No internet service,No internet service,No internet service,No internet service,No internet service,No internet service,Month-to-month,Yes,Mailed check,342.4,Yes
2880-FPNAE,Male,Yes,Yes,No,2,74.2,Yes,No,Fiber optic,No,No,Yes,No,No,No,Month-to-month,Yes,Electronic check,140.1,No
1703-MGIAB,Female,No,No,No,17,69.0,Yes,Yes,DSL,No,No,Yes,Yes,Yes,No,Month-to-month,Yes,Mailed check,1108.0,No
4311-QTTAI,Female,No,No,No,16,19.35,Yes,No,No,No internet service,No internet service,No internet service,No internet service,No internet service,No internet service,One year,No,Credit card (automatic),295.55,No
9474-PHLYD,Female,No,No,No,15,59.45,Yes,No,DSL,No,No,Yes,No,No,Yes,Month-to-month,Yes,Electronic check,892.65,Yes
4318-RAJVY,Female,No,No,No,10,19.8,Yes,No,No,No internet service,No internet service,No internet service,No internet service,No internet service,No internet service,One year,Yes,Mailed check,198.25,No
2165-VOEGB,Female,No,No,Yes,46,105.2,Yes,No,Fiber optic,Yes,Yes,No,Yes,Yes,Yes,One year,Yes,Bank transfer (automatic),4822.85,Yes
3612-YUNGG,Male,No,Yes,Yes,64,109.2,Yes,Yes,Fiber optic,No,Yes,Yes,Yes,Yes,Yes,Two year,Yes,Credit card (automatic),6741.15,No
2254-DLXRI,Female,No,No,No,1,79.15,Yes,Yes,Fiber optic,No,Yes,No,No,No,No,Month-to-month,Yes,Mailed check,79.15,No
5062-CJJKH,Male,No,Yes,Yes,25,53.65,Yes,No,DSL,No,Yes,Yes,No,No,No,One year,No,Mailed check,1355.45,No
9028-LIHRP,Male,No,Yes,Yes,71,100.2,Yes,No,Fiber optic,Yes,Yes,Yes,Yes,Yes,No,Two year,No,Credit card (automatic),7209.0,No
2219-MVUSO,Male,No,No,No,8,45.15,Yes,No,DSL,No,No,No,No,No,No,Month-to-month,Yes,Mailed check,438.4,Yes
1053-MXTTK,Female,No,Yes,Yes,72,108.65,Yes,No,Fiber optic,Yes,Yes,Yes,Yes,Yes,Yes,Two year,Yes,Bank transfer (automatic),7726.35,No
1530-ZTDOZ,Female,No,Yes,No,49,40.65,No,No phone service,DSL,Yes,No,No,No,Yes,No,Month-to-month,No,Bank transfer (automatic),2070.75,No
1301-LOPVR,Male,No,Yes,Yes,29,55.35,No,No phone service,DSL,Yes,Yes,Yes,Yes,No,Yes,One year,Yes,Credit card (automatic),1636.95,No
0853-TWRVK,Male,No,Yes,No,72,105.6,Yes,Yes,Fiber optic,Yes,Yes,Yes,Yes,No,Yes,Two year,No,Bank transfer (automatic),7581.5,No
8914-RBTSB,Male,No,Yes,No,31,93.8,Yes,Yes,Fiber optic,No,Yes,Yes,No,Yes,No,Month-to-month,No,Electronic check,3019.5,Yes
6212-ATMLK,Female,No,No,No,50,95.7,Yes,Yes,Fiber optic,No,No,No,No,Yes,Yes,Month-to-month,Yes,Electronic check,4729.75,No
8200-LGKSR,Male,No,Yes,No,71,83.2,Yes,Yes,DSL,Yes,No,Yes,Yes,Yes,Yes,Two year,No,Electronic check,6126.1,No
1568-BEKZM,Male,Yes,Yes,No,70,90.05,Yes,Yes,DSL,Yes,Yes,Yes,Yes,Yes,Yes,Two year,No,Credit card (automatic),6333.4,No
0670-ANMUU,Male,No,No,No,71,97.65,Yes,Yes,Fiber optic,Yes,No,No,Yes,No,Yes,One year,No,Credit card (automatic),6687.85,No
6897-RWMUB,Male,No,Yes,Yes,61,68.05,Yes,No,DSL,Yes,Yes,Yes,Yes,No,No,Two year,Yes,Bank transfer (automatic),4158.25,No
0963-ZBDRN,Male,No,No,No,32,96.2,Yes,No,Fiber optic,No,No,No,Yes,Yes,Yes,Month-to-month,Yes,Electronic check,3183.4,Yes
7594-RQHXR,Female,No,No,Yes,1,79.6,Yes,No,Fiber optic,No,No,No,No,No,Yes,Month-to-month,Yes,Electronic check,79.6,Yes
6999-CHVCF,Male,No,No,No,68,102.1,Yes,Yes,Fiber optic,Yes,Yes,Yes,No,No,Yes,Two year,Yes,Bank transfer (automatic),7149.35,No
6134-KWTBV,Male,No,No,No,62,23.4,Yes,Yes,No,No internet service,No internet service,No internet service,No internet service,No internet service,No internet service,Two year,No,Bank transfer (automatic),1429.65,No
1077-HUUJM,Female,No,No,Yes,7,71.05,Yes,No,Fiber optic,No,No,No,No,No,No,Month-to-month,Yes,Electronic check,472.65,No
6331-EWIEB,Male,No,No,No,20,85.25,Yes,Yes,Fiber optic,No,No,No,No,Yes,No,Month-to-month,Yes,Electronic check,1734.5,Yes
0895-LNKRC,Male,No,Yes,Yes,6,19.45,Yes,No,No,No internet service,No internet service,No internet service,No internet service,No internet service,No internet service,One year,No,Mailed check,113.5,No
2045-BMBTJ,Female,Yes,No,No,33,59.45,No,No phone service,DSL,Yes,Yes,Yes,No,Yes,Yes,Month-to-month,Yes,Bank transfer (automatic),1884.65,No
8417-GSODA,Male,No,Yes,Yes,28,92.2,Yes,Yes,Fiber optic,No,No,No,No,Yes,Yes,One year,No,Bank transfer (automatic),2568.15,No
5171-EPLKN,Male,No,No,No,27,19.85,Yes,No,No,No internet service,No internet service,No internet service,No internet service,No internet service,No internet service,Two year,No,Credit card (automatic),470.0,No
4452-QIIEB,Male,No,No,No,7,43.9,Yes,No,DSL,No,No,No,No,No,No,Month-to-month,No,Mailed check,278.4,No
5998-VVEJY,Male,No,No,No,26,80.5,Yes,Yes,Fiber optic,No,No,No,Yes,No,No,Month-to-month,Yes,Electronic check,2088.8,Yes
1624-NALOJ,Male,Yes,No,No,5,89.8,Yes,Yes,Fiber optic,No,Yes,No,No,No,Yes,Month-to-month,Yes,Electronic check,502.6,Yes
6741-EGCBI,Male,Yes,No,No,30,90.5,Yes,Yes,Fiber optic,Yes,No,No,No,No,Yes,Month-to-month,Yes,Credit card (automatic),2595.85,No
7820-ZYGNY,Male,No,No,No,63,90.45,Yes,Yes,Fiber optic,No,Yes,No,No,No,Yes,One year,No,Credit card (automatic),5825.5,No
4317-VTEOA,Male,No,No,No,1,50.75,Yes,No,DSL,No,Yes,No,No,No,No,Month-to-month,Yes,Electronic check,50.75,Yes
9677-AVKED,Female,No,No,Yes,53,84.6,Yes,Yes,DSL,No,Yes,Yes,Yes,Yes,Yes,One year,Yes,Electronic check,4449.75,No
1670-SVOWZ,Female,No,Yes,Yes,14,89.65,Yes,No,Fiber optic,No,Yes,No,Yes,No,Yes,Month-to-month,Yes,Credit card (automatic),1208.35,Yes
2227-JRSJX,Female,No,No,No,21,99.15,Yes,No,Fiber optic,No,Yes,No,Yes,Yes,Yes,Month-to-month,Yes,Bank transfer (automatic),1956.4,No
9847-HNVGP,Male,No,No,No,17,19.95,Yes,No,No,No internet service,No internet service,No internet service,No internet service,No internet service,No internet service,One year,No,Mailed check,310.6,No
6696-YDAYZ,Male,No,Yes,Yes,16,20.5,Yes,No,No,No internet service,No internet service,No internet service,No internet service,No internet service,No internet service,Two year,No,Mailed check,290.55,No
8980-WQFWL,Female,No,No,No,35,62.1,Yes,No,DSL,No,No,Yes,No,No,Yes,Month-to-month,Yes,Electronic check,2096.1,No
1730-ZMAME,Female,Yes,No,No,32,79.5,Yes,No,Fiber optic,No,No,No,No,No,Yes,Month-to-month,Yes,Electronic check,2665.0,No
6506-EYCNH,Female,No,Yes,Yes,28,19.55,Yes,No,No,No internet service,No internet service,No internet service,No internet service,No internet service,No internet service,Month-to-month,Yes,Bank transfer (automatic),543.8,No
4634-JLRJT,Female,No,No,No,1,20.35,Yes,No,No,No internet service,No internet service,No internet service,No internet service,No internet service,No internet service,Month-to-month,Yes,Mailed check,20.35,No
9501-UKKNL,Male,No,No,No,59,51.7,No,No phone service,DSL,No,No,No,Yes,Yes,Yes,Month-to-month,Yes,Electronic check,3005.8,No
2560-QTSBS,Female,No,Yes,Yes,72,23.3,Yes,Yes,No,No internet service,No internet service,No internet service,No internet service,No internet service,No internet service,One year,Yes,Bank transfer (automatic),1623.15,No
7541-YLXCL,Male,No,No,No,36,65.4,Yes,No,DSL,No,Yes,No,Yes,No,Yes,One year,Yes,Mailed check,2498.4,Yes
4795-WRNVT,Female,No,No,No,40,65.1,Yes,No,DSL,Yes,Yes,No,No,Yes,No,Month-to-month,No,Mailed check,2586.0,No
6080-TCMYC,Male,No,Yes,Yes,40,81.2,Yes,Yes,Fiber optic,No,No,Yes,No,No,No,Month-to-month,Yes,Electronic check,3292.3,No
0260-ZDLGK,Female,No,No,Yes,9,72.9,Yes,No,DSL,No,No,Yes,Yes,Yes,Yes,Month-to-month,Yes,Mailed check,651.4,Yes
7860-UXCRM,Male,No,Yes,Yes,63,74.5,Yes,No,DSL,Yes,Yes,Yes,Yes,Yes,No,Two year,No,Credit card (automatic),4674.55,No
6357-JJPQT,Female,No,No,No,3,80.5,Yes,No,Fiber optic,No,No,No,No,Yes,No,Month-to-month,Yes,Electronic check,232.35,No
2292-XQWSV,Male,No,Yes,Yes,40,60.3,No,No phone service,DSL,No,Yes,Yes,Yes,Yes,Yes,One year,No,Mailed check,2448.5,No
9552-TGUZV,Male,No,Yes,No,8,75.0,Yes,No,Fiber optic,Yes,No,No,No,No,No,Month-to-month,Yes,Mailed check,658.1,No
5913-INRQV,Male,Yes,Yes,No,34,90.15,Yes,No,Fiber optic,Yes,No,No,Yes,Yes,No,One year,No,Mailed check,3128.8,No
8722-NGNBH,Male,No,No,No,5,40.0,No,No phone service,DSL,Yes,No,Yes,Yes,No,No,Month-to-month,No,Mailed check,223.45,Yes
6210-KBBPI,Male,Yes,No,No,9,99.45,Yes,Yes,Fiber optic,No,Yes,No,No,Yes,Yes,Month-to-month,Yes,Credit card (automatic),919.4,Yes
9643-YBLUR,Male,No,Yes,No,9,69.05,Yes,Yes,DSL,No,Yes,Yes,No,No,Yes,Month-to-month,Yes,Credit card (automatic),653.95,No
8734-FNWVH,Male,No,Yes,Yes,31,59.7,Yes,Yes,DSL,No,No,No,No,No,Yes,Month-to-month,No,Bank transfer (automatic),1825.5,No
9447-YPTBX,Female,No,Yes,No,50,19.85,Yes,No,No,No internet service,No internet service,No internet service,No internet service,No internet service,No internet service,One year,Yes,Bank transfer (automatic),943.1,No
0133-BMFZO,Female,No,No,No,2,86.25,Yes,No,Fiber optic,Yes,Yes,No,Yes,No,No,Month-to-month,Yes,Electronic check,181.65,Yes
6128-CZOMY,Female,No,No,No,1,45.65,Yes,No,DSL,No,No,No,No,No,No,Month-to-month,Yes,Electronic check,45.65,Yes
9540-JYROE,Male,No,No,No,8,70.1,Yes,No,Fiber optic,No,No,No,No,No,No,Month-to-month,Yes,Mailed check,551.35,Yes
9026-LHEVG,Female,No,No,No,9,40.75,No,No phone service,DSL,No,Yes,No,No,No,Yes,Month-to-month,No,Electronic check,359.4,No
2260-USTRB,Female,Yes,No,No,2,70.2,Yes,No,Fiber optic,No,No,No,No,No,No,Month-to-month,Yes,Bank transfer (automatic),115.95,Yes
3656-TKRVZ,Female,No,No,No,3,55.35,Yes,No,DSL,Yes,Yes,No,No,No,No,Month-to-month,No,Electronic check,165.2,Yes
7011-CVEUC,Male,No,Yes,No,25,95.7,Yes,No,Fiber optic,No,No,No,Yes,Yes,Yes,Month-to-month,Yes,Credit card (automatic),2338.35,No
6185-TASNN,Male,Yes,No,No,1,46.3,Yes,No,DSL,No,No,No,No,No,No,Month-to-month,No,Electronic check,46.3,No
7925-PNRGI,Female,No,Yes,Yes,45,81.3,Yes,Yes,DSL,Yes,Yes,Yes,Yes,Yes,No,Month-to-month,No,Mailed check,3541.1,No
8623-TMRBY,Male,Yes,Yes,Yes,51,84.2,Yes,Yes,Fiber optic,No,Yes,Yes,No,No,No,Month-to-month,Yes,Electronic check,4146.05,Yes
1552-CZCLL,Female,No,Yes,Yes,55,20.0,Yes,No,No,No internet service,No internet service,No internet service,No internet service,No internet service,No internet service,Month-to-month,No,Credit card (automatic),1087.25,No
3038-PQIUY,Female,No,No,No,38,66.15,Yes,Yes,DSL,Yes,Yes,Yes,No,No,No,Month-to-month,Yes,Bank transfer (automatic),2522.4,No
1501-SGHBW,Male,No,No,No,2,45.85,Yes,No,DSL,No,No,No,No,No,No,Month-to-month,No,Mailed check,81.0,Yes
9313-CDOGY,Male,No,Yes,Yes,38,19.6,Yes,No,No,No internet service,No internet service,No internet service,No internet service,No internet service,No internet service,Month-to-month,No,Electronic check,717.3,No
8148-BPLZQ,Male,No,No,No,34,49.8,Yes,No,DSL,No,Yes,No,No,No,No,Month-to-month,Yes,Electronic check,1734.2,No
2623-DRYAM,Female,No,Yes,No,70,101.75,Yes,Yes,Fiber optic,No,No,Yes,No,Yes,Yes,One year,Yes,Electronic check,7069.3,No
9987-LUTYD,Female,No,No,No,13,55.15,Yes,No,DSL,Yes,No,No,Yes,No,No,One year,No,Mailed check,742.9,No
3208-YPIOE,Male,No,No,No,39,75.25,Yes,Yes,Fiber optic,No,No,No,No,No,No,Month-to-month,No,Electronic check,3017.65,Yes
4488-KQFDT,Female,No,No,No,61,103.95,Yes,Yes,Fiber optic,No,Yes,Yes,No,Yes,Yes,One year,Yes,Electronic check,6423.0,No
2612-RANWT,Female,No,No,No,12,100.15,Yes,Yes,Fiber optic,No,No,Yes,No,Yes,Yes,Month-to-month,Yes,Bank transfer (automatic),1164.3,Yes
5693-PIPCS,Male,No,No,No,41,99.65,Yes,No,Fiber optic,No,Yes,No,Yes,Yes,Yes,Two year,Yes,Credit card (automatic),4220.35,No
0491-KAPQG,Male,No,No,No,21,73.7,Yes,Yes,Fiber optic,No,No,No,No,No,No,Month-to-month,Yes,Electronic check,1558.7,No
1925-LFCZZ,Male,Yes,No,No,55,50.05,No,No phone service,DSL,No,No,Yes,No,Yes,Yes,One year,Yes,Bank transfer (automatic),2743.45,No
8039-EQPIM,Male,No,Yes,No,69,60.25,No,No phone service,DSL,Yes,No,Yes,Yes,Yes,Yes,Two year,No,Bank transfer (automatic),4055.5,No
6900-PXRMS,Male,Yes,Yes,Yes,26,105.75,Yes,Yes,Fiber optic,No,Yes,Yes,No,Yes,Yes,Month-to-month,No,Electronic check,2710.25,Yes
8707-RMEZH,Female,Yes,Yes,No,69,87.3,Yes,No,Fiber optic,Yes,Yes,No,No,No,Yes,One year,No,Credit card (automatic),6055.55,No
3346-BRMIS,Female,Yes,Yes,No,18,48.35,No,No phone service,DSL,No,No,Yes,No,Yes,Yes,Month-to-month,Yes,Electronic check,810.7,Yes
3209-ZPKFI,Male,No,Yes,Yes,47,54.25,Yes,Yes,DSL,No,Yes,No,No,No,No,Month-to-month,No,Electronic check,2538.2,No
6479-VDGRK,Female,No,Yes,Yes,72,85.3,Yes,No,DSL,Yes,Yes,Yes,Yes,Yes,Yes,Two year,No,Bank transfer (automatic),6129.2,No
9373-WSLOY,Male,Yes,Yes,No,33,50.0,No,No phone service,DSL,No,Yes,Yes,Yes,Yes,No,Month-to-month,Yes,Electronic check,1750.85,No
2933-FILNV,Female,No,Yes,Yes,2,24.4,No,No phone service,DSL,No,No,No,No,No,No,Month-to-month,Yes,Mailed check,36.55,Yes
3569-JFODW,Female,No,Yes,Yes,72,90.95,Yes,Yes,DSL,Yes,Yes,Yes,Yes,Yes,Yes,Two year,No,Credit card (automatic),6652.45,No
9819-FBNSV,Male,Yes,Yes,No,37,72.25,Yes,No,Fiber optic,No,No,No,No,No,No,Month-to-month,Yes,Bank transfer (automatic),2575.45,No
9544-PYPSJ,Female,Yes,Yes,Yes,62,96.1,Yes,Yes,Fiber optic,No,Yes,Yes,No,No,Yes,Month-to-month,Yes,Credit card (automatic),6019.35,No
1591-XWLGB,Female,No,Yes,No,71,19.85,Yes,No,No,No internet service,No internet service,No internet service,No internet service,No internet service,No internet service,Two year,No,Credit card (automatic),1379.6,No
0396-UKGAI,Male,No,No,Yes,23,55.3,Yes,No,DSL,No,Yes,No,Yes,No,No,Month-to-month,Yes,Bank transfer (automatic),1284.2,No
3243-ZHOHY,Female,No,No,No,16,20.1,Yes,No,No,No internet service,No internet service,No internet service,No internet service,No internet service,No internet service,One year,No,Mailed check,296.15,No
5186-EJEGL,Male,No,No,No,9,69.5,Yes,No,DSL,Yes,No,Yes,Yes,Yes,No,Month-to-month,Yes,Mailed check,653.25,No
7527-QNRUS,Male,No,Yes,Yes,17,25.15,Yes,Yes,No,No internet service,No internet service,No internet service,No internet service,No internet service,No internet service,Two year,Yes,Mailed check,412.6,No
9986-BONCE,Female,No,No,No,4,20.95,Yes,No,No,No internet service,No internet service,No internet service,No internet service,No internet service,No internet service,Month-to-month,No,Bank transfer (automatic),85.5,Yes
2722-JMONI,Female,Yes,Yes,No,1,49.55,Yes,No,DSL,Yes,No,No,No,No,No,Month-to-month,Yes,Electronic check,49.55,Yes
2203-GHNWN,Female,No,Yes,No,24,79.65,Yes,Yes,Fiber optic,No,No,Yes,No,No,No,Month-to-month,Yes,Mailed check,1928.7,No
3878-AVSOQ,Female,Yes,No,No,1,71.25,Yes,No,Fiber optic,No,No,No,No,No,No,Month-to-month,Yes,Electronic check,71.25,No
3258-SYSWS,Male,Yes,No,No,72,113.8,Yes,Yes,Fiber optic,Yes,Yes,Yes,Yes,Yes,Yes,Two year,No,Bank transfer (automatic),7845.8,No
5296-PSYVW,Female,No,Yes,No,72,24.55,Yes,Yes,No,No internet service,No internet service,No internet service,No internet service,No internet service,No internet service,Two year,No,Electronic check,1750.7,No
6319-QSUSR,Female,No,No,Yes,11,19.7,Yes,No,No,No internet service,No internet service,No internet service,No internet service,No internet service,No internet service,Month-to-month,No,Credit card (automatic),216.2,No
4083-EUGRJ,Male,No,No,No,9,20.25,Yes,No,No,No internet service,No internet service,No internet service,No internet service,No internet service,No internet service,Month-to-month,No,Mailed check,178.5,Yes
7579-OOPEC,Female,Yes,Yes,No,2,50.15,Yes,No,DSL,No,Yes,No,No,No,No,Month-to-month,No,Credit card (automatic),115.1,Yes
0512-FLFDW,Female,Yes,Yes,No,60,100.5,Yes,Yes,Fiber optic,No,No,Yes,No,Yes,Yes,One year,Yes,Credit card (automatic),6029.0,No
1771-OADNZ,Male,Yes,Yes,No,29,95.9,Yes,Yes,Fiber optic,No,Yes,Yes,No,No,Yes,Month-to-month,Yes,Electronic check,2745.2,Yes
0487-CRLZF,Female,No,No,No,49,74.45,Yes,No,DSL,No,No,Yes,Yes,Yes,Yes,Two year,Yes,Bank transfer (automatic),3721.9,No
2107-FBPTK,Female,Yes,No,No,30,104.1,Yes,Yes,Fiber optic,No,Yes,Yes,No,Yes,Yes,Month-to-month,Yes,Electronic check,3121.1,No
9451-WLYRI,Female,No,Yes,No,53,19.05,Yes,No,No,No internet service,No internet service,No internet service,No internet service,No internet service,No internet service,One year,No,Credit card (automatic),990.45,No
8219-VYBVI,Male,No,No,Yes,39,25.0,Yes,Yes,No,No internet service,No internet service,No internet service,No internet service,No internet service,No internet service,Two year,No,Mailed check,1004.35,No
1991-VOPLL,Female,No,No,No,9,19.05,Yes,No,No,No internet service,No internet service,No internet service,No internet service,No internet service,No internet service,Month-to-month,No,Mailed check,157.65,No
9738-QLWTP,Male,No,No,No,39,81.9,Yes,No,Fiber optic,No,No,Yes,Yes,No,No,One year,No,Electronic check,3219.75,No
1016-DJTSV,Male,Yes,No,No,8,69.7,Yes,No,Fiber optic,No,No,No,No,No,No,Month-to-month,Yes,Electronic check,572.85,No
9419-IPPBE,Female,No,Yes,Yes,51,90.15,Yes,Yes,Fiber optic,No,No,Yes,No,No,Yes,One year,Yes,Electronic check,4554.85,No
0174-QRVVY,Male,No,Yes,Yes,71,25.35,Yes,Yes,No,No internet service,No internet service,No internet service,No internet service,No internet service,No internet service,Two year,No,Credit card (automatic),1847.55,No
5699-BNCAS,Male,Yes,No,No,71,24.65,Yes,Yes,No,No internet service,No internet service,No internet service,No internet service,No internet service,No internet service,Two year,Yes,Mailed check,1766.75,No
2900-PHPLN,Female,Yes,Yes,No,70,19.55,Yes,No,No,No internet service,No internet service,No internet service,No internet service,No internet service,No internet service,Two year,Yes,Credit card (automatic),1462.05,No
0612-RTZZA,Female,Yes,No,No,1,25.25,No,No phone service,DSL,No,No,No,No,No,No,Month-to-month,No,Electronic check,25.25,Yes
8106-GWQOK,Male,No,Yes,No,38,60.0,No,No phone service,DSL,Yes,Yes,No,Yes,Yes,Yes,Two year,Yes,Bank transfer (automatic),2193.2,No
8751-EDEKA,Female,No,Yes,No,28,89.9,Yes,No,Fiber optic,No,Yes,Yes,No,No,Yes,Month-to-month,No,Credit card (automatic),2433.5,No
6878-GGDWG,Female,No,Yes,No,32,19.4,Yes,No,No,No internet service,No internet service,No internet service,No internet service,No internet service,No internet service,Month-to-month,No,Bank transfer (automatic),641.15,No
4039-PIMHX,Male,Yes,Yes,No,49,49.8,Yes,No,DSL,No,Yes,No,No,No,No,Two year,No,Mailed check,2398.4,No
8450-LUGUK,Female,No,Yes,Yes,37,24.1,Yes,Yes,No,No internet service,No internet service,No internet service,No internet service,No internet service,No internet service,Two year,Yes,Bank transfer (automatic),861.85,No
3604-WLABM,Female,No,No,No,10,54.25,Yes,No,DSL,No,No,Yes,Yes,No,No,Month-to-month,No,Electronic check,583.0,No
0795-GMVQO,Male,No,Yes,No,67,109.9,Yes,Yes,Fiber optic,Yes,Yes,Yes,No,Yes,Yes,One year,No,Credit card (automatic),7332.4,No
2259-OUUSZ,Male,No,No,No,7,35.5,No,No phone service,DSL,No,No,Yes,Yes,No,No,One year,Yes,Credit card (automatic),249.55,No
1142-IHLOO,Female,No,No,No,51,87.55,Yes,No,Fiber optic,No,No,No,No,Yes,Yes,One year,No,Credit card (automatic),4475.9,No
6410-LEFEN,Female,No,No,No,9,45.15,Yes,No,DSL,No,No,No,No,No,No,Month-to-month,No,Electronic check,416.45,Yes
4633-MKHYU,Female,No,No,No,9,88.4,Yes,No,Fiber optic,No,No,No,No,Yes,Yes,Month-to-month,Yes,Mailed check,788.6,No
6257-RJOHI,Male,No,No,No,4,50.8,Yes,No,DSL,No,No,No,Yes,No,No,Month-to-month,Yes,Mailed check,202.3,No
1545-JFUML,Male,No,Yes,No,71,99.0,Yes,Yes,Fiber optic,Yes,Yes,Yes,No,Yes,No,Two year,Yes,Electronic check,6994.6,No
3194-ORPIK,Female,No,Yes,Yes,50,84.4,Yes,Yes,Fiber optic,No,No,No,No,Yes,No,Month-to-month,Yes,Bank transfer (automatic),4116.15,Yes
7826-VVKWT,Female,Yes,Yes,Yes,24,96.55,Yes,No,Fiber optic,No,No,Yes,No,Yes,Yes,Two year,Yes,Electronic check,2263.45,No
1353-GHZOS,Male,No,Yes,No,22,59.75,Yes,No,DSL,Yes,No,No,No,Yes,No,One year,Yes,Bank transfer (automatic),1374.35,No
2587-EKXTS,Male,No,No,No,44,111.5,Yes,Yes,Fiber optic,Yes,Yes,Yes,No,Yes,Yes,Month-to-month,Yes,Electronic check,4915.15,No
5442-BXVND,Female,No,Yes,Yes,33,24.25,Yes,Yes,No,No internet service,No internet service,No internet service,No internet service,No internet service,No internet service,Month-to-month,No,Bank transfer (automatic),838.5,No
8816-VXNZD,Female,No,No,No,1,75.1,Yes,Yes,Fiber optic,No,No,No,No,No,No,Month-to-month,Yes,Electronic check,75.1,Yes
9378-FXTIZ,Female,No,Yes,No,54,70.15,Yes,Yes,DSL,No,No,No,No,Yes,Yes,One year,Yes,Credit card (automatic),3715.65,Yes
1723-HKXJQ,Male,No,No,No,42,101.75,Yes,Yes,Fiber optic,No,Yes,No,No,Yes,Yes,Month-to-month,Yes,Electronic check,4273.45,Yes
7825-GKXMW,Female,No,No,No,1,45.8,Yes,No,DSL,No,No,No,No,No,No,Month-to-month,No,Electronic check,45.8,Yes
9753-OYLBX,Female,No,No,No,1,20.5,Yes,No,No,No internet service,No internet service,No internet service,No internet service,No internet service,No internet service,Month-to-month,No,Mailed check,20.5,No
2364-UFROM,Male,No,No,No,30,70.4,Yes,No,DSL,Yes,Yes,No,Yes,Yes,No,One year,No,Electronic check,2044.75,No
6656-JWRQX,Female,No,No,No,1,30.55,No,No phone service,DSL,No,No,No,Yes,No,No,Month-to-month,No,Mailed check,30.55,No
6473-ULUHT,Male,No,Yes,Yes,16,84.9,Yes,Yes,DSL,Yes,Yes,No,Yes,Yes,Yes,Month-to-month,No,Electronic check,1398.25,No
1240-KNSEZ,Male,No,No,No,1,20.1,Yes,No,No,No internet service,No internet service,No internet service,No internet service,No internet service,No internet service,Month-to-month,Yes,Mailed check,20.1,Yes
0836-SEYLU,Male,No,Yes,No,9,40.65,No,No phone service,DSL,No,No,No,Yes,Yes,No,Month-to-month,No,Mailed check,328.95,Yes
4433-JCGCG,Male,Yes,Yes,No,46,101.0,Yes,Yes,Fiber optic,No,No,Yes,No,Yes,Yes,Month-to-month,Yes,Electronic check,4680.05,Yes
3716-BDVDB,Male,No,No,No,1,69.1,Yes,No,Fiber optic,No,No,No,No,No,No,Month-to-month,Yes,Electronic check,69.1,Yes
7688-AWMDX,Male,No,Yes,No,71,54.5,Yes,No,DSL,Yes,No,No,Yes,No,No,Two year,No,Bank transfer (automatic),3778.2,No
2842-BCQGE,Male,No,No,No,43,75.35,Yes,Yes,Fiber optic,No,No,No,No,No,No,Month-to-month,Yes,Credit card (automatic),3161.4,No
7244-QWYHG,Male,No,Yes,No,50,44.45,No,No phone service,DSL,Yes,No,No,Yes,Yes,No,One year,Yes,Bank transfer (automatic),2188.45,No
5899-MQZZL,Female,No,No,No,13,75.0,Yes,Yes,Fiber optic,No,No,No,No,No,No,Month-to-month,Yes,Mailed check,999.45,Yes
6849-OYAMU,Male,No,Yes,Yes,19,100.0,Yes,No,Fiber optic,No,Yes,No,Yes,Yes,Yes,One year,No,Bank transfer (automatic),1888.65,Yes
5312-UXESG,Female,No,No,No,41,98.05,Yes,Yes,Fiber optic,No,No,Yes,No,Yes,Yes,Month-to-month,No,Bank transfer (automatic),3990.6,No
9488-HGMJH,Female,Yes,No,No,1,71.15,Yes,No,Fiber optic,No,No,No,No,No,No,Month-to-month,Yes,Electronic check,71.15,Yes
6038-GCYEC,Female,No,No,No,24,54.15,No,No phone service,DSL,No,Yes,Yes,No,Yes,Yes,Month-to-month,Yes,Credit card (automatic),1240.25,Yes
2150-WLKUW,Female,No,Yes,No,40,63.9,Yes,Yes,DSL,No,Yes,No,No,Yes,No,One year,No,Bank transfer (automatic),2635.0,No
7159-FVYPK,Female,No,Yes,Yes,3,69.15,Yes,Yes,DSL,No,Yes,Yes,No,Yes,No,Month-to-month,Yes,Bank transfer (automatic),235.0,No
7032-LMBHI,Female,No,No,No,37,64.65,Yes,Yes,DSL,Yes,No,No,No,Yes,No,One year,No,Bank transfer (automatic),2347.85,No
1150-WFARN,Female,No,Yes,Yes,67,108.75,Yes,Yes,Fiber optic,Yes,No,Yes,Yes,Yes,Yes,Two year,Yes,Credit card (automatic),7156.2,Yes
6088-BXMRG,Female,No,Yes,Yes,32,98.85,Yes,Yes,Fiber optic,No,Yes,No,No,Yes,Yes,Month-to-month,Yes,Electronic check,3089.6,No
3144-AUDBS,Female,No,Yes,No,6,49.15,Yes,No,DSL,No,No,No,Yes,No,No,Month-to-month,Yes,Electronic check,270.8,Yes
4821-SJHJV,Female,No,Yes,Yes,32,89.6,Yes,Yes,Fiber optic,Yes,No,No,No,Yes,No,Month-to-month,No,Electronic check,2901.8,No
7346-MEDWM,Female,No,No,No,59,83.25,Yes,Yes,Fiber optic,No,Yes,Yes,No,No,No,Month-to-month,Yes,Electronic check,4949.1,No
1137-DGOWI,Female,No,Yes,No,30,70.25,Yes,No,DSL,No,Yes,Yes,Yes,No,Yes,One year,No,Bank transfer (automatic),2198.9,No
5616-PRTNT,Male,No,No,Yes,20,19.4,Yes,No,No,No internet service,No internet service,No internet service,No internet service,No internet service,No internet service,Month-to-month,Yes,Electronic check,374.5,Yes
3812-LRZIR,Female,No,Yes,Yes,27,24.5,Yes,Yes,No,No internet service,No internet service,No internet service,No internet service,No internet service,No internet service,Two year,No,Electronic check,761.95,No
4818-QIUFN,Female,Yes,No,No,20,79.15,Yes,Yes,Fiber optic,Yes,No,No,No,No,No,Month-to-month,Yes,Electronic check,1520.9,Yes
9483-GCPWE,Male,No,No,Yes,9,20.1,Yes,No,No,No internet service,No internet service,No internet service,No internet service,No internet service,No internet service,One year,No,Mailed check,190.25,No
4227-OJHAL,Female,No,Yes,Yes,68,73.0,Yes,Yes,DSL,Yes,Yes,Yes,No,Yes,No,One year,Yes,Credit card (automatic),5163.0,No
9220-CXRSC,Female,No,Yes,Yes,69,61.4,Yes,Yes,DSL,Yes,No,No,Yes,No,No,Two year,No,Credit card (automatic),4059.85,No
4993-JCRGJ,Male,No,No,No,26,84.3,Yes,Yes,Fiber optic,No,No,Yes,Yes,No,No,Month-to-month,Yes,Mailed check,2281.6,No
9537-JALFH,Male,No,Yes,Yes,69,19.9,Yes,No,No,No internet service,No internet service,No internet service,No internet service,No internet service,No internet service,Two year,No,Bank transfer (automatic),1356.7,No
6698-OXETB,Male,No,No,No,11,20.4,Yes,No,No,No internet service,No internet service,No internet service,No internet service,No internet service,No internet service,Two year,No,Mailed check,231.45,No
2103-ZRXFN,Male,No,No,No,1,50.75,Yes,Yes,DSL,No,No,No,No,No,No,Month-to-month,No,Mailed check,50.75,No
3724-BSCVH,Male,No,Yes,Yes,10,20.45,Yes,No,No,No internet service,No internet service,No internet service,No internet service,No internet service,No internet service,One year,No,Mailed check,242.4,No
4877-TSOFF,Female,No,Yes,Yes,55,75.75,Yes,Yes,DSL,Yes,Yes,No,Yes,No,Yes,One year,Yes,Bank transfer (automatic),4264.25,No
9209-NWPGU,Male,No,No,No,44,65.4,Yes,No,DSL,Yes,No,No,Yes,Yes,No,One year,No,Electronic check,2774.55,No
6961-VCPMC,Male,Yes,Yes,No,46,80.4,Yes,No,Fiber optic,No,No,No,No,No,Yes,Month-to-month,Yes,Electronic check,3605.2,Yes
7306-YDSOI,Male,No,Yes,Yes,69,59.75,Yes,No,DSL,Yes,Yes,Yes,No,No,No,Two year,Yes,Bank transfer (automatic),4069.9,No
5288-AHOUP,Male,Yes,No,No,11,78.5,Yes,No,Fiber optic,No,No,No,No,No,Yes,Month-to-month,Yes,Electronic check,874.2,No
6688-UZPWD,Female,No,Yes,No,11,102.0,Yes,Yes,Fiber optic,No,Yes,No,No,Yes,Yes,Month-to-month,Yes,Electronic check,1145.35,Yes
0655-YDGFJ,Male,No,No,No,29,48.95,Yes,No,DSL,No,No,Yes,No,No,No,Month-to-month,No,Bank transfer (automatic),1323.7,No
8468-EHYJA,Female,No,Yes,No,57,99.65,Yes,Yes,Fiber optic,Yes,No,No,No,Yes,Yes,Month-to-month,Yes,Electronic check,5497.05,No
6823-SIDFQ,Male,No,No,No,28,18.25,Yes,No,No,No internet service,No internet service,No internet service,No internet service,No internet service,No internet service,One year,No,Credit card (automatic),534.7,No
1097-FSPVW,Female,No,No,No,42,54.55,Yes,No,DSL,Yes,No,Yes,No,No,No,Month-to-month,No,Credit card (automatic),2455.05,No
2839-RFSQE,Female,No,No,No,2,20.65,Yes,No,No,No internet service,No internet service,No internet service,No internet service,No internet service,No internet service,Month-to-month,No,Mailed check,38.7,Yes
8328-SKJNO,Male,No,No,Yes,23,40.65,No,No phone service,DSL,Yes,Yes,No,Yes,No,No,One year,No,Bank transfer (automatic),947.4,No
7010-ZMVBF,Female,No,Yes,Yes,18,20.45,Yes,No,No,No internet service,No internet service,No internet service,No internet service,No internet service,No internet service,Month-to-month,No,Mailed check,357.0,No
5201-CBWYG,Male,No,Yes,Yes,62,24.8,Yes,Yes,No,No internet service,No internet service,No internet service,No internet service,No internet service,No internet service,One year,No,Bank transfer (automatic),1476.25,No
0968-GSIKN,Female,No,No,No,1,70.8,Yes,No,Fiber optic,No,No,No,No,No,No,Month-to-month,Yes,Mailed check,70.8,Yes
1965-DDBWU,Male,No,No,No,16,89.05,Yes,Yes,Fiber optic,No,No,No,Yes,No,Yes,Month-to-month,Yes,Credit card (automatic),1448.6,Yes
9057-SIHCH,Female,No,No,No,3,96.6,Yes,Yes,Fiber optic,No,No,No,No,Yes,Yes,Month-to-month,Yes,Electronic check,291.9,Yes
6352-GIGGQ,Male,No,No,No,67,88.8,Yes,Yes,DSL,Yes,Yes,Yes,Yes,Yes,Yes,One year,Yes,Bank transfer (automatic),5903.15,No
3635-QQRQD,Male,No,No,No,62,20.05,Yes,No,No,No internet service,No internet service,No internet service,No internet service,No internet service,No internet service,Two year,Yes,Credit card (automatic),1201.65,No
6771-XWBDM,Female,No,Yes,No,57,104.5,Yes,Yes,Fiber optic,No,Yes,Yes,No,Yes,Yes,Month-to-month,Yes,Credit card (automatic),5921.35,Yes
2897-DOVND,Male,No,No,No,2,69.8,Yes,No,Fiber optic,No,No,No,No,No,No,Month-to-month,Yes,Electronic check,146.65,No
3082-YVEKW,Female,No,Yes,Yes,23,77.15,Yes,Yes,DSL,Yes,No,Yes,Yes,Yes,No,Two year,Yes,Bank transfer (automatic),1759.4,No
0191-EQUUH,Female,No,No,Yes,25,35.05,No,No phone service,DSL,Yes,No,No,Yes,No,No,Two year,No,Bank transfer (automatic),844.45,No
7134-HBPBS,Female,Yes,No,No,72,108.1,Yes,Yes,Fiber optic,No,Yes,Yes,Yes,Yes,Yes,Two year,Yes,Bank transfer (automatic),7774.05,No
3489-HHPFY,Female,No,Yes,No,2,84.05,Yes,Yes,Fiber optic,No,No,No,No,Yes,No,Month-to-month,Yes,Electronic check,134.05,No
2926-JEJJC,Female,No,No,No,8,20.2,Yes,No,No,No internet service,No internet service,No internet service,No internet service,No internet service,No internet service,One year,Yes,Bank transfer (automatic),140.95,No
8601-QACRS,Female,No,No,No,5,50.6,Yes,Yes,DSL,No,No,No,No,No,No,Month-to-month,Yes,Mailed check,249.95,Yes
4950-BDEUX,Male,No,No,No,35,49.2,No,No phone service,DSL,No,No,Yes,No,Yes,Yes,Month-to-month,No,Electronic check,1701.65,No
5789-LDFXO,Male,No,No,No,24,24.6,Yes,Yes,No,No internet service,No internet service,No internet service,No internet service,No internet service,No internet service,One year,No,Electronic check,592.65,No
0508-OOLTO,Female,No,Yes,Yes,2,71.65,Yes,No,Fiber optic,No,No,No,No,No,No,Month-to-month,Yes,Electronic check,135.75,No
2984-TBYKU,Male,No,Yes,Yes,72,104.9,Yes,Yes,Fiber optic,Yes,Yes,Yes,Yes,No,Yes,Two year,Yes,Credit card (automatic),7732.65,No
9822-WMWVG,Female,No,No,No,41,106.5,Yes,Yes,Fiber optic,Yes,Yes,Yes,Yes,Yes,No,Month-to-month,Yes,Electronic check,4282.4,No
2391-SOORI,Male,No,No,Yes,4,49.35,Yes,No,DSL,Yes,No,No,No,No,No,Month-to-month,No,Electronic check,219.65,Yes
9040-KZVWO,Male,No,No,No,26,75.5,Yes,No,Fiber optic,No,Yes,No,No,No,No,One year,No,Bank transfer (automatic),2018.1,No
2645-QTLMB,Male,No,No,No,7,94.25,Yes,No,Fiber optic,No,Yes,No,No,Yes,Yes,Month-to-month,Yes,Electronic check,669.0,Yes
4806-HIPDW,Female,No,Yes,No,1,68.95,Yes,No,Fiber optic,No,No,No,No,No,No,Month-to-month,Yes,Electronic check,68.95,Yes
1548-ARAGG,Female,No,Yes,Yes,4,58.5,Yes,Yes,DSL,No,Yes,No,Yes,No,No,Month-to-month,Yes,Mailed check,224.85,No
6339-RZCBJ,Male,No,No,No,48,78.9,Yes,No,DSL,No,Yes,Yes,Yes,Yes,Yes,Two year,No,Credit card (automatic),3771.5,No
4424-TKOPW,Male,Yes,No,No,2,93.85,Yes,Yes,Fiber optic,No,No,No,No,Yes,Yes,Month-to-month,Yes,Electronic check,196.75,Yes
4415-WNGVR,Female,Yes,Yes,No,12,79.2,Yes,No,DSL,Yes,No,Yes,Yes,Yes,Yes,One year,Yes,Electronic check,943.85,No
2522-AHJXR,Male,No,Yes,No,60,109.45,Yes,Yes,Fiber optic,Yes,No,Yes,Yes,Yes,Yes,Month-to-month,Yes,Bank transfer (automatic),6572.85,No
0412-UCCNP,Male,No,No,No,55,59.2,Yes,No,DSL,Yes,No,Yes,Yes,No,No,Two year,Yes,Electronic check,3175.85,No
1816-FLZDK,Male,No,No,No,1,29.15,No,No phone service,DSL,No,No,No,Yes,No,No,Month-to-month,No,Mailed check,29.15,No
7096-UCLNH,Male,No,No,No,1,20.05,Yes,No,No,No internet service,No internet service,No internet service,No internet service,No internet service,No internet service,Month-to-month,No,Mailed check,20.05,No
8443-ZRDBZ,Male,No,No,No,4,76.05,Yes,Yes,Fiber optic,No,No,No,No,No,No,Month-to-month,Yes,Electronic check,318.9,Yes
9136-ALYBR,Male,No,No,No,1,24.45,No,No phone service,DSL,No,No,No,No,No,No,Month-to-month,Yes,Mailed check,24.45,Yes
4615-PIVVU,Female,No,No,No,42,66.5,Yes,No,DSL,No,No,Yes,Yes,No,Yes,Two year,No,Credit card (automatic),2762.75,No
8885-QSQBX,Female,No,No,No,1,49.55,Yes,No,DSL,Yes,No,No,No,No,No,Month-to-month,No,Bank transfer (automatic),49.55,No
7479-NITWS,Male,No,No,No,7,89.35,Yes,Yes,Fiber optic,No,No,Yes,No,Yes,No,Month-to-month,Yes,Credit card (automatic),631.85,Yes
8617-ENBDS,Male,No,No,No,3,73.6,Yes,No,Fiber optic,No,No,Yes,No,No,No,Month-to-month,Yes,Credit card (automatic),232.5,No
9385-NXKDA,Female,No,Yes,No,72,82.65,Yes,Yes,DSL,Yes,Yes,Yes,No,Yes,Yes,Two year,Yes,Credit card (automatic),5919.35,No
0430-IHCDJ,Male,No,No,No,15,49.0,Yes,Yes,DSL,No,No,No,No,No,No,Month-to-month,Yes,Electronic check,749.25,No
2959-MJHIC,Male,No,Yes,No,4,80.35,Yes,No,Fiber optic,No,No,No,No,Yes,No,Month-to-month,Yes,Electronic check,307.4,Yes
6674-KVJHG,Female,No,No,No,11,25.2,Yes,Yes,No,No internet service,No internet service,No internet service,No internet service,No internet service,No internet service,One year,No,Electronic check,245.15,No
1814-DKOLC,Female,No,No,No,5,25.45,Yes,Yes,No,No internet service,No internet service,No internet service,No internet service,No internet service,No internet service,Month-to-month,No,Mailed check,134.75,No
4201-JMNGR,Female,Yes,No,No,1,55.8,Yes,No,DSL,Yes,No,Yes,No,No,No,Month-to-month,Yes,Electronic check,55.8,Yes
9351-HXDMR,Male,No,Yes,No,72,110.9,Yes,Yes,Fiber optic,Yes,No,Yes,Yes,Yes,Yes,Two year,Yes,Credit card (automatic),8240.85,No
3537-HPKQT,Female,No,Yes,No,55,77.75,Yes,Yes,Fiber optic,No,Yes,No,No,No,No,Month-to-month,Yes,Credit card (automatic),4266.4,No
2129-ALKBS,Female,No,Yes,Yes,40,26.2,Yes,Yes,No,No internet service,No internet service,No internet service,No internet service,No internet service,No internet service,Month-to-month,Yes,Electronic check,1077.5,No
5821-MMEIL,Female,No,Yes,No,57,19.9,Yes,No,No,No internet service,No internet service,No internet service,No internet service,No internet service,No internet service,Two year,No,Bank transfer (automatic),1115.6,No
5960-WPXQM,Male,No,No,No,1,79.05,Yes,No,Fiber optic,No,No,No,No,Yes,No,Month-to-month,Yes,Electronic check,79.05,Yes
0684-AOSIH,Male,No,Yes,No,1,95.0,Yes,No,Fiber optic,Yes,No,No,No,Yes,Yes,Month-to-month,Yes,Electronic check,95.0,Yes
8260-NGFNY,Female,No,No,No,1,25.2,No,No phone service,DSL,No,No,No,No,No,No,Month-to-month,No,Mailed check,25.2,Yes
1309-XGFSN,Male,Yes,Yes,Yes,52,80.85,Yes,Yes,DSL,No,Yes,Yes,No,Yes,Yes,One year,Yes,Electronic check,4079.55,No
1866-RZZQS,Male,Yes,No,No,41,98.4,Yes,Yes,Fiber optic,No,No,Yes,No,Yes,Yes,Month-to-month,Yes,Electronic check,4187.75,Yes
6968-URWQU,Male,No,Yes,No,43,56.35,Yes,No,DSL,No,No,No,No,Yes,No,One year,Yes,Mailed check,2391.15,No
4742-TXUEX,Female,No,Yes,Yes,47,19.3,Yes,No,No,No internet service,No internet service,No internet service,No internet service,No internet service,No internet service,Two year,No,Bank transfer (automatic),890.5,No
9631-XEYKE,Male,No,No,No,3,50.4,Yes,Yes,DSL,No,No,No,No,No,No,Month-to-month,No,Bank transfer (automatic),137.25,No
8631-NBHFZ,Male,Yes,Yes,Yes,66,79.4,Yes,Yes,DSL,Yes,Yes,Yes,Yes,Yes,No,Two year,No,Credit card (automatic),5154.6,Yes
1335-MXCSE,Male,No,Yes,Yes,55,55.25,Yes,No,DSL,No,No,Yes,Yes,No,No,Two year,Yes,Credit card (automatic),3119.9,No
8873-TMKGR,Male,No,No,No,29,19.1,Yes,No,No,No internet service,No internet service,No internet service,No internet service,No internet service,No internet service,One year,No,Mailed check,529.5,No
8800-JOOCF,Female,No,No,Yes,12,84.05,Yes,Yes,Fiber optic,No,No,No,No,Yes,No,Month-to-month,Yes,Electronic check,966.55,No
1469-LBJQJ,Female,No,Yes,No,66,105.2,Yes,Yes,Fiber optic,No,Yes,Yes,No,Yes,Yes,Month-to-month,Yes,Electronic check,6936.85,No
4958-XCBDQ,Male,Yes,No,No,35,101.4,Yes,Yes,Fiber optic,No,No,Yes,No,Yes,Yes,Month-to-month,Yes,Electronic check,3496.3,Yes
8337-UPOAQ,Male,Yes,Yes,No,10,89.8,Yes,Yes,Fiber optic,No,No,Yes,No,No,Yes,Month-to-month,Yes,Electronic check,914.3,Yes
0064-YIJGF,Male,No,Yes,Yes,27,75.75,Yes,Yes,Fiber optic,No,No,No,No,No,No,Month-to-month,Yes,Bank transfer (automatic),1929.0,No
2386-OWURY,Female,No,No,No,58,95.3,Yes,No,Fiber optic,No,No,No,Yes,Yes,Yes,Month-to-month,Yes,Electronic check,5817.7,No
1725-IQNIY,Male,No,Yes,No,54,109.75,Yes,No,Fiber optic,Yes,Yes,Yes,Yes,Yes,Yes,Two year,No,Bank transfer (automatic),6110.2,Yes
0310-VQXAM,Male,No,No,No,9,19.85,Yes,No,No,No internet service,No internet service,No internet service,No internet service,No internet service,No internet service,Month-to-month,No,Mailed check,178.8,No
6598-RFFVI,Male,No,No,No,2,19.3,Yes,No,No,No internet service,No internet service,No internet service,No internet service,No internet service,No internet service,One year,No,Credit card (automatic),28.3,Yes
3453-RTHJQ,Male,No,No,No,6,69.1,Yes,No,Fiber optic,No,No,No,No,No,No,Month-to-month,Yes,Electronic check,435.0,No
6712-OAWRH,Female,Yes,No,No,26,91.25,Yes,No,Fiber optic,No,No,No,No,Yes,Yes,Month-to-month,Yes,Electronic check,2351.8,Yes
6278-FEPBZ,Female,No,No,No,9,20.25,Yes,No,No,No internet service,No internet service,No internet service,No internet service,No internet service,No internet service,Month-to-month,No,Mailed check,186.15,No
4280-DLSHD,Male,No,Yes,No,8,54.75,Yes,No,DSL,No,Yes,Yes,No,No,No,Month-to-month,Yes,Mailed check,445.85,No
1508-DFXCU,Male,No,No,No,12,81.45,Yes,No,Fiber optic,No,No,No,No,Yes,No,Month-to-month,Yes,Electronic check,912.0,No
8614-VGMMV,Female,No,No,No,15,49.1,Yes,Yes,DSL,No,No,No,No,No,No,Month-to-month,Yes,Electronic check,679.55,Yes
7868-BGSZA,Male,No,Yes,No,43,80.2,Yes,Yes,DSL,Yes,No,Yes,No,Yes,Yes,One year,Yes,Electronic check,3581.6,No
2800-QQUSO,Male,No,No,No,42,100.3,Yes,Yes,Fiber optic,No,No,No,Yes,Yes,Yes,Month-to-month,Yes,Electronic check,4222.95,No
2930-UOTMB,Female,No,No,No,31,65.25,Yes,Yes,DSL,Yes,No,Yes,Yes,No,No,Month-to-month,No,Credit card (automatic),1994.3,Yes
7973-DZRKH,Female,No,No,Yes,66,90.95,Yes,Yes,Fiber optic,Yes,No,Yes,Yes,No,No,Two year,Yes,Credit card (automatic),5930.05,No
5914-DVBWJ,Female,Yes,No,No,18,85.45,Yes,Yes,Fiber optic,No,Yes,No,Yes,No,No,Month-to-month,Yes,Electronic check,1505.85,Yes
7698-YFGEZ,Male,No,No,No,1,20.0,Yes,No,No,No internet service,No internet service,No internet service,No internet service,No internet service,No internet service,Month-to-month,No,Mailed check,20.0,No
2533-QVMSK,Male,No,Yes,No,61,94.1,Yes,Yes,Fiber optic,No,Yes,No,Yes,Yes,No,Two year,Yes,Electronic check,5638.3,Yes
9773-PEQBZ,Male,No,No,No,10,79.85,Yes,Yes,Fiber optic,No,Yes,No,No,No,No,Month-to-month,No,Electronic check,797.25,No
8644-XLFBW,Male,Yes,No,No,1,71.65,Yes,No,Fiber optic,No,No,No,No,No,No,Month-to-month,Yes,Electronic check,71.65,Yes
0650-BWOZN,Female,Yes,No,No,18,73.55,Yes,No,Fiber optic,No,Yes,No,No,No,No,Month-to-month,Yes,Electronic check,1359.45,No
8625-AZYZY,Male,No,Yes,No,24,104.65,Yes,Yes,Fiber optic,No,Yes,Yes,No,Yes,Yes,Month-to-month,Yes,Electronic check,2542.45,Yes
7785-RDVIG,Female,No,Yes,Yes,3,19.3,Yes,No,No,No internet service,No internet service,No internet service,No internet service,No internet service,No internet service,Month-to-month,No,Mailed check,54.7,No
9602-WCXPI,Male,No,No,No,50,20.15,Yes,No,No,No internet service,No internet service,No internet service,No internet service,No internet service,No internet service,One year,No,Credit card (automatic),989.05,No
2903-YYTBW,Male,No,Yes,Yes,1,44.55,Yes,No,DSL,No,No,No,No,No,No,Month-to-month,No,Electronic check,44.55,No
3620-MWJNE,Male,No,No,No,2,54.45,Yes,No,DSL,Yes,No,No,Yes,No,No,Month-to-month,Yes,Mailed check,87.3,No
8573-JGCZW,Male,No,No,No,17,19.65,Yes,No,No,No internet service,No internet service,No internet service,No internet service,No internet service,No internet service,One year,Yes,Bank transfer (automatic),351.55,No
6837-HAEVO,Male,No,Yes,Yes,69,105.0,Yes,Yes,Fiber optic,No,Yes,Yes,No,Yes,Yes,Two year,Yes,Electronic check,7297.75,No
6701-YVNQG,Male,No,Yes,No,72,88.7,Yes,Yes,DSL,Yes,Yes,Yes,Yes,Yes,Yes,Two year,Yes,Credit card (automatic),6301.7,No
9306-CPCBC,Female,No,No,No,3,74.25,Yes,Yes,Fiber optic,No,No,No,No,No,No,Month-to-month,Yes,Electronic check,210.3,Yes
4304-XUMGI,Male,Yes,Yes,Yes,50,75.15,Yes,Yes,DSL,Yes,Yes,Yes,No,No,Yes,Two year,Yes,Bank transfer (automatic),3822.45,No
9504-YAZWB,Female,No,No,No,53,20.25,Yes,No,No,No internet service,No internet service,No internet service,No internet service,No internet service,No internet service,Two year,No,Mailed check,1048.45,No
8819-ZBYNA,Female,No,Yes,No,58,109.1,Yes,Yes,Fiber optic,Yes,Yes,No,Yes,Yes,Yes,Two year,Yes,Credit card (automatic),6393.65,No
6174-NRBTZ,Male,No,No,No,46,30.75,No,No phone service,DSL,Yes,No,No,No,No,No,One year,Yes,Bank transfer (automatic),1489.3,No
9481-IEBZY,Male,Yes,Yes,No,72,112.9,Yes,Yes,Fiber optic,Yes,Yes,Yes,Yes,Yes,Yes,Month-to-month,Yes,Credit card (automatic),8061.5,No
1833-VGRUM,Female,Yes,No,No,1,74.2,Yes,Yes,Fiber optic,No,No,No,No,No,No,Month-to-month,Yes,Electronic check,74.2,Yes
6137-NICCO,Female,No,Yes,Yes,6,94.05,Yes,Yes,Fiber optic,No,Yes,Yes,No,Yes,No,Month-to-month,Yes,Mailed check,518.75,No
9065-ZCPQX,Male,No,Yes,No,72,78.85,Yes,Yes,DSL,Yes,Yes,Yes,Yes,No,Yes,Two year,No,Bank transfer (automatic),5763.15,No
6402-EJMWF,Male,No,No,No,4,55.3,Yes,No,DSL,No,No,No,No,No,Yes,Month-to-month,Yes,Mailed check,238.5,No
3620-EHIMZ,Female,No,Yes,Yes,52,19.35,Yes,No,No,No internet service,No internet service,No internet service,No internet service,No internet service,No internet service,Two year,No,Mailed check,1031.7,No
3213-VVOLG,Male,No,Yes,Yes,0,25.35,Yes,Yes,No,No internet service,No internet service,No internet service,No internet service,No internet service,No internet service,Two year,No,Mailed check,,No
6870-ECSHE,Female,No,No,No,2,20.45,Yes,No,No,No internet service,No internet service,No internet service,No internet service,No internet service,No internet service,One year,No,Mailed check,34.8,No
8747-UDCOI,Female,No,Yes,No,65,19.35,Yes,No,No,No internet service,No internet service,No internet service,No internet service,No internet service,No internet service,Two year,No,Bank transfer (automatic),1319.95,No
8374-XGEJJ,Male,Yes,Yes,No,43,101.0,Yes,Yes,Fiber optic,No,Yes,No,No,Yes,Yes,Month-to-month,Yes,Electronic check,4388.4,Yes
2656-TABEH,Male,No,Yes,No,4,100.2,Yes,Yes,Fiber optic,No,Yes,No,No,Yes,Yes,Month-to-month,Yes,Electronic check,420.2,Yes
6946-LMSQS,Male,Yes,Yes,No,25,89.05,Yes,Yes,Fiber optic,Yes,No,No,No,No,Yes,One year,Yes,Electronic check,2177.45,Yes
4626-OZDTJ,Female,No,Yes,No,51,78.65,Yes,Yes,DSL,No,Yes,No,Yes,Yes,Yes,One year,Yes,Credit card (automatic),3950.85,No
9169-BSVIN,Male,No,No,No,12,74.75,Yes,Yes,DSL,No,No,Yes,No,Yes,Yes,Month-to-month,No,Bank transfer (automatic),827.05,No
2325-ZUSFD,Female,No,Yes,Yes,57,70.1,Yes,No,DSL,Yes,No,No,No,Yes,Yes,One year,Yes,Bank transfer (automatic),3913.3,Yes
8194-PEEBY,Female,No,Yes,Yes,24,19.9,Yes,No,No,No internet service,No internet service,No internet service,No internet service,No internet service,No internet service,One year,No,Mailed check,533.5,No
6872-HXFNF,Female,No,Yes,No,64,58.35,Yes,Yes,DSL,No,No,Yes,Yes,No,No,One year,No,Bank transfer (automatic),3756.45,No
3932-CMDTD,Female,No,No,No,4,105.65,Yes,No,Fiber optic,No,Yes,Yes,Yes,Yes,Yes,One year,Yes,Electronic check,443.9,Yes
7714-YXSMB,Female,No,No,No,26,100.5,Yes,Yes,Fiber optic,No,No,Yes,No,Yes,Yes,Month-to-month,Yes,Bank transfer (automatic),2599.95,No
8387-UGUSU,Female,No,Yes,Yes,15,20.05,Yes,No,No,No internet service,No internet service,No internet service,No internet service,No internet service,No internet service,Month-to-month,No,Mailed check,284.3,No
1080-BWSYE,Male,Yes,Yes,No,64,25.65,Yes,Yes,No,No internet service,No internet service,No internet service,No internet service,No internet service,No internet service,Two year,No,Credit card (automatic),1740.8,No
4039-HEUNW,Male,Yes,Yes,No,36,96.5,Yes,Yes,Fiber optic,No,Yes,No,No,Yes,Yes,Month-to-month,Yes,Electronic check,3436.1,Yes
1194-HVAIF,Female,No,Yes,No,27,95.0,Yes,Yes,Fiber optic,No,No,No,No,Yes,Yes,Month-to-month,No,Credit card (automatic),2462.55,No
0812-WUPTB,Male,Yes,Yes,No,1,70.85,Yes,No,Fiber optic,No,No,No,No,No,No,Month-to-month,No,Mailed check,70.85,Yes
3594-UVONA,Female,No,No,No,35,85.95,Yes,Yes,DSL,Yes,No,Yes,Yes,Yes,Yes,One year,Yes,Credit card (automatic),3110.1,Yes
0004-TLHLJ,Male,No,No,No,4,73.9,Yes,No,Fiber optic,No,No,Yes,No,No,No,Month-to-month,Yes,Electronic check,280.85,Yes
1767-TGTKO,Female,No,Yes,Yes,8,45.45,Yes,No,DSL,No,No,No,No,No,No,Month-to-month,Yes,Electronic check,411.75,No
8439-LTUGF,Male,No,No,No,10,20.0,Yes,No,No,No internet service,No internet service,No internet service,No internet service,No internet service,No internet service,Month-to-month,Yes,Credit card (automatic),198.6,No
8805-JNRAZ,Female,No,No,No,2,49.2,Yes,No,DSL,No,Yes,No,No,No,No,Month-to-month,No,Mailed check,103.7,No
5089-IFSDP,Female,No,Yes,No,58,109.45,Yes,Yes,Fiber optic,Yes,Yes,Yes,No,Yes,Yes,Two year,Yes,Bank transfer (automatic),6144.55,Yes
6418-HNFED,Male,No,Yes,No,51,83.25,Yes,No,DSL,Yes,Yes,Yes,Yes,Yes,Yes,Two year,Yes,Credit card (automatic),4089.45,No
0206-OYVOC,Female,No,Yes,Yes,46,19.25,Yes,No,No,No internet service,No internet service,No internet service,No internet service,No internet service,No internet service,Two year,Yes,Mailed check,864.2,No
7291-CDTMJ,Male,No,No,No,1,19.65,Yes,No,No,No internet service,No internet service,No internet service,No internet service,No internet service,No internet service,Month-to-month,Yes,Bank transfer (automatic),19.65,No
7128-GGCNO,Male,No,No,No,46,72.8,Yes,Yes,Fiber optic,No,No,No,No,No,No,Month-to-month,No,Bank transfer (automatic),3249.4,No
0237-YFUTL,Female,No,Yes,No,50,109.65,Yes,Yes,Fiber optic,Yes,Yes,No,Yes,Yes,Yes,Month-to-month,Yes,Bank transfer (automatic),5405.8,No
7691-KGKGP,Male,No,Yes,Yes,53,65.0,Yes,No,DSL,No,Yes,No,Yes,Yes,No,Month-to-month,No,Credit card (automatic),3363.8,No
6710-HSJRD,Male,No,Yes,No,61,114.1,Yes,Yes,Fiber optic,No,Yes,Yes,Yes,Yes,Yes,Month-to-month,Yes,Electronic check,7132.15,No
3675-EQOZA,Male,No,No,No,5,20.65,Yes,No,No,No internet service,No internet service,No internet service,No internet service,No internet service,No internet service,Month-to-month,No,Bank transfer (automatic),93.55,No
0840-DCNZE,Male,No,No,No,47,86.95,Yes,No,DSL,Yes,Yes,Yes,Yes,Yes,Yes,One year,Yes,Bank transfer (automatic),4138.9,No
1732-FEKLD,Female,No,No,No,54,94.75,Yes,Yes,Fiber optic,No,Yes,Yes,No,Yes,No,One year,Yes,Bank transfer (automatic),5121.75,No
9862-KJTYK,Male,No,No,Yes,19,25.35,No,No phone service,DSL,No,No,No,No,No,No,Month-to-month,Yes,Credit card (automatic),566.1,No
0479-HMSWA,Female,No,No,Yes,26,105.45,Yes,No,Fiber optic,No,Yes,Yes,Yes,Yes,Yes,Two year,Yes,Electronic check,2715.3,No
5854-KSRBJ,Male,No,Yes,Yes,70,25.4,Yes,Yes,No,No internet service,No internet service,No internet service,No internet service,No internet service,No internet service,Two year,No,Mailed check,1782.05,No
0365-BZUWY,Male,No,Yes,No,17,102.55,Yes,Yes,Fiber optic,No,Yes,Yes,No,Yes,Yes,Month-to-month,Yes,Electronic check,1742.5,No
4817-VYYWS,Female,No,No,No,30,100.2,Yes,Yes,Fiber optic,No,Yes,No,No,Yes,Yes,Month-to-month,Yes,Electronic check,2983.8,Yes
5701-SVCWR,Female,No,No,Yes,1,24.0,Yes,Yes,No,No internet service,No internet service,No internet service,No internet service,No internet service,No internet service,Month-to-month,No,Mailed check,24.0,No
3129-AAQOU,Female,No,Yes,Yes,19,25.6,Yes,Yes,No,No internet service,No internet service,No internet service,No internet service,No internet service,No internet service,Two year,No,Mailed check,485.9,No
4922-CVPDX,Female,No,Yes,No,26,73.5,Yes,No,DSL,No,Yes,Yes,No,Yes,Yes,Two year,Yes,Credit card (automatic),1905.7,No
1396-QWFBJ,Female,No,Yes,Yes,21,74.05,Yes,No,Fiber optic,No,Yes,No,No,No,No,Month-to-month,Yes,Bank transfer (automatic),1565.7,Yes
1357-BIJKI,Male,No,Yes,No,50,98.25,Yes,Yes,Fiber optic,No,Yes,No,No,Yes,Yes,One year,Yes,Electronic check,4858.7,No
1099-BTKWT,Female,No,Yes,No,68,54.4,No,No phone service,DSL,Yes,No,Yes,No,Yes,Yes,One year,Yes,Electronic check,3723.65,No
5299-SJCZT,Male,No,No,No,3,101.55,Yes,Yes,Fiber optic,No,No,Yes,No,Yes,Yes,Month-to-month,Yes,Bank transfer (automatic),298.35,Yes
2018-PZKMU,Male,No,Yes,Yes,9,103.1,Yes,No,Fiber optic,No,No,Yes,Yes,Yes,Yes,Month-to-month,No,Electronic check,970.45,No
7340-KEFQE,Female,No,Yes,Yes,51,34.2,No,No phone service,DSL,Yes,No,No,Yes,No,No,Two year,No,Bank transfer (automatic),1782.0,No
4570-QHXHL,Female,No,No,No,9,43.75,Yes,No,DSL,No,No,No,No,No,No,Month-to-month,Yes,Electronic check,405.7,No
2403-BCASL,Male,Yes,Yes,Yes,41,111.95,Yes,Yes,Fiber optic,No,Yes,Yes,Yes,Yes,Yes,One year,Yes,Electronic check,4534.9,Yes
7392-YYPYJ,Male,No,No,No,22,100.65,Yes,Yes,Fiber optic,No,Yes,No,No,Yes,Yes,Month-to-month,Yes,Electronic check,2415.95,No
2898-LSJGD,Female,No,Yes,Yes,21,55.95,No,No phone service,DSL,Yes,No,Yes,No,Yes,Yes,One year,Yes,Electronic check,1157.05,Yes
2223-GDSHL,Male,No,Yes,Yes,71,116.05,Yes,Yes,Fiber optic,Yes,Yes,Yes,Yes,Yes,Yes,Two year,Yes,Bank transfer (automatic),8297.5,No
7359-PTSXY,Male,No,No,No,1,45.75,Yes,No,DSL,No,No,No,No,No,No,Month-to-month,No,Electronic check,45.75,Yes
9470-RTWDV,Male,No,Yes,Yes,26,82.0,Yes,Yes,DSL,No,No,Yes,Yes,Yes,Yes,One year,Yes,Credit card (automatic),2083.1,No
2176-OSJUV,Male,No,Yes,No,71,65.15,Yes,Yes,DSL,Yes,Yes,No,Yes,No,No,Two year,No,Bank transfer (automatic),4681.75,No
9348-YVOMK,Male,No,No,No,4,44.8,Yes,No,DSL,No,No,No,No,No,No,Month-to-month,Yes,Credit card (automatic),176.2,No
8104-OSKWT,Female,No,No,No,12,79.8,Yes,Yes,Fiber optic,Yes,No,No,No,No,No,Month-to-month,Yes,Electronic check,1001.2,No
4521-YEEHE,Female,No,Yes,No,18,88.85,Yes,Yes,Fiber optic,No,No,No,Yes,Yes,No,Month-to-month,Yes,Electronic check,1594.75,No
4090-KPJIP,Female,No,No,No,3,74.95,Yes,Yes,Fiber optic,No,No,No,No,No,No,Month-to-month,Yes,Electronic check,212.4,No
3786-WOVKF,Female,Yes,Yes,No,72,106.85,Yes,Yes,Fiber optic,Yes,Yes,No,No,Yes,Yes,One year,Yes,Bank transfer (automatic),7677.4,No
4503-BDXBD,Male,No,No,No,11,74.95,Yes,No,Fiber optic,No,Yes,No,No,No,No,Month-to-month,No,Electronic check,815.5,Yes
6086-ESGRL,Female,No,No,No,1,80.15,Yes,No,Fiber optic,No,No,No,No,No,Yes,Month-to-month,No,Credit card (automatic),80.15,Yes
2592-HODOV,Male,No,No,No,13,19.3,Yes,No,No,No internet service,No internet service,No internet service,No internet service,No internet service,No internet service,One year,No,Credit card (automatic),259.65,No
3886-CERTZ,Female,No,Yes,No,72,109.25,Yes,Yes,Fiber optic,No,Yes,Yes,Yes,Yes,Yes,One year,Yes,Electronic check,8109.8,Yes
7995-ZHHNZ,Male,No,Yes,No,42,56.1,Yes,Yes,DSL,Yes,No,No,No,No,No,One year,No,Credit card (automatic),2386.85,No
3824-RHKVR,Female,No,No,No,17,19.7,Yes,No,No,No internet service,No internet service,No internet service,No internet service,No internet service,No internet service,Month-to-month,No,Credit card (automatic),340.35,No
5816-SCGFC,Female,Yes,No,No,7,51.3,Yes,No,DSL,No,Yes,No,No,No,No,Month-to-month,Yes,Mailed check,419.35,No
5989-AXPUC,Female,No,Yes,No,68,118.6,Yes,Yes,Fiber optic,Yes,Yes,Yes,Yes,Yes,Yes,Two year,No,Mailed check,7990.05,No
4979-HPRFL,Male,No,Yes,Yes,56,24.15,Yes,Yes,No,No internet service,No internet service,No internet service,No internet service,No internet service,No internet service,Two year,No,Bank transfer (automatic),1402.25,No
8590-OHDIW,Female,No,Yes,Yes,38,20.3,Yes,No,No,No internet service,No internet service,No internet service,No internet service,No internet service,No internet service,One year,No,Mailed check,749.35,No
8015-IHCGW,Female,No,Yes,Yes,72,115.5,Yes,Yes,Fiber optic,Yes,Yes,Yes,Yes,Yes,Yes,Two year,Yes,Electronic check,8425.15,No
2332-TODQS,Female,No,No,No,48,25.05,Yes,Yes,No,No internet service,No internet service,No internet service,No internet service,No internet service,No internet service,One year,No,Credit card (automatic),1171.5,No
9278-VZKCD,Female,Yes,Yes,No,52,109.1,Yes,Yes,Fiber optic,Yes,Yes,Yes,No,Yes,Yes,Month-to-month,Yes,Electronic check,5647.95,No
8008-OTEZX,Female,No,Yes,Yes,35,19.65,Yes,No,No,No internet service,No internet service,No internet service,No internet service,No internet service,No internet service,One year,No,Mailed check,708.8,No
2773-OVBPK,Male,No,Yes,No,67,111.3,Yes,Yes,Fiber optic,No,Yes,Yes,Yes,Yes,Yes,Two year,Yes,Bank transfer (automatic),7567.2,No
5999-LCXAO,Female,No,No,No,1,29.9,No,No phone service,DSL,Yes,No,No,No,No,No,Month-to-month,No,Mailed check,29.9,No
5206-XZZQI,Male,No,No,No,53,80.6,Yes,No,Fiber optic,No,Yes,No,Yes,No,No,Month-to-month,Yes,Mailed check,4348.1,No
4803-LBYPN,Male,No,Yes,Yes,34,20.8,Yes,No,No,No internet service,No internet service,No internet service,No internet service,No internet service,No internet service,Month-to-month,No,Mailed check,635.9,No
5759-RCVCB,Female,No,No,No,3,35.2,No,No phone service,DSL,No,No,No,No,Yes,No,Month-to-month,No,Credit card (automatic),108.95,Yes
6372-RFVNS,Female,No,Yes,No,1,78.8,Yes,No,Fiber optic,No,No,No,No,Yes,No,Month-to-month,No,Electronic check,78.8,Yes
2139-FQHLM,Male,No,No,No,19,89.95,Yes,No,Fiber optic,No,No,Yes,Yes,Yes,No,Month-to-month,No,Mailed check,1682.4,No
8261-GWDBQ,Female,Yes,Yes,No,60,116.05,Yes,Yes,Fiber optic,Yes,Yes,Yes,Yes,Yes,Yes,Two year,Yes,Bank transfer (automatic),6925.9,No
1093-YSWCA,Male,No,No,No,11,19.55,Yes,No,No,No internet service,No internet service,No internet service,No internet service,No internet service,No internet service,Two year,No,Credit card (automatic),223.15,No
8938-UMKPI,Female,No,No,No,47,106.4,Yes,Yes,Fiber optic,No,Yes,Yes,No,Yes,Yes,Month-to-month,Yes,Electronic check,5127.95,Yes
0991-BRRFB,Male,No,No,No,18,49.4,Yes,No,DSL,Yes,No,No,No,No,No,Month-to-month,No,Electronic check,874.8,Yes
3882-IYOIJ,Female,No,Yes,Yes,60,115.25,Yes,Yes,Fiber optic,Yes,Yes,Yes,Yes,Yes,Yes,Two year,No,Credit card (automatic),6758.45,No
8749-TZYEC,Male,No,Yes,No,72,24.8,Yes,Yes,No,No internet service,No internet service,No internet service,No internet service,No internet service,No internet service,Two year,No,Credit card (automatic),1874.3,No
1755-FZQEC,Male,No,No,No,39,19.9,Yes,No,No,No internet service,No internet service,No internet service,No internet service,No internet service,No internet service,One year,No,Mailed check,791.15,No
3115-JPJDD,Female,No,Yes,No,59,81.25,Yes,No,Fiber optic,Yes,No,Yes,No,No,No,One year,Yes,Credit card (automatic),4639.45,No
5600-KTXFM,Male,No,Yes,Yes,2,69.95,Yes,No,Fiber optic,No,No,No,No,No,No,Month-to-month,No,Mailed check,143.9,No
3871-IKPYH,Male,Yes,No,No,1,69.1,Yes,No,Fiber optic,No,No,No,No,No,No,Month-to-month,No,Electronic check,69.1,Yes
6319-IEJWJ,Male,No,Yes,Yes,20,90.2,Yes,No,Fiber optic,No,No,No,No,Yes,Yes,Month-to-month,Yes,Electronic check,1776.55,Yes
9025-AOMKI,Female,No,No,No,6,93.55,Yes,Yes,Fiber optic,No,No,No,No,Yes,Yes,Month-to-month,Yes,Bank transfer (automatic),536.4,Yes
6339-TBELP,Male,No,No,No,71,86.4,Yes,Yes,Fiber optic,No,No,Yes,Yes,No,No,Two year,Yes,Credit card (automatic),6172.0,No
7964-YESJC,Female,No,Yes,No,24,66.3,Yes,Yes,DSL,Yes,Yes,Yes,No,No,No,Month-to-month,No,Mailed check,1559.45,No
6173-GOLSU,Male,Yes,Yes,No,67,94.65,Yes,Yes,Fiber optic,No,No,No,No,Yes,Yes,Month-to-month,Yes,Credit card (automatic),6079.0,No
5275-SQEIZ,Male,No,No,No,1,80.85,Yes,No,Fiber optic,No,No,No,No,No,Yes,Month-to-month,Yes,Mailed check,80.85,Yes
7716-YTYHG,Female,No,Yes,Yes,48,82.05,Yes,Yes,Fiber optic,No,No,No,No,No,Yes,One year,Yes,Mailed check,4029.95,Yes
9938-ZREHM,Female,No,Yes,No,37,72.1,Yes,Yes,DSL,No,Yes,No,Yes,No,Yes,One year,No,Mailed check,2658.4,No
7950-XWOVN,Male,No,No,No,11,34.7,No,No phone service,DSL,No,Yes,Yes,No,No,No,Month-to-month,No,Mailed check,383.55,No
4390-KYULV,Male,No,Yes,No,3,20.55,Yes,No,No,No internet service,No internet service,No internet service,No internet service,No internet service,No internet service,Month-to-month,Yes,Credit card (automatic),51.15,Yes
4647-MUZON,Female,No,Yes,No,18,95.95,Yes,No,Fiber optic,No,No,Yes,No,Yes,Yes,Month-to-month,Yes,Credit card (automatic),1745.5,No
9702-AIUJO,Male,No,Yes,Yes,50,44.8,Yes,No,DSL,No,No,No,No,No,No,One year,Yes,Bank transfer (automatic),2230.85,No
8849-PRIQJ,Female,No,Yes,Yes,67,109.4,Yes,Yes,Fiber optic,Yes,No,Yes,Yes,Yes,Yes,One year,Yes,Electronic check,7281.6,No
8851-RAGOV,Female,No,Yes,No,25,71.05,Yes,No,DSL,Yes,Yes,No,Yes,No,Yes,Month-to-month,Yes,Mailed check,1837.7,No
1304-NECVQ,Female,Yes,No,No,2,78.55,Yes,Yes,Fiber optic,No,No,Yes,No,No,No,Month-to-month,Yes,Electronic check,149.55,Yes
5396-IZEPB,Male,No,No,No,9,19.7,Yes,No,No,No internet service,No internet service,No internet service,No internet service,No internet service,No internet service,Month-to-month,No,Credit card (automatic),180.7,No
1729-VLAZJ,Female,No,No,Yes,10,40.25,No,No phone service,DSL,Yes,Yes,No,Yes,No,No,One year,No,Mailed check,411.45,No
8285-ABVLB,Female,No,Yes,No,70,19.85,Yes,No,No,No internet service,No internet service,No internet service,No internet service,No internet service,No internet service,Two year,No,Credit card (automatic),1328.35,No
0701-TJSEF,Male,No,No,No,9,68.25,Yes,No,DSL,Yes,No,Yes,Yes,No,Yes,Month-to-month,Yes,Bank transfer (automatic),576.95,No
5712-VBOXD,Female,No,No,No,4,20.15,Yes,No,No,No internet service,No internet service,No internet service,No internet service,No internet service,No internet service,Month-to-month,Yes,Credit card (automatic),68.45,No
6629-LADHQ,Female,No,No,No,2,50.95,Yes,No,DSL,Yes,No,No,No,No,No,Month-to-month,No,Mailed check,123.05,No
8945-GRKHX,Female,No,No,Yes,1,78.65,Yes,No,Fiber optic,No,No,No,No,No,Yes,Month-to-month,No,Electronic check,78.65,Yes
1559-DTODC,Male,No,No,No,19,25.15,No,No phone service,DSL,No,No,No,No,No,No,Month-to-month,Yes,Bank transfer (automatic),468.35,No
4797-MIWUM,Male,No,Yes,Yes,7,20.25,Yes,No,No,No internet service,No internet service,No internet service,No internet service,No internet service,No internet service,Month-to-month,Yes,Bank transfer (automatic),174.7,No
6959-UWKHF,Male,No,No,No,1,42.9,Yes,No,DSL,No,No,No,No,No,No,Month-to-month,Yes,Electronic check,42.9,Yes
8720-RQSBJ,Male,Yes,No,No,1,44.0,Yes,No,DSL,No,No,No,No,No,No,Month-to-month,No,Electronic check,44.0,No
4537-CIBHB,Female,No,Yes,Yes,9,20.25,Yes,No,No,No internet service,No internet service,No internet service,No internet service,No internet service,No internet service,One year,No,Mailed check,172.35,No
3815-SLMEF,Female,No,No,No,3,34.25,No,No phone service,DSL,Yes,No,No,Yes,No,No,Month-to-month,No,Mailed check,139.35,Yes
5154-VEKBL,Female,No,No,No,9,58.5,No,No phone service,DSL,Yes,No,Yes,Yes,Yes,Yes,Month-to-month,No,Mailed check,539.85,Yes
4324-AHJKS,Female,No,No,No,5,55.8,Yes,No,DSL,Yes,No,Yes,No,No,No,Month-to-month,No,Credit card (automatic),300.4,No
4355-CVPVS,Female,No,Yes,Yes,56,88.9,Yes,No,Fiber optic,No,No,No,No,Yes,Yes,One year,No,Bank transfer (automatic),4968.0,No
4495-LHSSK,Female,No,No,Yes,18,57.65,Yes,Yes,DSL,Yes,No,No,No,No,No,Month-to-month,No,Mailed check,992.7,No
5655-JSMZM,Male,Yes,No,No,49,96.2,Yes,Yes,Fiber optic,No,No,No,No,Yes,Yes,Month-to-month,Yes,Electronic check,4718.25,Yes
5915-ANOEI,Male,No,Yes,No,70,79.15,Yes,Yes,DSL,Yes,Yes,Yes,Yes,Yes,No,Two year,No,Mailed check,5536.5,No
9861-PDSZP,Female,No,No,No,72,108.05,Yes,Yes,Fiber optic,No,Yes,Yes,Yes,Yes,Yes,Two year,Yes,Credit card (automatic),7806.6,No
4505-EXZHB,Female,Yes,No,No,6,74.4,Yes,No,Fiber optic,No,No,Yes,No,No,No,Month-to-month,No,Electronic check,434.1,Yes
7225-CBZPL,Male,Yes,Yes,No,17,94.8,Yes,Yes,Fiber optic,No,No,No,No,Yes,Yes,Month-to-month,Yes,Electronic check,1563.9,No
6704-UTUKK,Male,No,Yes,No,29,45.9,No,No phone service,DSL,No,No,No,No,Yes,Yes,Month-to-month,Yes,Electronic check,1332.4,No
4587-VVTOX,Female,No,Yes,No,6,105.3,Yes,Yes,Fiber optic,No,Yes,Yes,No,Yes,Yes,Month-to-month,Yes,Electronic check,545.2,Yes
2019-HDCZY,Male,No,Yes,No,63,102.6,Yes,Yes,Fiber optic,No,No,Yes,No,Yes,Yes,Two year,No,Electronic check,6296.75,No
4652-NNHNY,Male,No,Yes,No,16,73.85,Yes,Yes,Fiber optic,No,No,No,No,No,No,Month-to-month,Yes,Bank transfer (automatic),1284.2,Yes
8788-DOXSU,Male,No,No,No,59,61.35,Yes,No,DSL,No,No,Yes,No,No,Yes,One year,Yes,Bank transfer (automatic),3645.5,No
7404-JLKQG,Female,No,No,No,3,57.55,Yes,No,DSL,No,No,Yes,No,Yes,No,Month-to-month,No,Electronic check,161.45,No
7421-ZLUPA,Female,No,No,No,8,29.25,No,No phone service,DSL,No,Yes,No,No,No,No,Month-to-month,Yes,Mailed check,226.95,No
8972-HJWNV,Female,Yes,Yes,No,7,84.55,Yes,Yes,Fiber optic,No,No,No,No,No,Yes,Month-to-month,Yes,Electronic check,646.85,Yes
3274-NSDWE,Female,No,No,No,68,19.6,Yes,No,No,No internet service,No internet service,No internet service,No internet service,No internet service,No internet service,Two year,No,Credit card (automatic),1441.65,No
2632-IVXVF,Female,No,Yes,Yes,68,111.75,Yes,Yes,Fiber optic,Yes,No,Yes,Yes,Yes,Yes,Two year,No,Credit card (automatic),7511.3,No
3692-JHONH,Female,Yes,Yes,No,52,106.5,Yes,Yes,Fiber optic,No,Yes,Yes,No,Yes,Yes,One year,Yes,Electronic check,5621.85,No
8915-NNTRC,Male,No,Yes,Yes,72,107.7,Yes,Yes,Fiber optic,Yes,Yes,No,Yes,Yes,Yes,Two year,Yes,Credit card (automatic),7919.8,No
5914-GXMDA,Female,No,Yes,No,32,19.3,Yes,No,No,No internet service,No internet service,No internet service,No internet service,No internet service,No internet service,One year,No,Mailed check,593.2,No
7463-IFMQU,Female,No,Yes,No,72,20.05,Yes,No,No,No internet service,No internet service,No internet service,No internet service,No internet service,No internet service,Two year,No,Bank transfer (automatic),1423.65,No
2920-RNCEZ,Male,No,Yes,Yes,1,69.95,Yes,No,Fiber optic,No,No,No,No,No,No,Month-to-month,Yes,Credit card (automatic),69.95,No
2541-YGPKE,Male,No,Yes,Yes,42,63.7,Yes,No,DSL,Yes,No,No,Yes,No,Yes,One year,No,Credit card (automatic),2763.35,No
8515-OCTJS,Female,No,No,No,25,24.75,Yes,Yes,No,No internet service,No internet service,No internet service,No internet service,No internet service,No internet service,Two year,No,Credit card (automatic),692.1,Yes
5382-TEMLV,Male,No,No,No,45,50.9,Yes,No,DSL,Yes,No,No,No,No,No,Month-to-month,Yes,Bank transfer (automatic),2298.55,No
3441-CGZJH,Female,No,Yes,Yes,43,60.4,No,No phone service,DSL,Yes,No,Yes,Yes,Yes,Yes,One year,Yes,Credit card (automatic),2640.55,No
9592-ERDKV,Male,No,Yes,No,37,79.25,Yes,Yes,DSL,Yes,No,Yes,No,Yes,Yes,One year,No,Mailed check,2911.8,No
2860-RANUS,Female,Yes,No,No,20,85.8,Yes,Yes,Fiber optic,No,No,No,No,No,Yes,Month-to-month,Yes,Credit card (automatic),1727.5,Yes
5261-QSHQM,Female,No,No,No,4,24.45,No,No phone service,DSL,No,No,No,No,No,No,Month-to-month,Yes,Electronic check,86.6,Yes
4778-IZARL,Male,No,Yes,No,63,110.1,Yes,No,Fiber optic,Yes,Yes,Yes,Yes,Yes,Yes,Two year,Yes,Credit card (automatic),6705.7,No
0432-CAJZV,Male,No,No,No,3,90.7,Yes,No,Fiber optic,No,No,No,No,Yes,Yes,Month-to-month,No,Mailed check,237.65,No
7008-LZVOZ,Male,No,Yes,Yes,66,25.3,Yes,Yes,No,No internet service,No internet service,No internet service,No internet service,No internet service,No internet service,Two year,Yes,Credit card (automatic),1672.35,No
8868-WOZGU,Male,No,No,No,28,105.7,Yes,Yes,Fiber optic,No,Yes,Yes,No,Yes,Yes,Month-to-month,Yes,Electronic check,2979.5,Yes
1200-TUZHR,Female,Yes,No,No,8,85.2,Yes,Yes,Fiber optic,No,No,No,No,No,Yes,Month-to-month,No,Electronic check,695.75,No
9365-CSLBQ,Male,No,No,Yes,71,24.35,Yes,Yes,No,No internet service,No internet service,No internet service,No internet service,No internet service,No internet service,Two year,No,Mailed check,1654.6,No
1334-FJSVR,Male,No,No,No,1,24.25,No,No phone service,DSL,No,No,No,No,No,No,Month-to-month,Yes,Electronic check,24.25,Yes
5884-FBCTL,Female,No,Yes,Yes,72,25.1,Yes,Yes,No,No internet service,No internet service,No internet service,No internet service,No internet service,No internet service,Two year,No,Bank transfer (automatic),1857.85,No
7130-CTCUS,Male,Yes,Yes,No,16,54.55,Yes,No,DSL,Yes,Yes,No,No,No,No,Month-to-month,Yes,Bank transfer (automatic),825.1,No
6242-FEGFD,Male,No,Yes,No,66,96.6,Yes,Yes,Fiber optic,Yes,Yes,Yes,Yes,No,No,Two year,No,Mailed check,6424.25,No
7625-XCQRH,Female,No,No,No,11,76.5,Yes,Yes,Fiber optic,No,No,No,No,No,No,Month-to-month,Yes,Electronic check,837.95,Yes
6194-HBGQN,Male,No,No,No,51,81.15,Yes,Yes,DSL,Yes,Yes,Yes,Yes,Yes,No,One year,Yes,Credit card (automatic),4126.2,No
7634-WSWDB,Female,No,No,Yes,8,38.5,No,No phone service,DSL,Yes,No,No,No,No,Yes,Month-to-month,Yes,Electronic check,330.8,No
6986-IXNDM,Male,No,No,No,14,92.9,Yes,No,Fiber optic,No,No,No,No,Yes,Yes,Month-to-month,Yes,Electronic check,1337.45,No
1731-TVIUK,Female,No,No,No,4,93.5,Yes,Yes,Fiber optic,No,Yes,No,Yes,No,Yes,Month-to-month,Yes,Electronic check,362.2,Yes
2987-BJXIK,Female,No,No,No,70,84.7,Yes,Yes,DSL,Yes,Yes,Yes,No,Yes,Yes,Two year,No,Mailed check,5991.05,No
9769-TSBZE,Female,No,No,Yes,70,66.0,Yes,Yes,DSL,Yes,Yes,No,Yes,No,No,Two year,No,Electronic check,4891.5,No
0406-BPDVR,Female,Yes,Yes,No,54,101.5,Yes,Yes,Fiber optic,No,Yes,No,No,Yes,Yes,One year,Yes,Credit card (automatic),5373.1,Yes
0618-XWMSS,Male,No,No,Yes,28,74.9,Yes,No,Fiber optic,Yes,No,No,No,No,No,Month-to-month,Yes,Bank transfer (automatic),2068.55,Yes
1395-WSWXR,Male,No,No,No,24,20.75,Yes,No,No,No internet service,No internet service,No internet service,No internet service,No internet service,No internet service,Two year,No,Mailed check,487.05,No
6023-GSSXW,Female,No,Yes,No,69,61.45,Yes,No,DSL,No,Yes,No,No,No,Yes,Two year,Yes,Credit card (automatic),4131.2,No
6752-APNJL,Male,No,Yes,Yes,42,54.5,Yes,No,DSL,Yes,Yes,No,No,No,No,Month-to-month,No,Mailed check,2301.15,No
5276-KQWHG,Female,Yes,No,No,2,69.6,Yes,No,Fiber optic,No,No,No,No,No,No,Month-to-month,Yes,Electronic check,131.65,Yes
0420-HLGXF,Female,Yes,No,No,39,99.75,Yes,Yes,Fiber optic,No,No,Yes,No,Yes,Yes,Month-to-month,Yes,Electronic check,4036.0,No
7446-KQISO,Male,No,Yes,Yes,45,109.75,Yes,Yes,Fiber optic,No,Yes,Yes,Yes,Yes,Yes,Two year,Yes,Bank transfer (automatic),4900.65,No
9823-EALYC,Male,No,Yes,Yes,72,80.85,Yes,Yes,DSL,Yes,Yes,Yes,Yes,Yes,No,Two year,Yes,Bank transfer (automatic),5727.45,No
0582-AVCLN,Female,No,No,No,38,20.3,Yes,No,No,No internet service,No internet service,No internet service,No internet service,No internet service,No internet service,Two year,No,Mailed check,743.05,No
5803-NQJZO,Male,No,Yes,No,72,67.8,Yes,Yes,DSL,Yes,Yes,Yes,Yes,No,No,Two year,Yes,Bank transfer (automatic),4804.65,No
2565-JSLRY,Male,No,No,No,1,24.05,Yes,Yes,No,No internet service,No internet service,No internet service,No internet service,No internet service,No internet service,Month-to-month,Yes,Mailed check,24.05,Yes
2607-DHDAK,Male,No,Yes,Yes,72,19.8,Yes,No,No,No internet service,No internet service,No internet service,No internet service,No internet service,No internet service,Two year,Yes,Credit card (automatic),1414.65,No
1073-XXCZD,Male,No,Yes,No,55,25.7,Yes,Yes,No,No internet service,No internet service,No internet service,No internet service,No internet service,No internet service,Two year,No,Bank transfer (automatic),1443.65,No
0743-HRVFF,Female,No,Yes,Yes,51,56.15,No,No phone service,DSL,No,No,Yes,Yes,Yes,Yes,One year,Yes,Electronic check,2898.95,No
4006-HKYHO,Male,No,No,No,63,86.7,Yes,No,DSL,Yes,Yes,Yes,Yes,Yes,Yes,Two year,Yes,Bank transfer (automatic),5309.5,No
3727-JEZTU,Female,No,No,No,1,20.4,Yes,No,No,No internet service,No internet service,No internet service,No internet service,No internet service,No internet service,Month-to-month,No,Mailed check,20.4,No
8143-ETQTI,Female,No,Yes,Yes,23,19.65,Yes,No,No,No internet service,No internet service,No internet service,No internet service,No internet service,No internet service,Two year,Yes,Mailed check,451.55,No
6689-KXGBO,Female,No,No,No,1,50.55,Yes,No,DSL,No,Yes,No,No,No,No,Month-to-month,No,Electronic check,50.55,Yes
9667-TKTVZ,Female,No,No,No,2,54.35,Yes,Yes,DSL,No,No,No,Yes,No,No,Month-to-month,Yes,Mailed check,117.05,No
3657-COGMW,Female,Yes,No,No,52,108.1,Yes,Yes,Fiber optic,Yes,Yes,Yes,No,Yes,Yes,Month-to-month,No,Credit card (automatic),5839.3,No
8570-KLJYJ,Female,No,No,No,36,54.45,Yes,Yes,DSL,Yes,No,No,No,No,No,One year,No,Mailed check,1893.5,No
7754-IXRMC,Female,No,No,No,1,45.35,Yes,No,DSL,No,No,No,No,No,No,Month-to-month,No,Mailed check,45.35,No
9473-CBZOP,Female,No,No,No,28,59.0,Yes,Yes,DSL,Yes,No,Yes,No,No,No,One year,No,Mailed check,1654.45,No
2969-WGHQO,Female,No,Yes,Yes,7,69.45,Yes,No,DSL,Yes,Yes,Yes,No,Yes,No,One year,No,Electronic check,477.05,No
6615-NGGZJ,Male,No,No,No,14,100.55,Yes,Yes,Fiber optic,No,Yes,No,No,Yes,Yes,Month-to-month,Yes,Electronic check,1415.55,Yes
4334-HOWRP,Male,Yes,Yes,No,72,64.95,No,No phone service,DSL,Yes,Yes,Yes,Yes,Yes,Yes,Two year,Yes,Credit card (automatic),4546.0,No
4255-DDUOU,Female,No,Yes,Yes,1,20.5,Yes,No,No,No internet service,No internet service,No internet service,No internet service,No internet service,No internet service,Month-to-month,Yes,Mailed check,20.5,Yes
5863-OOKCL,Female,No,No,No,10,18.85,Yes,No,No,No internet service,No internet service,No internet service,No internet service,No internet service,No internet service,Month-to-month,No,Mailed check,163.2,No
1686-STUHN,Male,No,No,No,42,19.8,Yes,No,No,No internet service,No internet service,No internet service,No internet service,No internet service,No internet service,One year,No,Bank transfer (automatic),849.9,No
1329-VHWNP,Female,No,No,No,7,25.05,No,No phone service,DSL,No,No,No,No,No,No,Month-to-month,No,Bank transfer (automatic),189.95,No
2984-MIIZL,Male,No,No,No,4,74.8,Yes,No,Fiber optic,No,No,Yes,No,No,No,Month-to-month,Yes,Bank transfer (automatic),321.9,Yes
0266-GMEAO,Male,No,Yes,Yes,72,114.3,Yes,Yes,Fiber optic,Yes,Yes,Yes,Yes,Yes,Yes,Two year,Yes,Credit card (automatic),8058.55,No
5590-YRFJT,Female,No,Yes,No,20,24.45,No,No phone service,DSL,No,No,No,No,No,No,Month-to-month,Yes,Electronic check,482.8,Yes
5574-NXZIU,Male,No,No,No,63,109.2,Yes,No,Fiber optic,Yes,Yes,Yes,Yes,Yes,Yes,Two year,No,Credit card (automatic),7049.75,No
0019-GFNTW,Female,No,No,No,56,45.05,No,No phone service,DSL,Yes,Yes,Yes,Yes,No,No,Two year,No,Bank transfer (automatic),2560.1,No
4256-ZWTZI,Female,No,No,Yes,5,51.0,Yes,No,DSL,No,No,No,Yes,No,No,Month-to-month,Yes,Mailed check,286.8,No
8309-PPCED,Female,No,Yes,No,72,110.45,Yes,Yes,Fiber optic,No,Yes,Yes,Yes,Yes,Yes,Two year,Yes,Bank transfer (automatic),7982.5,No
4098-NAUKP,Male,Yes,Yes,Yes,68,84.65,Yes,Yes,Fiber optic,No,Yes,Yes,No,No,No,Month-to-month,Yes,Electronic check,5683.6,No
5196-WPYOW,Male,No,Yes,Yes,67,60.05,Yes,No,DSL,Yes,Yes,No,Yes,No,No,One year,No,Mailed check,3994.05,No
4608-LCIMN,Male,No,Yes,Yes,8,44.65,Yes,No,DSL,No,No,No,No,No,No,Month-to-month,No,Bank transfer (automatic),369.15,No
1485-YDHMM,Male,No,Yes,Yes,52,93.25,Yes,Yes,Fiber optic,No,Yes,No,Yes,No,Yes,Month-to-month,Yes,Bank transfer (automatic),4631.7,No
4054-CUMIA,Female,No,Yes,Yes,18,20.25,Yes,No,No,No internet service,No internet service,No internet service,No internet service,No internet service,No internet service,Month-to-month,Yes,Mailed check,401.95,No
0603-TPMIB,Female,No,Yes,Yes,59,25.45,Yes,Yes,No,No internet service,No internet service,No internet service,No internet service,No internet service,No internet service,Two year,No,Mailed check,1534.05,No
2525-GVKQU,Female,No,No,No,60,20.6,Yes,No,No,No internet service,No internet service,No internet service,No internet service,No internet service,No internet service,Two year,No,Mailed check,1093.0,No
8161-QYMTT,Male,No,No,No,7,94.1,Yes,Yes,Fiber optic,No,No,No,No,Yes,Yes,Month-to-month,Yes,Electronic check,701.3,No
9581-GVBXT,Male,No,Yes,Yes,59,34.8,No,No phone service,DSL,Yes,No,Yes,No,No,No,One year,No,Mailed check,1980.3,No
5862-BRIXZ,Male,No,No,No,46,60.75,No,No phone service,DSL,Yes,No,Yes,Yes,Yes,Yes,Two year,Yes,Bank transfer (automatic),2893.4,No
5404-GGUKR,Male,No,No,No,5,51.35,Yes,No,DSL,No,Yes,No,No,No,No,Month-to-month,Yes,Electronic check,262.3,No
3308-JSGML,Male,Yes,Yes,No,59,64.05,No,No phone service,DSL,Yes,No,Yes,Yes,Yes,Yes,Two year,Yes,Credit card (automatic),3886.85,No
2126-GSEGL,Female,No,Yes,No,70,84.8,Yes,Yes,DSL,No,Yes,Yes,Yes,Yes,Yes,Two year,Yes,Bank transfer (automatic),5917.55,No
3677-TNKIO,Female,No,No,No,14,71.0,Yes,No,Fiber optic,No,No,No,No,No,No,Month-to-month,Yes,Credit card (automatic),914.0,Yes
0440-QEXBZ,Female,No,No,No,44,50.15,Yes,Yes,DSL,No,No,No,No,No,No,Month-to-month,Yes,Mailed check,2139.1,No
2434-EEVDB,Female,No,Yes,No,64,94.6,Yes,Yes,Fiber optic,Yes,No,Yes,No,Yes,No,Two year,Yes,Credit card (automatic),5948.7,No
6762-QVYJO,Female,No,Yes,Yes,58,59.75,No,No phone service,DSL,Yes,No,Yes,Yes,Yes,Yes,Two year,No,Mailed check,3624.35,No
6199-IWKGC,Female,Yes,Yes,No,46,100.25,Yes,Yes,Fiber optic,No,No,No,Yes,Yes,Yes,One year,No,Electronic check,4753.85,No
2675-DHUTR,Male,Yes,Yes,No,58,98.9,Yes,Yes,Fiber optic,No,Yes,No,No,Yes,Yes,Month-to-month,Yes,Electronic check,5780.7,No
8152-VETUR,Female,No,Yes,No,72,97.7,Yes,Yes,Fiber optic,No,Yes,No,No,Yes,Yes,Two year,Yes,Credit card (automatic),6869.7,No
9667-EQRXU,Female,Yes,No,No,30,40.3,No,No phone service,DSL,No,No,Yes,No,Yes,No,Month-to-month,Yes,Electronic check,1172.95,Yes
7446-YPODE,Male,Yes,No,No,11,60.25,Yes,Yes,DSL,Yes,Yes,No,No,No,No,Month-to-month,No,Bank transfer (automatic),662.95,No
9522-BNTHX,Female,Yes,No,No,34,56.25,No,No phone service,DSL,No,Yes,Yes,No,Yes,Yes,Month-to-month,Yes,Electronic check,1765.95,No
4676-WLUHT,Male,No,No,No,54,46.2,No,No phone service,DSL,Yes,Yes,No,No,No,Yes,Two year,No,Bank transfer (automatic),2431.95,No
3329-WDIOK,Female,No,No,No,3,50.6,No,No phone service,DSL,No,Yes,No,No,Yes,Yes,Month-to-month,Yes,Electronic check,155.35,Yes
7980-MHFLQ,Female,No,Yes,Yes,72,24.9,Yes,Yes,No,No internet service,No internet service,No internet service,No internet service,No internet service,No internet service,Two year,No,Mailed check,1859.2,No
2873-ZLIWT,Female,No,Yes,Yes,40,84.85,Yes,Yes,Fiber optic,No,No,Yes,Yes,No,No,Month-to-month,Yes,Electronic check,3303.05,Yes
3415-TAILE,Female,No,Yes,Yes,2,65.7,Yes,No,DSL,No,No,No,No,Yes,Yes,Month-to-month,No,Mailed check,134.35,Yes
0757-WCUUZ,Male,No,Yes,Yes,54,63.35,Yes,Yes,DSL,No,No,Yes,No,No,Yes,Two year,No,Credit card (automatic),3409.1,No
1629-DQQVB,Female,No,No,No,14,50.1,Yes,No,DSL,Yes,No,No,No,No,No,Month-to-month,No,Bank transfer (automatic),709.5,No
1915-IOFGU,Female,No,No,No,1,70.5,Yes,No,Fiber optic,No,No,No,No,No,No,Month-to-month,No,Electronic check,70.5,Yes
3045-XETSH,Female,No,No,No,10,94.85,Yes,Yes,Fiber optic,No,Yes,Yes,No,No,Yes,Month-to-month,Yes,Electronic check,953.45,Yes
0374-AACSZ,Female,No,No,No,1,50.15,Yes,No,DSL,Yes,No,No,No,No,No,Month-to-month,No,Electronic check,50.15,No
7239-HZZCX,Male,No,No,No,1,19.75,Yes,No,No,No internet service,No internet service,No internet service,No internet service,No internet service,No internet service,Month-to-month,No,Mailed check,19.75,Yes
4872-VXRIL,Male,No,No,No,56,64.65,Yes,Yes,DSL,Yes,Yes,No,Yes,No,No,One year,Yes,Bank transfer (automatic),3665.55,No
9140-CZQZZ,Female,No,Yes,No,68,79.6,Yes,No,DSL,Yes,Yes,No,Yes,Yes,Yes,Two year,Yes,Bank transfer (automatic),5515.8,No
3423-HHXAO,Female,No,Yes,Yes,14,19.5,Yes,No,No,No internet service,No internet service,No internet service,No internet service,No internet service,No internet service,One year,Yes,Mailed check,272.0,No
9938-TKDGL,Male,No,Yes,Yes,68,99.55,Yes,No,Fiber optic,Yes,No,No,Yes,Yes,Yes,Two year,Yes,Electronic check,6668.0,No
0531-ZZJWQ,Male,Yes,Yes,No,55,74.0,Yes,Yes,Fiber optic,No,No,No,No,No,No,Month-to-month,Yes,Electronic check,4052.4,No
6537-QLGEX,Female,No,No,No,16,38.9,No,No phone service,DSL,Yes,No,No,No,Yes,No,Month-to-month,Yes,Electronic check,664.4,No
2688-BHGOG,Male,Yes,No,No,9,79.55,Yes,No,Fiber optic,No,No,No,No,No,Yes,Month-to-month,Yes,Electronic check,718.55,No
7683-CBDKJ,Male,No,Yes,Yes,14,65.45,Yes,No,DSL,Yes,Yes,No,No,Yes,No,Month-to-month,Yes,Electronic check,937.6,Yes
0946-CLJTI,Male,Yes,Yes,No,58,98.7,Yes,Yes,Fiber optic,No,No,Yes,No,Yes,Yes,Month-to-month,Yes,Electronic check,5812.6,Yes
3160-TYXLT,Male,No,No,No,53,46.3,No,No phone service,DSL,Yes,Yes,No,No,No,Yes,Month-to-month,Yes,Bank transfer (automatic),2546.85,No
1325-USMEC,Male,No,Yes,No,70,99.35,Yes,Yes,Fiber optic,Yes,Yes,Yes,No,Yes,No,Two year,Yes,Credit card (automatic),6944.5,No
0916-QOFDP,Female,Yes,Yes,Yes,14,95.8,Yes,Yes,Fiber optic,No,No,No,No,Yes,Yes,Month-to-month,Yes,Electronic check,1346.3,No
0628-CNQRM,Male,No,Yes,Yes,22,67.5,Yes,No,DSL,Yes,No,Yes,Yes,Yes,No,One year,Yes,Bank transfer (automatic),1544.05,Yes
5606-AMZBO,Female,No,Yes,No,10,78.15,Yes,Yes,Fiber optic,Yes,No,No,No,No,No,Month-to-month,Yes,Credit card (automatic),765.15,No
6199-IPCAO,Female,No,Yes,Yes,29,26.1,Yes,Yes,No,No internet service,No internet service,No internet service,No internet service,No internet service,No internet service,Two year,No,Mailed check,692.55,No
7665-TOALD,Female,No,No,No,1,69.6,Yes,No,Fiber optic,No,No,No,No,No,No,Month-to-month,Yes,Electronic check,69.6,Yes
0112-QWPNC,Male,No,Yes,No,49,84.35,Yes,Yes,DSL,Yes,No,Yes,Yes,Yes,Yes,One year,No,Electronic check,4059.35,Yes
0324-BRPCJ,Female,Yes,Yes,No,68,100.2,Yes,Yes,Fiber optic,No,Yes,No,No,Yes,Yes,Month-to-month,Yes,Electronic check,6851.65,Yes
2777-PHDEI,Female,No,No,No,1,78.05,Yes,No,Fiber optic,No,No,No,No,Yes,No,Month-to-month,No,Electronic check,78.05,Yes
5640-CAXOA,Female,No,No,No,30,40.35,No,No phone service,DSL,No,No,No,Yes,No,Yes,One year,Yes,Credit card (automatic),1187.05,No
2235-EZAIK,Female,No,Yes,No,72,79.2,Yes,Yes,DSL,Yes,Yes,Yes,Yes,Yes,No,Two year,No,Credit card (automatic),5401.9,No
3847-BAERP,Female,No,No,No,10,20.9,Yes,No,No,No internet service,No internet service,No internet service,No internet service,No internet service,No internet service,Month-to-month,Yes,Mailed check,247.0,No
1196-AMORA,Male,No,No,No,7,73.6,Yes,Yes,Fiber optic,No,No,No,No,No,No,Month-to-month,No,Electronic check,520.0,Yes
4282-YMKNA,Female,No,No,No,9,74.75,Yes,Yes,Fiber optic,No,No,No,No,No,No,Month-to-month,Yes,Electronic check,706.6,Yes
1453-RZFON,Female,No,No,Yes,1,49.9,Yes,No,DSL,Yes,No,No,No,No,No,Month-to-month,No,Mailed check,49.9,No
8263-OKETD,Female,No,No,No,20,68.9,Yes,Yes,DSL,No,Yes,No,Yes,No,Yes,Month-to-month,Yes,Credit card (automatic),1370.35,No
0670-KDOMA,Female,No,No,No,1,20.25,Yes,No,No,No internet service,No internet service,No internet service,No internet service,No internet service,No internet service,Month-to-month,Yes,Mailed check,20.25,No
2476-YGEFM,Female,No,No,No,29,76.0,Yes,Yes,Fiber optic,No,No,No,No,No,No,Month-to-month,Yes,Credit card (automatic),2215.25,No
8687-BAFGU,Male,No,No,No,1,74.0,Yes,No,Fiber optic,No,No,No,Yes,No,No,Month-to-month,No,Electronic check,74.0,No
0641-EVBOJ,Male,No,No,No,3,82.3,Yes,No,Fiber optic,Yes,No,No,Yes,No,No,Month-to-month,Yes,Mailed check,214.4,No
0829-XXPLX,Female,No,No,No,20,89.4,Yes,No,Fiber optic,Yes,No,Yes,No,Yes,No,Month-to-month,Yes,Bank transfer (automatic),1871.15,No
9974-JFBHQ,Male,No,No,Yes,64,99.15,Yes,No,Fiber optic,No,Yes,No,Yes,Yes,Yes,Month-to-month,Yes,Credit card (automatic),6171.2,No
5356-RHIPP,Male,No,No,No,1,20.2,Yes,No,No,No internet service,No internet service,No internet service,No internet service,No internet service,No internet service,Month-to-month,Yes,Mailed check,20.2,Yes
6624-JDRDS,Female,No,No,No,6,29.45,No,No phone service,DSL,Yes,No,No,No,No,No,Month-to-month,No,Bank transfer (automatic),161.45,No
0608-JDVEC,Male,No,Yes,No,50,19.8,Yes,No,No,No internet service,No internet service,No internet service,No internet service,No internet service,No internet service,Two year,No,Electronic check,1013.2,No
9780-FKVVF,Male,No,No,No,6,59.15,Yes,No,DSL,Yes,No,No,No,No,Yes,Month-to-month,Yes,Bank transfer (automatic),336.7,No
1919-RTPQD,Male,No,Yes,Yes,7,44.75,Yes,No,DSL,No,No,No,No,No,No,Month-to-month,No,Electronic check,333.65,No
5214-NLTIT,Male,No,Yes,Yes,72,90.8,Yes,Yes,Fiber optic,No,No,Yes,No,No,Yes,Two year,Yes,Credit card (automatic),6511.8,No
3345-PBBFH,Male,No,Yes,No,8,49.55,Yes,No,DSL,No,Yes,No,No,No,No,Month-to-month,Yes,Bank transfer (automatic),393.45,No
5055-BRMNE,Female,No,Yes,Yes,67,106.7,Yes,Yes,Fiber optic,Yes,No,No,Yes,Yes,Yes,Two year,No,Credit card (automatic),7009.5,No
9189-JWSHV,Female,Yes,Yes,No,24,93.55,Yes,Yes,Fiber optic,No,No,No,No,Yes,Yes,Month-to-month,Yes,Electronic check,2264.05,Yes
2190-PHBHR,Female,No,Yes,No,72,94.45,Yes,Yes,Fiber optic,Yes,Yes,No,No,No,Yes,Two year,Yes,Credit card (automatic),6921.7,No
2650-GYRYL,Male,No,Yes,Yes,33,19.45,Yes,No,No,No internet service,No internet service,No internet service,No internet service,No internet service,No internet service,One year,Yes,Bank transfer (automatic),600.25,No
0746-JTRFU,Male,No,No,No,2,25.05,No,No phone service,DSL,No,No,No,No,No,No,Month-to-month,Yes,Electronic check,56.35,Yes
5208-FVQKB,Male,No,Yes,No,70,67.95,Yes,No,DSL,Yes,Yes,No,Yes,No,Yes,Two year,No,Mailed check,4664.15,No
7184-LRUUR,Female,No,No,No,22,65.25,Yes,No,DSL,No,Yes,Yes,No,Yes,No,One year,No,Bank transfer (automatic),1441.8,No
6627-CFOSN,Female,No,No,No,59,99.45,Yes,Yes,Fiber optic,Yes,Yes,Yes,No,No,Yes,Month-to-month,Yes,Bank transfer (automatic),5623.7,No
3982-JGSFD,Male,No,No,No,36,20.35,Yes,No,No,No internet service,No internet service,No internet service,No internet service,No internet service,No internet service,One year,Yes,Credit card (automatic),695.85,No
1574-DYCWE,Female,No,Yes,Yes,51,19.95,Yes,No,No,No internet service,No internet service,No internet service,No internet service,No internet service,No internet service,Two year,No,Mailed check,1028.75,No
7247-XOZPB,Male,No,Yes,No,53,77.4,Yes,Yes,DSL,Yes,No,Yes,Yes,Yes,No,One year,No,Bank transfer (automatic),4155.95,No
2466-FCCPT,Female,No,Yes,Yes,20,19.7,Yes,No,No,No internet service,No internet service,No internet service,No internet service,No internet service,No internet service,One year,No,Bank transfer (automatic),395.6,No
6211-WWLTF,Male,No,Yes,No,63,99.7,Yes,No,Fiber optic,Yes,No,Yes,No,Yes,Yes,Two year,No,Credit card (automatic),6330.4,No
4826-TZEVA,Female,No,No,No,40,74.8,Yes,No,Fiber optic,No,Yes,No,No,No,No,Month-to-month,No,Credit card (automatic),2971.7,No
6016-NXBNJ,Male,No,No,No,35,19.15,Yes,No,No,No internet service,No internet service,No internet service,No internet service,No internet service,No internet service,One year,Yes,Mailed check,638.0,No
9138-EFSMO,Male,No,Yes,Yes,26,78.95,Yes,No,Fiber optic,No,No,No,No,No,Yes,One year,No,Bank transfer (automatic),2034.25,No
0576-WNXXC,Male,Yes,Yes,No,27,95.55,Yes,Yes,Fiber optic,No,Yes,Yes,No,No,Yes,Month-to-month,Yes,Electronic check,2510.2,Yes
4632-XJMEX,Male,No,No,Yes,53,62.85,Yes,No,DSL,Yes,Yes,No,Yes,No,No,One year,No,Credit card (automatic),3419.5,No
8910-LEDAG,Male,Yes,Yes,No,34,71.55,Yes,No,Fiber optic,No,No,No,No,No,No,Month-to-month,No,Credit card (automatic),2427.35,No
3452-GWUIN,Female,Yes,Yes,No,19,94.95,Yes,Yes,Fiber optic,No,No,No,No,Yes,Yes,Month-to-month,Yes,Electronic check,1760.25,No
2716-GFZOR,Male,No,Yes,No,43,86.1,Yes,No,Fiber optic,Yes,Yes,Yes,No,No,No,Month-to-month,Yes,Credit card (automatic),3551.65,No
3724-UCSHY,Male,No,Yes,Yes,6,19.55,Yes,No,No,No internet service,No internet service,No internet service,No internet service,No internet service,No internet service,Month-to-month,No,Mailed check,122.9,No
8626-XHBIE,Male,No,No,Yes,56,24.8,Yes,Yes,No,No internet service,No internet service,No internet service,No internet service,No internet service,No internet service,Two year,Yes,Mailed check,1424.2,No
4628-CTTLA,Male,No,No,No,57,39.3,No,No phone service,DSL,No,Yes,No,No,Yes,No,Month-to-month,Yes,Electronic check,2111.45,Yes
3192-LNKRK,Male,No,Yes,Yes,34,84.05,Yes,No,Fiber optic,No,No,Yes,No,Yes,No,Month-to-month,Yes,Mailed check,2909.95,No
4439-YRNVD,Female,No,No,No,10,36.25,No,No phone service,DSL,No,Yes,No,Yes,No,No,Month-to-month,No,Electronic check,374.0,No
2876-VBBBL,Female,No,No,No,1,20.25,Yes,No,No,No internet service,No internet service,No internet service,No internet service,No internet service,No internet service,Month-to-month,Yes,Mailed check,20.25,Yes
6834-NXDCA,Female,No,No,No,13,23.9,No,No phone service,DSL,No,No,No,No,No,No,Month-to-month,Yes,Electronic check,300.8,Yes
2208-UGTGR,Male,No,No,No,56,98.6,Yes,Yes,Fiber optic,No,Yes,No,No,Yes,Yes,Month-to-month,No,Electronic check,5581.05,No
3005-TYFRD,Female,No,Yes,No,55,103.65,Yes,Yes,Fiber optic,No,Yes,Yes,No,Yes,Yes,Month-to-month,Yes,Credit card (automatic),5676.65,No
8670-MEFCP,Female,No,Yes,Yes,36,92.9,Yes,Yes,DSL,Yes,Yes,Yes,Yes,Yes,Yes,Two year,Yes,Credit card (automatic),3379.25,No
3079-BCHLN,Male,No,Yes,No,47,19.9,Yes,No,No,No internet service,No internet service,No internet service,No internet service,No internet service,No internet service,One year,No,Bank transfer (automatic),942.95,No
7777-UNYHB,Female,No,Yes,Yes,12,20.1,Yes,No,No,No internet service,No internet service,No internet service,No internet service,No internet service,No internet service,Month-to-month,Yes,Credit card (automatic),232.4,No
5597-GLBUC,Female,No,No,No,1,85.45,Yes,No,Fiber optic,No,No,Yes,No,Yes,No,Month-to-month,Yes,Electronic check,85.45,Yes
7278-CKDNC,Male,Yes,No,No,24,80.5,Yes,Yes,Fiber optic,No,Yes,No,No,No,No,Month-to-month,Yes,Electronic check,2088.45,No
2748-MYRVK,Female,No,No,No,63,99.9,Yes,Yes,Fiber optic,No,Yes,No,No,Yes,Yes,One year,No,Bank transfer (automatic),6137.0,Yes
8450-UYIBU,Female,Yes,No,No,35,39.85,No,No phone service,DSL,No,No,Yes,No,Yes,No,Month-to-month,Yes,Electronic check,1434.6,No
2969-VAPYH,Female,No,No,No,67,60.5,Yes,No,DSL,Yes,Yes,No,Yes,No,No,One year,No,Credit card (automatic),3870.0,No
4822-YCXMX,Male,No,No,No,25,84.8,Yes,Yes,Fiber optic,No,No,No,No,No,Yes,Month-to-month,Yes,Electronic check,2043.45,Yes
7181-OQCUT,Male,No,No,No,21,103.85,Yes,Yes,Fiber optic,Yes,No,Yes,No,Yes,Yes,Month-to-month,No,Mailed check,2215.0,No
8474-UMLNT,Female,No,No,No,13,67.8,Yes,No,DSL,Yes,Yes,No,Yes,No,Yes,Month-to-month,No,Bank transfer (automatic),842.25,No
9821-POOTN,Male,No,Yes,No,35,75.2,Yes,Yes,Fiber optic,No,No,No,No,No,No,Month-to-month,Yes,Electronic check,2576.2,Yes
3836-FZSDJ,Male,Yes,Yes,No,71,24.85,Yes,Yes,No,No internet service,No internet service,No internet service,No internet service,No internet service,No internet service,Two year,No,Bank transfer (automatic),1901.0,No
9142-XMYJH,Female,No,No,No,29,19.35,Yes,No,No,No internet service,No internet service,No internet service,No internet service,No internet service,No internet service,Month-to-month,No,Credit card (automatic),601.6,No
6559-ILWKJ,Male,No,Yes,No,71,49.35,No,No phone service,DSL,No,Yes,No,No,Yes,Yes,Two year,No,Electronic check,3515.25,Yes
0187-QSXOE,Male,Yes,Yes,No,7,89.0,Yes,No,Fiber optic,No,No,No,No,Yes,Yes,Month-to-month,Yes,Electronic check,605.45,No
7733-UDMTP,Female,Yes,No,No,57,55.0,No,No phone service,DSL,No,Yes,Yes,No,Yes,Yes,Month-to-month,Yes,Electronic check,3094.05,No
2649-HWLYB,Male,No,Yes,No,65,76.15,Yes,Yes,DSL,Yes,No,Yes,Yes,No,Yes,Two year,No,Bank transfer (automatic),4929.55,No
5214-CHIWJ,Male,No,No,No,27,20.3,Yes,No,No,No internet service,No internet service,No internet service,No internet service,No internet service,No internet service,One year,No,Mailed check,595.05,No
4229-CZMLL,Male,No,No,No,6,74.9,Yes,Yes,Fiber optic,No,No,No,No,No,No,Month-to-month,Yes,Electronic check,469.8,Yes
6904-JLBGY,Female,Yes,No,No,72,117.35,Yes,Yes,Fiber optic,Yes,Yes,Yes,Yes,Yes,Yes,Two year,Yes,Credit card (automatic),8436.25,No
2465-BLLEU,Male,No,No,No,1,19.75,Yes,No,No,No internet service,No internet service,No internet service,No internet service,No internet service,No internet service,Month-to-month,Yes,Mailed check,19.75,No
1685-VAYJF,Male,No,No,No,11,45.2,Yes,No,DSL,No,No,No,No,No,No,Month-to-month,No,Credit card (automatic),492.0,No
8874-EJNSR,Male,No,Yes,Yes,39,25.2,Yes,Yes,No,No internet service,No internet service,No internet service,No internet service,No internet service,No internet service,Two year,No,Mailed check,987.95,No
6917-YACBP,Female,Yes,No,No,59,89.75,Yes,Yes,Fiber optic,Yes,Yes,Yes,No,No,No,Month-to-month,Yes,Electronic check,5496.9,No
5049-MUBWG,Male,No,No,No,26,75.0,Yes,No,DSL,Yes,No,No,Yes,Yes,Yes,One year,No,Bank transfer (automatic),1908.35,No
4223-WOZCM,Male,Yes,No,No,2,49.95,Yes,No,DSL,No,No,Yes,No,No,No,Month-to-month,No,Mailed check,107.1,No
0769-MURVM,Female,No,Yes,Yes,72,65.7,No,No phone service,DSL,Yes,Yes,Yes,Yes,Yes,Yes,Two year,No,Bank transfer (automatic),4575.35,No
9253-VIFJQ,Male,No,Yes,No,65,67.05,Yes,Yes,DSL,Yes,Yes,Yes,No,No,No,One year,No,Credit card (automatic),4309.55,No
7030-FZTFM,Male,No,Yes,Yes,72,110.9,Yes,Yes,Fiber optic,No,Yes,Yes,Yes,Yes,Yes,Two year,No,Credit card (automatic),7922.75,No
9741-YLNTD,Male,No,No,No,6,87.95,Yes,Yes,Fiber optic,No,No,No,Yes,No,Yes,Month-to-month,Yes,Bank transfer (automatic),522.35,No
5917-RYRMG,Male,Yes,No,No,32,19.8,Yes,No,No,No internet service,No internet service,No internet service,No internet service,No internet service,No internet service,One year,No,Credit card (automatic),587.7,No
5120-ZBLAI,Female,No,Yes,No,50,75.7,Yes,Yes,DSL,No,No,Yes,No,Yes,Yes,One year,No,Bank transfer (automatic),3876.2,No
1194-BHJYC,Male,No,Yes,No,61,62.15,No,No phone service,DSL,Yes,No,Yes,Yes,Yes,Yes,Two year,Yes,Mailed check,3778.85,No
3663-MITLP,Female,No,No,No,15,101.25,Yes,No,Fiber optic,No,Yes,Yes,No,Yes,Yes,Month-to-month,Yes,Electronic check,1457.25,Yes
0906-QVPMS,Male,No,Yes,No,72,115.15,Yes,Yes,Fiber optic,Yes,Yes,Yes,Yes,Yes,Yes,Two year,No,Bank transfer (automatic),8349.45,No
9025-ZRPVR,Male,No,No,No,9,18.95,Yes,No,No,No internet service,No internet service,No internet service,No internet service,No internet service,No internet service,Month-to-month,Yes,Mailed check,185.6,Yes
1905-OEILC,Female,No,No,No,1,19.5,Yes,No,No,No internet service,No internet service,No internet service,No internet service,No internet service,No internet service,Month-to-month,No,Mailed check,19.5,No
7858-GTZSP,Female,No,No,No,12,86.55,Yes,Yes,Fiber optic,No,No,No,No,No,Yes,Month-to-month,Yes,Electronic check,1066.9,No
3285-UCQVC,Female,No,No,No,37,28.6,No,No phone service,DSL,No,No,No,Yes,No,No,Month-to-month,No,Credit card (automatic),973.55,Yes
6248-BSHKG,Male,No,Yes,Yes,61,20.4,Yes,No,No,No internet service,No internet service,No internet service,No internet service,No internet service,No internet service,One year,No,Mailed check,1226.45,No
4685-TFLLS,Male,No,Yes,Yes,18,19.8,Yes,No,No,No internet service,No internet service,No internet service,No internet service,No internet service,No internet service,One year,No,Bank transfer (automatic),342.3,No
3470-BTGQO,Male,No,No,Yes,21,45.65,Yes,No,DSL,No,No,No,No,No,No,Month-to-month,No,Mailed check,985.05,No
1209-VFFOC,Male,No,Yes,Yes,68,56.4,No,No phone service,DSL,Yes,Yes,Yes,Yes,No,Yes,Two year,Yes,Mailed check,3948.45,No
8224-DWCKX,Male,Yes,No,No,12,73.3,Yes,Yes,Fiber optic,No,No,No,No,No,No,Month-to-month,Yes,Credit card (automatic),828.05,No
5482-PLVPE,Female,Yes,No,No,2,24.35,No,No phone service,DSL,No,No,No,No,No,No,Month-to-month,No,Electronic check,41.85,Yes
4553-DVPZG,Female,No,Yes,No,62,101.35,Yes,Yes,Fiber optic,No,No,Yes,No,Yes,Yes,Month-to-month,Yes,Electronic check,6164.7,No
4902-OHLSK,Female,Yes,No,No,29,98.65,Yes,Yes,Fiber optic,No,No,No,Yes,Yes,Yes,Month-to-month,No,Electronic check,2862.75,Yes
6917-IAYHD,Male,No,No,Yes,1,33.6,No,No phone service,DSL,No,Yes,No,Yes,No,No,Month-to-month,No,Mailed check,33.6,No
0495-ZBNGW,Male,Yes,Yes,No,5,79.9,Yes,Yes,Fiber optic,No,No,Yes,No,No,No,Month-to-month,Yes,Bank transfer (automatic),343.95,Yes
8620-RJPZN,Female,No,No,No,1,20.7,Yes,No,No,No internet service,No internet service,No internet service,No internet service,No internet service,No internet service,Month-to-month,No,Electronic check,20.7,No
7572-KPVKK,Male,No,No,Yes,62,104.05,Yes,Yes,Fiber optic,No,No,Yes,Yes,Yes,Yes,Two year,Yes,Electronic check,6590.5,No
2642-MAWLJ,Female,No,Yes,Yes,36,20.25,Yes,No,No,No internet service,No internet service,No internet service,No internet service,No internet service,No internet service,Two year,No,Bank transfer (automatic),717.95,No
2357-COQEK,Female,Yes,No,No,28,103.3,Yes,Yes,Fiber optic,No,No,Yes,Yes,Yes,Yes,Month-to-month,Yes,Electronic check,2890.65,Yes
7103-ZGVNT,Female,No,Yes,Yes,69,73.7,Yes,Yes,DSL,Yes,Yes,No,Yes,Yes,No,One year,No,Credit card (automatic),4885.85,No
3737-GCSPV,Female,No,Yes,No,11,96.2,Yes,Yes,Fiber optic,Yes,No,No,Yes,Yes,No,Month-to-month,Yes,Credit card (automatic),1222.05,Yes
2027-WKXMW,Female,No,Yes,No,63,108.75,Yes,Yes,Fiber optic,No,Yes,Yes,Yes,Yes,Yes,Month-to-month,Yes,Electronic check,6871.7,No
7137-NAXML,Male,No,No,No,23,20.15,Yes,No,No,No internet service,No internet service,No internet service,No internet service,No internet service,No internet service,One year,No,Bank transfer (automatic),405.6,No
2428-ZMCTB,Male,No,No,No,10,19.75,Yes,No,No,No internet service,No internet service,No internet service,No internet service,No internet service,No internet service,Month-to-month,No,Credit card (automatic),208.25,No
2961-VNFKL,Female,No,Yes,No,71,25.95,Yes,Yes,No,No internet service,No internet service,No internet service,No internet service,No internet service,No internet service,Two year,Yes,Credit card (automatic),1801.9,No
1768-HNVGJ,Female,Yes,No,No,45,70.05,Yes,Yes,DSL,Yes,No,No,Yes,No,Yes,Month-to-month,Yes,Electronic check,3062.45,No
6963-KQYQB,Female,No,Yes,Yes,70,24.05,Yes,Yes,No,No internet service,No internet service,No internet service,No internet service,No internet service,No internet service,Two year,No,Mailed check,1764.75,No
5934-RMPOV,Female,No,No,Yes,22,84.75,Yes,Yes,Fiber optic,No,No,No,No,No,Yes,Month-to-month,Yes,Electronic check,1816.75,No
1207-BLKSA,Female,No,Yes,Yes,52,23.05,Yes,Yes,No,No internet service,No internet service,No internet service,No internet service,No internet service,No internet service,Two year,No,Mailed check,1255.1,No
4088-YLDSU,Male,No,Yes,No,55,104.15,Yes,Yes,Fiber optic,No,No,Yes,Yes,Yes,Yes,One year,Yes,Electronic check,5743.05,Yes
8316-BBQAY,Female,No,No,No,65,59.95,No,No phone service,DSL,Yes,No,Yes,Yes,Yes,Yes,Two year,No,Credit card (automatic),3921.1,No
1166-PQLGG,Female,No,Yes,Yes,72,19.55,Yes,No,No,No internet service,No internet service,No internet service,No internet service,No internet service,No internet service,Two year,No,Bank transfer (automatic),1463.45,No
3146-JTQHR,Male,No,Yes,No,10,19.6,Yes,No,No,No internet service,No internet service,No internet service,No internet service,No internet service,No internet service,One year,No,Bank transfer (automatic),189.45,No
4291-YZODP,Female,No,No,Yes,7,20.05,Yes,No,No,No internet service,No internet service,No internet service,No internet service,No internet service,No internet service,One year,No,Mailed check,96.8,No
4395-PZMSN,Male,Yes,No,No,5,85.55,Yes,No,Fiber optic,No,Yes,No,No,No,Yes,Month-to-month,Yes,Electronic check,408.5,No
6427-FEFIG,Female,No,Yes,Yes,24,78.6,Yes,Yes,DSL,Yes,No,Yes,No,Yes,Yes,Two year,No,Credit card (automatic),1846.65,No
0017-IUDMW,Female,No,Yes,Yes,72,116.8,Yes,Yes,Fiber optic,Yes,Yes,Yes,Yes,Yes,Yes,Two year,Yes,Credit card (automatic),8456.75,No
8706-HRADD,Male,No,No,No,21,43.55,No,No phone service,DSL,Yes,No,No,Yes,Yes,No,Month-to-month,Yes,Mailed check,1011.5,No
9955-QOPOY,Male,No,Yes,No,69,60.8,No,No phone service,DSL,No,Yes,Yes,Yes,Yes,Yes,One year,Yes,Credit card (automatic),4263.4,No
4385-ZKVNW,Male,No,Yes,Yes,44,54.9,Yes,No,DSL,No,Yes,No,Yes,No,No,Month-to-month,Yes,Bank transfer (automatic),2549.1,No
5446-DKWYW,Female,Yes,Yes,Yes,61,65.2,Yes,Yes,DSL,No,No,Yes,No,Yes,No,One year,Yes,Electronic check,3965.05,No
2034-CGRHZ,Male,Yes,No,No,24,102.95,Yes,Yes,Fiber optic,No,Yes,Yes,No,Yes,Yes,Month-to-month,Yes,Credit card (automatic),2496.7,Yes
5797-APWZC,Female,No,No,No,1,90.6,Yes,No,Fiber optic,No,No,No,No,Yes,Yes,Month-to-month,No,Electronic check,90.6,Yes
3683-QKIUE,Female,No,No,No,6,50.8,Yes,No,DSL,No,No,No,Yes,No,No,Month-to-month,Yes,Bank transfer (automatic),288.05,Yes
4228-ZGYUW,Male,No,No,No,4,90.05,Yes,Yes,Fiber optic,No,Yes,No,No,No,Yes,Month-to-month,Yes,Electronic check,368.1,Yes
9031-ZVQPT,Male,No,Yes,No,72,108.2,Yes,Yes,Fiber optic,No,Yes,Yes,Yes,Yes,Yes,Two year,Yes,Electronic check,7840.6,No
2990-IAJSV,Male,No,No,No,72,92.0,Yes,Yes,DSL,Yes,Yes,Yes,Yes,Yes,Yes,Two year,No,Bank transfer (automatic),6632.75,No
8107-KNCIM,Male,Yes,Yes,No,14,75.1,Yes,Yes,Fiber optic,No,No,No,No,No,No,Month-to-month,Yes,Electronic check,1013.35,No
9027-YFHQJ,Male,No,No,No,7,25.05,Yes,Yes,No,No internet service,No internet service,No internet service,No internet service,No internet service,No internet service,Month-to-month,Yes,Bank transfer (automatic),152.95,No
5176-LDKUH,Female,No,No,No,48,75.15,Yes,No,Fiber optic,No,Yes,No,No,No,No,One year,No,Electronic check,3772.65,No
4644-OBGFZ,Male,No,Yes,Yes,55,19.5,Yes,No,No,No internet service,No internet service,No internet service,No internet service,No internet service,No internet service,One year,No,Mailed check,1026.35,No
7926-IJOOU,Male,No,No,No,1,19.3,Yes,No,No,No internet service,No internet service,No internet service,No internet service,No internet service,No internet service,Month-to-month,No,Credit card (automatic),19.3,No
6480-YAGIY,Male,No,No,No,45,112.2,Yes,No,Fiber optic,Yes,Yes,Yes,Yes,Yes,Yes,One year,No,Credit card (automatic),5031.85,No
4029-HPFVY,Male,No,No,No,3,70.3,Yes,No,Fiber optic,No,No,No,No,No,No,Month-to-month,Yes,Mailed check,220.4,No
7602-DBTOU,Female,No,Yes,No,71,19.6,Yes,No,No,No internet service,No internet service,No internet service,No internet service,No internet service,No internet service,Two year,No,Mailed check,1416.5,No
5345-BMKWB,Male,No,Yes,No,8,20.25,Yes,No,No,No internet service,No internet service,No internet service,No internet service,No internet service,No internet service,Month-to-month,No,Mailed check,158.35,No
3519-ZKXGG,Female,No,Yes,No,3,75.85,Yes,Yes,Fiber optic,No,No,No,No,No,No,Month-to-month,Yes,Electronic check,256.6,Yes
5457-COLHT,Male,No,Yes,Yes,69,80.65,Yes,No,DSL,Yes,Yes,No,Yes,Yes,Yes,Two year,No,Bank transfer (automatic),5542.55,No
6416-TVAIH,Male,No,Yes,Yes,1,68.5,Yes,No,Fiber optic,No,No,No,No,No,No,Month-to-month,Yes,Electronic check,68.5,Yes
5451-YHYPW,Female,Yes,Yes,No,72,115.75,Yes,Yes,Fiber optic,Yes,Yes,Yes,Yes,Yes,Yes,Two year,Yes,Credit card (automatic),8443.7,No
5108-ADXWO,Male,No,No,No,11,73.5,Yes,No,Fiber optic,Yes,No,No,No,No,No,Month-to-month,Yes,Electronic check,791.75,Yes
7998-WNZEM,Male,No,No,No,71,80.6,Yes,Yes,DSL,Yes,Yes,Yes,Yes,No,Yes,Two year,No,Bank transfer (automatic),5708.2,No
3066-RRJIO,Female,No,No,No,1,69.95,Yes,No,Fiber optic,No,No,No,No,No,No,Month-to-month,Yes,Mailed check,69.95,Yes
4664-NJCMS,Female,No,Yes,No,33,59.55,No,No phone service,DSL,Yes,No,Yes,Yes,Yes,Yes,Two year,No,Bank transfer (automatic),2016.3,No
0307-BCOPK,Female,No,No,No,16,19.05,Yes,No,No,No internet service,No internet service,No internet service,No internet service,No internet service,No internet service,One year,No,Mailed check,326.65,No
7629-WFGLW,Female,Yes,Yes,No,56,95.65,Yes,Yes,Fiber optic,Yes,Yes,Yes,Yes,No,No,One year,No,Electronic check,5471.75,No
2542-HYGIQ,Female,No,No,No,1,19.95,Yes,No,No,No internet service,No internet service,No internet service,No internet service,No internet service,No internet service,Month-to-month,No,Credit card (automatic),19.95,No
6715-OFDBP,Male,No,No,No,5,70.05,Yes,No,DSL,No,No,Yes,No,Yes,Yes,Month-to-month,Yes,Electronic check,346.4,Yes
5016-LIPDW,Male,No,Yes,Yes,57,19.4,Yes,No,No,No internet service,No internet service,No internet service,No internet service,No internet service,No internet service,One year,No,Mailed check,1061.6,No
6481-LXPWL,Male,No,Yes,Yes,56,36.1,No,No phone service,DSL,No,Yes,Yes,No,No,No,One year,Yes,Credit card (automatic),1971.5,No
1567-DSCIC,Male,No,No,No,8,94.0,Yes,Yes,Fiber optic,No,Yes,Yes,No,Yes,No,Month-to-month,Yes,Electronic check,773.65,Yes
2150-UWTFY,Female,No,Yes,Yes,22,61.15,Yes,No,DSL,Yes,Yes,Yes,No,No,No,Month-to-month,No,Mailed check,1422.05,Yes
6124-ACRHJ,Female,No,No,No,1,19.75,Yes,No,No,No internet service,No internet service,No internet service,No internet service,No internet service,No internet service,Month-to-month,No,Mailed check,19.75,No
9362-MWODR,Female,No,No,Yes,40,64.1,Yes,No,DSL,Yes,No,No,Yes,Yes,No,Month-to-month,Yes,Credit card (automatic),2460.35,No
9975-GPKZU,Male,No,Yes,Yes,46,19.75,Yes,No,No,No internet service,No internet service,No internet service,No internet service,No internet service,No internet service,Two year,No,Credit card (automatic),856.5,No
9625-RZFUK,Male,No,Yes,Yes,63,19.7,Yes,No,No,No internet service,No internet service,No internet service,No internet service,No internet service,No internet service,Two year,No,Mailed check,1275.85,No
5153-LXKDT,Male,No,Yes,Yes,68,110.2,Yes,Yes,Fiber optic,Yes,Yes,Yes,No,Yes,Yes,Two year,Yes,Electronic check,7467.5,No
5161-UBZXI,Male,No,Yes,Yes,69,106.35,Yes,No,Fiber optic,Yes,Yes,No,Yes,Yes,Yes,Two year,Yes,Credit card (automatic),7261.75,No
1020-JPQOW,Female,No,Yes,No,56,90.55,Yes,Yes,Fiber optic,No,Yes,Yes,Yes,No,No,Month-to-month,No,Electronic check,5116.6,No
7919-ZODZZ,Female,No,Yes,Yes,10,65.9,Yes,No,DSL,No,Yes,Yes,No,No,Yes,One year,Yes,Mailed check,660.05,No
0565-JUPYD,Male,No,No,No,63,104.5,Yes,Yes,Fiber optic,Yes,Yes,Yes,Yes,Yes,No,One year,No,Credit card (automatic),6590.8,No
6867-ACCZI,Female,No,Yes,Yes,24,52.5,No,No phone service,DSL,Yes,Yes,Yes,Yes,No,Yes,Two year,Yes,Mailed check,1208.15,No
5939-XAIXZ,Female,No,No,No,19,56.1,Yes,Yes,DSL,No,No,Yes,No,No,No,Month-to-month,Yes,Mailed check,1033.9,No
9054-FOWNV,Male,No,Yes,Yes,22,88.75,Yes,Yes,Fiber optic,No,No,Yes,No,Yes,No,Month-to-month,Yes,Electronic check,1885.15,No
2683-BPJSO,Male,No,Yes,No,29,84.45,Yes,Yes,Fiber optic,Yes,Yes,No,No,No,No,Month-to-month,Yes,Electronic check,2467.1,Yes
2157-MXBJS,Male,No,Yes,No,13,75.3,Yes,Yes,DSL,No,No,Yes,No,Yes,Yes,One year,Yes,Mailed check,989.45,Yes
8207-VVMYB,Female,No,Yes,No,70,26.0,Yes,Yes,No,No internet service,No internet service,No internet service,No internet service,No internet service,No internet service,Two year,Yes,Bank transfer (automatic),2006.95,No
9732-EQMWY,Female,No,Yes,No,49,99.4,Yes,No,Fiber optic,No,Yes,Yes,No,Yes,Yes,Month-to-month,No,Electronic check,5025.0,No
9360-AHGNL,Female,Yes,Yes,No,43,109.55,Yes,Yes,Fiber optic,Yes,No,Yes,Yes,Yes,Yes,One year,Yes,Mailed check,4830.25,Yes
1087-UDSIH,Female,No,No,No,3,19.6,Yes,No,No,No internet service,No internet service,No internet service,No internet service,No internet service,No internet service,Month-to-month,Yes,Mailed check,59.75,Yes
5269-NRGDP,Male,No,Yes,Yes,42,73.15,Yes,No,DSL,No,No,Yes,Yes,Yes,Yes,One year,No,Electronic check,3088.25,No
6195-MELTI,Male,No,No,No,57,54.65,Yes,No,DSL,No,Yes,No,Yes,No,No,One year,Yes,Mailed check,3134.7,No
5485-WUYWF,Male,Yes,No,No,2,66.4,Yes,No,DSL,Yes,No,Yes,No,Yes,No,Month-to-month,No,Bank transfer (automatic),94.55,Yes
2121-JAFOM,Female,No,Yes,No,72,115.55,Yes,Yes,Fiber optic,Yes,Yes,Yes,Yes,Yes,Yes,Two year,Yes,Credit card (automatic),8312.4,No
8818-DOPVL,Female,Yes,No,No,46,104.45,Yes,Yes,Fiber optic,No,Yes,Yes,No,Yes,Yes,Month-to-month,Yes,Electronic check,4863.85,No
2632-UCGVD,Male,Yes,Yes,No,66,100.05,Yes,Yes,Fiber optic,No,No,No,Yes,Yes,Yes,Month-to-month,Yes,Credit card (automatic),6871.9,Yes
5445-PZWGX,Male,No,No,No,62,102.0,Yes,Yes,Fiber optic,Yes,Yes,No,Yes,No,Yes,One year,No,Electronic check,6529.25,Yes
1227-UDMZR,Female,No,Yes,No,72,91.15,Yes,Yes,DSL,Yes,Yes,Yes,Yes,Yes,Yes,Two year,Yes,Bank transfer (automatic),6637.9,No
5198-HQAEN,Male,No,Yes,Yes,35,89.7,Yes,No,Fiber optic,No,Yes,No,Yes,Yes,No,One year,Yes,Electronic check,3165.6,No
9170-CCKOU,Male,No,Yes,No,17,90.2,Yes,Yes,Fiber optic,Yes,Yes,Yes,No,No,No,Month-to-month,No,Credit card (automatic),1454.15,Yes
2167-FQSTQ,Female,No,Yes,No,72,92.4,Yes,Yes,DSL,Yes,Yes,Yes,Yes,Yes,Yes,Two year,Yes,Electronic check,6786.1,No
2819-GWENI,Female,No,Yes,Yes,28,19.9,Yes,No,No,No internet service,No internet service,No internet service,No internet service,No internet service,No internet service,One year,No,Mailed check,543.0,No
1043-YCUTE,Male,No,Yes,No,56,25.15,Yes,Yes,No,No internet service,No internet service,No internet service,No internet service,No internet service,No internet service,Two year,Yes,Credit card (automatic),1327.15,Yes
3814-MLAXC,Female,No,No,No,31,79.85,Yes,Yes,Fiber optic,No,No,No,Yes,No,No,Month-to-month,Yes,Credit card (automatic),2404.15,Yes
3572-UUHRS,Male,No,No,No,45,18.85,Yes,No,No,No internet service,No internet service,No internet service,No internet service,No internet service,No internet service,One year,No,Bank transfer (automatic),867.3,No
2692-PFYTJ,Female,No,No,No,1,25.75,Yes,Yes,No,No internet service,No internet service,No internet service,No internet service,No internet service,No internet service,Month-to-month,Yes,Mailed check,25.75,No
1226-UDFZR,Female,No,No,No,2,49.6,Yes,No,DSL,No,Yes,No,No,No,No,Month-to-month,Yes,Mailed check,114.7,Yes
5955-EPOAZ,Female,No,No,No,6,20.95,Yes,No,No,No internet service,No internet service,No internet service,No internet service,No internet service,No internet service,Month-to-month,Yes,Mailed check,109.5,No
6821-JPCDC,Female,No,Yes,No,48,97.05,Yes,No,Fiber optic,No,Yes,Yes,No,Yes,Yes,One year,Yes,Electronic check,4692.95,No
8815-LMFLX,Male,No,Yes,Yes,25,25.4,Yes,Yes,No,No internet service,No internet service,No internet service,No internet service,No internet service,No internet service,Month-to-month,Yes,Bank transfer (automatic),546.85,No
9135-HSWOC,Male,No,Yes,Yes,64,19.7,Yes,No,No,No internet service,No internet service,No internet service,No internet service,No internet service,No internet service,Two year,Yes,Bank transfer (automatic),1274.05,No
8582-KRHPJ,Male,No,No,No,50,35.0,No,No phone service,DSL,Yes,Yes,No,No,No,No,Month-to-month,Yes,Mailed check,1782.4,No
5811-IWXYM,Female,No,Yes,Yes,52,101.25,Yes,Yes,Fiber optic,No,No,Yes,No,Yes,Yes,One year,No,Bank transfer (automatic),5301.1,No
7044-YAACC,Male,Yes,Yes,No,4,70.2,Yes,No,Fiber optic,No,No,No,No,No,No,Month-to-month,Yes,Electronic check,280.35,No
8189-XRIKE,Female,Yes,No,No,32,90.95,Yes,No,Fiber optic,No,No,No,No,Yes,Yes,Month-to-month,No,Electronic check,2897.95,No
1506-YJTYT,Male,No,Yes,Yes,45,73.85,Yes,Yes,DSL,Yes,Yes,No,Yes,Yes,No,Two year,No,Credit card (automatic),3371.0,No
4123-DVHPH,Male,No,Yes,No,9,88.05,Yes,Yes,Fiber optic,Yes,No,No,No,No,Yes,Month-to-month,Yes,Electronic check,801.3,No
6425-YQLLO,Female,Yes,Yes,No,66,105.95,Yes,Yes,Fiber optic,No,No,Yes,Yes,Yes,Yes,One year,Yes,Credit card (automatic),6975.25,Yes
5442-UTCVD,Male,No,No,Yes,3,91.85,Yes,Yes,Fiber optic,No,No,Yes,No,No,Yes,Month-to-month,No,Electronic check,257.05,Yes
2228-BZDEE,Female,No,No,No,54,20.1,Yes,No,No,No internet service,No internet service,No internet service,No internet service,No internet service,No internet service,Two year,No,Mailed check,1079.45,No
7734-DBOAI,Female,No,Yes,Yes,1,40.1,No,No phone service,DSL,No,No,No,Yes,Yes,No,Month-to-month,No,Electronic check,40.1,Yes
2789-CZANW,Female,No,Yes,Yes,64,110.3,Yes,Yes,Fiber optic,Yes,Yes,No,Yes,Yes,Yes,Two year,No,Bank transfer (automatic),6997.3,No
2091-RFFBA,Female,Yes,No,No,31,73.9,Yes,Yes,Fiber optic,No,No,No,No,No,No,Month-to-month,Yes,Electronic check,2217.15,Yes
2114-MGINA,Female,No,No,No,14,89.8,Yes,No,Fiber optic,No,No,No,No,Yes,Yes,Month-to-month,Yes,Mailed check,1129.1,Yes
7596-LDUXP,Female,No,No,No,12,85.15,Yes,No,Fiber optic,Yes,No,No,No,Yes,No,One year,Yes,Credit card (automatic),979.05,No
3740-RLMVT,Male,Yes,Yes,No,67,60.95,Yes,No,DSL,Yes,Yes,No,Yes,No,No,One year,Yes,Bank transfer (automatic),4119.4,No
4489-SNOJF,Female,No,Yes,Yes,35,72.25,Yes,Yes,DSL,Yes,No,Yes,Yes,Yes,No,Month-to-month,No,Electronic check,2568.55,Yes
2192-OZITF,Female,No,No,No,45,73.55,Yes,Yes,DSL,Yes,No,No,Yes,No,Yes,Two year,No,Mailed check,3349.1,No
5651-CPDND,Male,No,No,No,10,46.0,Yes,No,DSL,No,No,No,No,No,No,Month-to-month,No,Mailed check,492.1,No
2186-QZEYA,Female,Yes,No,No,29,58.55,Yes,Yes,DSL,Yes,Yes,No,No,No,No,Month-to-month,Yes,Bank transfer (automatic),1718.95,No
1131-ALZWV,Female,No,No,No,24,24.6,Yes,Yes,No,No internet service,No internet service,No internet service,No internet service,No internet service,No internet service,One year,No,Bank transfer (automatic),605.25,No
7729-XBTWX,Male,No,Yes,Yes,66,19.75,Yes,No,No,No internet service,No internet service,No internet service,No internet service,No internet service,No internet service,Two year,Yes,Mailed check,1344.5,No
9134-WYRVP,Male,No,No,No,51,86.35,Yes,No,Fiber optic,Yes,No,No,No,Yes,No,One year,No,Mailed check,4267.15,No
3284-SVCRO,Female,No,Yes,No,45,25.5,Yes,Yes,No,No internet service,No internet service,No internet service,No internet service,No internet service,No internet service,Two year,No,Mailed check,1121.05,No
9732-OUYRN,Female,No,Yes,No,49,19.0,Yes,No,No,No internet service,No internet service,No internet service,No internet service,No internet service,No internet service,One year,No,Credit card (automatic),918.7,No
0559-CKHUS,Female,No,Yes,No,29,19.55,Yes,No,No,No internet service,No internet service,No internet service,No internet service,No internet service,No internet service,Two year,Yes,Mailed check,521.8,No
2931-SVLTV,Male,No,Yes,Yes,40,110.1,Yes,Yes,Fiber optic,Yes,Yes,No,Yes,Yes,Yes,Month-to-month,Yes,Credit card (automatic),4469.1,No
6899-PPEEA,Female,Yes,No,No,37,96.55,Yes,Yes,Fiber optic,No,No,No,No,Yes,Yes,Month-to-month,Yes,Electronic check,3580.3,Yes
7504-UWHNB,Male,No,No,No,25,69.75,Yes,No,Fiber optic,No,No,No,No,No,No,Month-to-month,No,Electronic check,1729.35,No
2582-FFFZR,Female,No,No,No,22,50.6,No,No phone service,DSL,No,No,Yes,No,Yes,Yes,Month-to-month,Yes,Electronic check,1073.3,No
8908-NMQTX,Male,No,No,No,72,65.6,No,No phone service,DSL,Yes,Yes,Yes,Yes,Yes,Yes,Two year,Yes,Bank transfer (automatic),4566.5,No
2187-LZGPL,Female,No,No,No,7,40.1,No,No phone service,DSL,No,Yes,No,No,No,Yes,Month-to-month,Yes,Credit card (automatic),293.3,Yes
1431-AIDJQ,Male,No,Yes,Yes,33,82.1,Yes,No,DSL,No,Yes,Yes,Yes,Yes,Yes,Two year,No,Credit card (automatic),2603.1,No
6288-LBEAR,Female,No,No,No,23,79.1,Yes,No,Fiber optic,No,Yes,No,Yes,No,No,Month-to-month,Yes,Mailed check,1783.75,No
4597-NUCQV,Male,Yes,No,No,24,101.25,Yes,Yes,Fiber optic,No,Yes,No,No,Yes,Yes,Month-to-month,Yes,Electronic check,2440.15,Yes
9019-QVLZD,Female,No,No,No,1,79.55,Yes,No,Fiber optic,No,No,No,No,Yes,No,Month-to-month,No,Electronic check,79.55,Yes
8413-YNHNV,Male,No,No,No,69,90.65,Yes,Yes,DSL,Yes,Yes,Yes,Yes,Yes,Yes,Two year,No,Mailed check,6322.1,No
5808-TOTXO,Female,No,No,Yes,3,20.55,Yes,No,No,No internet service,No internet service,No internet service,No internet service,No internet service,No internet service,One year,Yes,Credit card (automatic),57.4,No
4369-NYSCF,Male,No,No,No,56,75.75,Yes,No,DSL,No,Yes,No,Yes,Yes,Yes,One year,Yes,Bank transfer (automatic),4284.65,No
6333-YDVLT,Male,No,No,No,65,110.0,Yes,Yes,Fiber optic,Yes,No,Yes,Yes,Yes,Yes,One year,Yes,Credit card (automatic),7138.65,No
5324-KTGCG,Male,No,Yes,No,71,20.85,Yes,No,No,No internet service,No internet service,No internet service,No internet service,No internet service,No internet service,One year,No,Electronic check,1539.75,No
5599-HVLTW,Female,Yes,No,No,14,80.35,Yes,Yes,Fiber optic,No,No,Yes,No,No,No,Month-to-month,Yes,Bank transfer (automatic),1058.1,No
7394-LWLYN,Female,No,No,No,2,70.15,Yes,No,Fiber optic,No,No,No,No,No,No,Month-to-month,Yes,Electronic check,123.8,No
3707-LRWZD,Female,No,No,No,32,84.05,Yes,Yes,Fiber optic,No,No,No,No,Yes,No,One year,No,Electronic check,2781.85,Yes
6873-UDNLD,Male,No,No,No,40,67.45,Yes,No,DSL,Yes,No,Yes,No,No,Yes,Month-to-month,No,Electronic check,2731.0,No
2700-LUEVA,Male,No,No,No,1,20.75,Yes,No,No,No internet service,No internet service,No internet service,No internet service,No internet service,No internet service,Month-to-month,No,Credit card (automatic),20.75,No
1455-ESIQH,Male,No,No,No,1,89.1,Yes,No,Fiber optic,No,No,No,No,Yes,Yes,Month-to-month,Yes,Electronic check,89.1,Yes
0958-YHXGP,Female,No,No,No,7,69.9,Yes,No,Fiber optic,No,No,No,No,No,No,Month-to-month,Yes,Mailed check,497.3,No
1101-SSWAG,Female,No,Yes,No,15,51.1,Yes,Yes,DSL,No,No,No,No,No,No,Month-to-month,Yes,Electronic check,711.15,No
2979-SXESE,Female,No,Yes,Yes,17,94.4,Yes,Yes,Fiber optic,Yes,No,Yes,No,Yes,No,Month-to-month,No,Electronic check,1607.2,Yes
4013-TLDHQ,Male,No,No,No,19,78.25,Yes,No,Fiber optic,No,Yes,Yes,No,No,No,Month-to-month,Yes,Electronic check,1490.95,Yes
5743-KHMNA,Male,No,No,No,71,25.55,Yes,Yes,No,No internet service,No internet service,No internet service,No internet service,No internet service,No internet service,Two year,No,Bank transfer (automatic),1898.1,No
4194-FJARJ,Female,No,Yes,Yes,54,60.0,Yes,Yes,DSL,Yes,No,No,Yes,No,No,Two year,No,Bank transfer (automatic),3273.95,No
5325-UWTWJ,Male,No,Yes,No,31,90.55,Yes,Yes,Fiber optic,Yes,Yes,No,Yes,No,No,Month-to-month,Yes,Credit card (automatic),2929.75,No
3969-GYXEL,Female,No,No,No,11,76.4,Yes,No,Fiber optic,Yes,No,No,No,No,No,Month-to-month,No,Electronic check,838.7,No
9208-OLGAQ,Female,Yes,No,No,18,84.95,Yes,No,Fiber optic,No,No,Yes,No,No,Yes,Month-to-month,Yes,Electronic check,1443.65,No
3244-CQPHU,Female,Yes,No,No,72,110.1,Yes,Yes,Fiber optic,Yes,Yes,No,Yes,Yes,Yes,Two year,Yes,Bank transfer (automatic),7746.7,No
2674-MLXMN,Female,Yes,No,No,71,99.65,Yes,Yes,Fiber optic,No,Yes,No,No,Yes,Yes,Month-to-month,Yes,Credit card (automatic),6951.15,No
9708-HPXWZ,Male,Yes,No,No,5,45.4,No,No phone service,DSL,No,No,Yes,Yes,Yes,No,Month-to-month,No,Credit card (automatic),214.75,No
6992-TKNYO,Male,No,Yes,No,38,69.0,Yes,Yes,DSL,No,No,Yes,Yes,No,Yes,One year,No,Credit card (automatic),2669.45,No
4468-YDOVK,Male,No,No,Yes,5,48.65,Yes,No,DSL,No,No,No,Yes,No,No,Month-to-month,Yes,Bank transfer (automatic),235.2,No
3754-DXMRT,Male,Yes,No,No,2,44.15,Yes,No,DSL,No,No,No,No,No,No,Month-to-month,Yes,Electronic check,92.65,Yes
5792-JALQC,Female,Yes,No,No,52,59.85,Yes,Yes,DSL,Yes,No,Yes,No,No,No,Two year,No,Bank transfer (automatic),3103.25,No
7130-VTEWQ,Female,Yes,No,No,8,75.75,Yes,Yes,Fiber optic,No,No,No,No,No,No,Month-to-month,Yes,Electronic check,606.25,Yes
2200-DSAAL,Female,No,No,No,68,80.65,Yes,Yes,DSL,No,Yes,Yes,No,Yes,Yes,Two year,Yes,Electronic check,5330.2,No
4302-ZYFEL,Male,No,Yes,Yes,69,20.55,Yes,No,No,No internet service,No internet service,No internet service,No internet service,No internet service,No internet service,One year,Yes,Credit card (automatic),1403.1,No
9351-LZYGF,Female,No,Yes,No,42,66.4,Yes,Yes,DSL,Yes,Yes,No,Yes,No,No,Month-to-month,Yes,Credit card (automatic),2727.8,No
4366-CTOUZ,Female,No,No,No,50,100.2,Yes,No,Fiber optic,No,Yes,No,Yes,Yes,Yes,Two year,Yes,Mailed check,5038.45,No
6121-VZNQB,Female,No,No,No,1,19.1,Yes,No,No,No internet service,No internet service,No internet service,No internet service,No internet service,No internet service,Month-to-month,Yes,Mailed check,19.1,Yes
7903-CMPEY,Male,Yes,Yes,No,1,80.3,Yes,Yes,Fiber optic,Yes,No,No,No,No,No,Month-to-month,Yes,Electronic check,80.3,Yes
1518-OMDIK,Male,No,Yes,No,33,44.55,Yes,No,DSL,No,No,No,No,No,No,Month-to-month,Yes,Credit card (automatic),1462.6,No
6671-NGWON,Female,No,No,No,7,20.35,Yes,No,No,No internet service,No internet service,No internet service,No internet service,No internet service,No internet service,Month-to-month,No,Mailed check,150.6,No
0595-ITUDF,Male,No,Yes,Yes,64,91.8,Yes,Yes,Fiber optic,Yes,Yes,Yes,No,No,No,Month-to-month,Yes,Electronic check,5960.5,No
6996-KNSML,Female,No,No,No,1,74.9,Yes,No,Fiber optic,No,No,Yes,No,No,No,Month-to-month,Yes,Electronic check,74.9,Yes
1955-IBMMB,Male,No,No,No,59,20.2,Yes,No,No,No internet service,No internet service,No internet service,No internet service,No internet service,No internet service,Two year,Yes,Bank transfer (automatic),1192.3,No
0096-BXERS,Female,No,Yes,No,6,50.35,Yes,Yes,DSL,No,No,No,No,No,No,Month-to-month,No,Electronic check,314.55,No
3806-YAZOV,Female,No,No,No,3,18.8,Yes,No,No,No internet service,No internet service,No internet service,No internet service,No internet service,No internet service,Month-to-month,No,Mailed check,56.0,No
7998-ZLXWN,Female,No,Yes,No,15,20.45,Yes,No,No,No internet service,No internet service,No internet service,No internet service,No internet service,No internet service,Month-to-month,No,Credit card (automatic),330.8,No
6253-WRFHY,Male,No,Yes,Yes,13,64.75,Yes,No,DSL,No,No,No,No,Yes,Yes,One year,Yes,Electronic check,877.35,No
9133-AYJZG,Female,No,No,No,23,98.7,Yes,Yes,Fiber optic,No,Yes,No,No,Yes,Yes,Month-to-month,Yes,Credit card (automatic),2249.1,No
2675-OTVVJ,Male,Yes,Yes,No,31,89.45,Yes,Yes,Fiber optic,Yes,No,No,No,Yes,No,Month-to-month,No,Electronic check,2807.65,No
8680-CGLTP,Male,No,No,No,29,58.75,Yes,No,DSL,Yes,Yes,No,Yes,No,No,One year,Yes,Electronic check,1696.2,No
8430-TWCBX,Female,No,Yes,No,49,20.7,Yes,No,No,No internet service,No internet service,No internet service,No internet service,No internet service,No internet service,One year,No,Credit card (automatic),1032.05,No
5018-GWURO,Female,No,Yes,No,56,85.6,Yes,Yes,Fiber optic,No,No,No,No,Yes,No,Month-to-month,Yes,Bank transfer (automatic),4902.8,No
6741-QRLUP,Female,No,No,No,63,80.3,Yes,Yes,DSL,Yes,Yes,Yes,Yes,No,Yes,Two year,Yes,Credit card (automatic),4995.35,No
4737-HOBAX,Male,No,Yes,No,63,79.8,Yes,Yes,DSL,No,No,Yes,Yes,Yes,Yes,Two year,No,Credit card (automatic),5034.05,No
0537-QYZZN,Male,Yes,Yes,Yes,24,79.85,Yes,Yes,Fiber optic,Yes,No,No,No,No,No,Month-to-month,Yes,Electronic check,1857.75,No
3340-QBBFM,Male,Yes,Yes,No,36,54.1,Yes,No,DSL,No,No,Yes,Yes,No,No,One year,No,Credit card (automatic),1992.85,No
1704-NRWYE,Female,Yes,No,No,9,80.85,Yes,No,Fiber optic,No,No,No,No,Yes,No,Month-to-month,Yes,Electronic check,751.65,Yes
2592-SEIFQ,Male,No,No,No,3,24.75,No,No phone service,DSL,No,No,No,No,No,No,Month-to-month,No,Electronic check,66.95,Yes
8200-KLNYW,Female,No,Yes,No,21,80.9,Yes,No,DSL,Yes,No,Yes,Yes,Yes,Yes,One year,No,Mailed check,1714.95,No
3372-CDXFJ,Male,No,Yes,Yes,13,24.5,Yes,Yes,No,No internet service,No internet service,No internet service,No internet service,No internet service,No internet service,One year,No,Bank transfer (automatic),343.6,No
4781-ZXYGU,Male,No,Yes,Yes,1,20.15,Yes,No,No,No internet service,No internet service,No internet service,No internet service,No internet service,No internet service,Month-to-month,Yes,Bank transfer (automatic),20.15,No
7632-YUTXB,Female,No,Yes,Yes,25,20.05,Yes,No,No,No internet service,No internet service,No internet service,No internet service,No internet service,No internet service,One year,No,Mailed check,520.1,No
2718-YSKCS,Male,No,Yes,Yes,71,19.6,Yes,No,No,No internet service,No internet service,No internet service,No internet service,No internet service,No internet service,Two year,Yes,Bank transfer (automatic),1387.45,No
9896-UYMIE,Male,No,No,No,66,114.3,Yes,Yes,Fiber optic,Yes,Yes,Yes,Yes,Yes,Yes,One year,Yes,Bank transfer (automatic),7383.7,No
0853-NWIFK,Female,No,No,No,45,100.3,Yes,No,Fiber optic,Yes,Yes,No,No,Yes,Yes,One year,Yes,Electronic check,4483.95,No
8212-CRQXP,Female,No,Yes,No,22,80.0,Yes,No,Fiber optic,No,No,No,No,Yes,No,Month-to-month,Yes,Credit card (automatic),1706.45,No
6980-CDGFC,Female,No,Yes,No,67,20.85,Yes,No,No,No internet service,No internet service,No internet service,No internet service,No internet service,No internet service,One year,Yes,Bank transfer (automatic),1327.4,No
7691-XVTZH,Female,No,Yes,No,68,89.95,Yes,Yes,Fiber optic,No,No,Yes,No,Yes,No,Two year,Yes,Bank transfer (automatic),5974.3,No
2520-SGTTA,Female,No,Yes,Yes,0,20.0,Yes,No,No,No internet service,No internet service,No internet service,No internet service,No internet service,No internet service,Two year,No,Mailed check,,No
7481-ATQQS,Female,Yes,No,No,49,90.85,Yes,Yes,Fiber optic,No,No,Yes,No,No,Yes,Month-to-month,Yes,Credit card (automatic),4515.85,Yes
2277-VWCNI,Female,Yes,No,No,4,48.75,Yes,Yes,DSL,No,No,No,No,No,No,Month-to-month,No,Mailed check,179.85,No
1088-CNNKB,Male,No,Yes,No,63,80.0,Yes,Yes,DSL,Yes,Yes,Yes,Yes,No,Yes,One year,No,Credit card (automatic),5040.2,No
8642-GVWRF,Female,No,Yes,No,2,79.7,Yes,No,Fiber optic,No,Yes,Yes,No,No,No,Month-to-month,No,Bank transfer (automatic),165.0,Yes
1930-BZLHI,Male,No,No,No,21,20.35,Yes,No,No,No internet service,No internet service,No internet service,No internet service,No internet service,No internet service,One year,Yes,Mailed check,422.7,No
3400-ESFUW,Male,No,Yes,Yes,55,57.55,Yes,No,DSL,Yes,Yes,No,Yes,No,No,Two year,No,Bank transfer (automatic),3046.4,Yes
5868-YTYKS,Male,No,No,Yes,1,20.25,Yes,No,No,No internet service,No internet service,No internet service,No internet service,No internet service,No internet service,Month-to-month,Yes,Mailed check,20.25,No
3525-DVKFN,Female,No,No,No,17,19.4,Yes,No,No,No internet service,No internet service,No internet service,No internet service,No internet service,No internet service,Two year,No,Mailed check,358.05,No
1482-OXZSY,Male,No,No,No,30,100.4,Yes,Yes,Fiber optic,Yes,No,No,No,Yes,Yes,Month-to-month,Yes,Bank transfer (automatic),2936.25,No
0377-JBKKT,Male,No,Yes,Yes,22,57.95,Yes,No,DSL,Yes,Yes,No,Yes,No,No,Month-to-month,Yes,Mailed check,1271.8,No
5778-BVOFB,Female,No,No,No,9,59.5,Yes,No,DSL,No,No,No,Yes,Yes,No,Month-to-month,Yes,Bank transfer (automatic),530.05,No
3373-YZZYM,Male,No,Yes,Yes,1,19.2,Yes,No,No,No internet service,No internet service,No internet service,No internet service,No internet service,No internet service,Month-to-month,No,Mailed check,19.2,No
2057-ZBLPD,Female,No,Yes,No,21,86.5,Yes,Yes,Fiber optic,No,No,No,No,No,Yes,Month-to-month,Yes,Electronic check,1808.7,Yes
0228-MAUWC,Male,No,No,No,19,59.55,Yes,Yes,DSL,No,No,Yes,Yes,No,No,Month-to-month,No,Electronic check,1144.6,No
5502-RLUYV,Female,No,Yes,Yes,69,103.95,Yes,Yes,Fiber optic,No,Yes,Yes,No,Yes,Yes,Month-to-month,Yes,Electronic check,7446.9,Yes
0023-HGHWL,Male,Yes,No,No,1,25.1,No,No phone service,DSL,No,No,No,No,No,No,Month-to-month,Yes,Electronic check,25.1,Yes
7663-YJHSN,Female,No,Yes,No,72,103.95,Yes,Yes,Fiber optic,Yes,Yes,Yes,Yes,Yes,No,Two year,Yes,Bank transfer (automatic),7556.9,No
4915-BFSXL,Male,No,Yes,Yes,70,68.95,Yes,Yes,DSL,Yes,No,Yes,No,Yes,No,Two year,No,Credit card (automatic),4858.7,No
3086-RUCRN,Female,No,No,No,66,103.1,Yes,Yes,Fiber optic,Yes,Yes,Yes,Yes,No,Yes,Month-to-month,Yes,Bank transfer (automatic),6595.0,No
5215-LNLDJ,Female,No,Yes,Yes,7,24.7,No,No phone service,DSL,No,No,No,No,No,No,Month-to-month,Yes,Electronic check,149.05,No
7576-JMYWV,Female,Yes,Yes,Yes,46,110.2,Yes,Yes,Fiber optic,Yes,Yes,No,Yes,Yes,Yes,Month-to-month,Yes,Electronic check,4972.1,No
9039-RBEEE,Male,No,No,No,39,48.95,No,No phone service,DSL,Yes,Yes,No,Yes,Yes,No,Month-to-month,Yes,Credit card (automatic),1880.85,Yes
0257-KXZGU,Female,No,Yes,Yes,32,62.45,Yes,Yes,DSL,No,Yes,Yes,No,No,No,Month-to-month,No,Bank transfer (automatic),2045.55,No
1307-ATKGB,Male,No,No,No,24,89.55,Yes,No,Fiber optic,No,Yes,Yes,No,No,Yes,Month-to-month,Yes,Electronic check,2187.15,No
8417-FMLZI,Male,No,Yes,Yes,6,83.55,Yes,No,Fiber optic,No,Yes,No,No,No,Yes,Month-to-month,Yes,Credit card (automatic),477.55,Yes
3714-XPXBW,Female,No,No,No,37,78.9,Yes,Yes,DSL,Yes,Yes,Yes,Yes,Yes,No,Month-to-month,Yes,Credit card (automatic),2976.95,No
1850-AKQEP,Male,No,No,Yes,8,20.35,Yes,No,No,No internet service,No internet service,No internet service,No internet service,No internet service,No internet service,Month-to-month,No,Mailed check,178.7,No
2824-DXNKN,Female,No,Yes,Yes,72,71.45,Yes,Yes,DSL,Yes,No,Yes,No,Yes,No,Two year,Yes,Bank transfer (automatic),5025.85,No
5227-JSCFE,Male,Yes,Yes,No,71,46.35,No,No phone service,DSL,Yes,Yes,Yes,Yes,No,No,Two year,No,Credit card (automatic),3353.4,No
0848-ZGQIJ,Female,No,Yes,No,16,94.65,Yes,No,Fiber optic,No,Yes,No,No,Yes,Yes,Month-to-month,Yes,Bank transfer (automatic),1461.15,No
3621-CHYVB,Female,No,Yes,No,57,49.9,No,No phone service,DSL,Yes,No,Yes,Yes,No,Yes,Month-to-month,Yes,Bank transfer (automatic),2782.4,No
8042-RNLKO,Male,No,No,No,66,25.45,Yes,Yes,No,No internet service,No internet service,No internet service,No internet service,No internet service,No internet service,One year,No,Bank transfer (automatic),1699.15,No
1792-UXAFY,Female,Yes,No,No,17,89.15,Yes,No,Fiber optic,No,Yes,Yes,No,Yes,No,Month-to-month,Yes,Electronic check,1496.9,Yes
5372-FBKBN,Female,No,No,Yes,21,20.75,Yes,No,No,No internet service,No internet service,No internet service,No internet service,No internet service,No internet service,Month-to-month,No,Mailed check,452.2,No
0420-TXVSG,Male,No,Yes,No,66,66.1,Yes,Yes,DSL,Yes,Yes,Yes,No,No,No,Two year,Yes,Credit card (automatic),4428.45,No
6217-TOWGS,Female,No,Yes,No,17,75.4,Yes,Yes,DSL,No,Yes,No,No,Yes,Yes,Month-to-month,Yes,Bank transfer (automatic),1322.55,No
0515-YPMCW,Male,No,No,Yes,1,70.45,Yes,No,Fiber optic,No,No,No,No,No,No,Month-to-month,Yes,Mailed check,70.45,Yes
0378-XSZPU,Male,No,Yes,No,58,60.3,Yes,No,DSL,Yes,Yes,Yes,No,No,No,One year,No,Credit card (automatic),3563.8,Yes
1045-LTCYT,Female,No,Yes,Yes,8,21.05,Yes,No,No,No internet service,No internet service,No internet service,No internet service,No internet service,No internet service,Month-to-month,No,Credit card (automatic),139.75,No
1544-JJMYL,Male,No,No,No,27,69.35,Yes,No,DSL,Yes,No,Yes,Yes,Yes,No,One year,No,Credit card (automatic),1927.3,No
4636-JGAAI,Male,No,Yes,No,34,88.85,Yes,Yes,Fiber optic,No,Yes,No,No,No,Yes,Month-to-month,No,Mailed check,3000.25,No
6874-SGLHU,Male,No,No,No,30,97.0,Yes,No,Fiber optic,No,Yes,No,No,Yes,Yes,One year,Yes,Bank transfer (automatic),3021.3,No
5951-AOFIH,Male,No,No,No,33,66.4,Yes,No,DSL,No,Yes,Yes,No,Yes,No,Month-to-month,Yes,Credit card (automatic),2245.4,No
4729-XKASR,Male,No,No,Yes,1,24.75,No,No phone service,DSL,No,No,No,No,No,No,Month-to-month,No,Electronic check,24.75,Yes
3059-NGMXB,Male,No,Yes,Yes,14,69.2,Yes,Yes,DSL,Yes,Yes,No,No,No,Yes,Month-to-month,No,Mailed check,944.65,No
8652-YHIYU,Female,No,No,Yes,16,79.5,Yes,Yes,Fiber optic,No,No,No,Yes,No,No,One year,Yes,Credit card (automatic),1264.2,No
5278-PNYOX,Female,No,No,No,49,100.65,Yes,No,Fiber optic,No,No,Yes,Yes,Yes,Yes,Two year,No,Credit card (automatic),4917.75,No
5449-FIBXJ,Male,No,Yes,Yes,19,103.3,Yes,Yes,Fiber optic,No,No,Yes,Yes,Yes,Yes,Month-to-month,No,Electronic check,2012.7,Yes
3486-HOOGQ,Female,No,Yes,Yes,70,79.7,Yes,Yes,DSL,Yes,Yes,Yes,Yes,Yes,No,Two year,No,Bank transfer (automatic),5743.3,No
5061-PBXFW,Female,No,Yes,Yes,32,61.4,Yes,No,DSL,Yes,Yes,No,Yes,No,No,Month-to-month,No,Bank transfer (automatic),1864.65,No
8630-FJLIB,Female,No,No,No,18,69.8,Yes,No,Fiber optic,No,No,No,No,No,No,Month-to-month,Yes,Electronic check,1221.65,No
3891-NLXJB,Male,No,No,No,37,40.55,No,No phone service,DSL,Yes,Yes,No,Yes,No,No,Two year,Yes,Mailed check,1390.85,No
4749-OJKQU,Female,No,No,No,4,75.65,Yes,Yes,Fiber optic,No,No,No,No,No,No,Month-to-month,Yes,Electronic check,302.35,No
0577-WHMEV,Female,No,Yes,No,16,90.7,Yes,Yes,Fiber optic,Yes,Yes,Yes,No,No,No,Month-to-month,No,Electronic check,1374.9,No
5453-AXEPF,Male,No,Yes,No,17,80.5,Yes,Yes,Fiber optic,No,Yes,No,No,No,No,Month-to-month,Yes,Bank transfer (automatic),1336.9,No
3639-XJHKQ,Female,No,No,Yes,19,60.6,Yes,No,DSL,Yes,Yes,Yes,No,No,No,Month-to-month,Yes,Electronic check,1297.8,No
3716-LRGXK,Male,No,Yes,No,60,101.15,Yes,Yes,Fiber optic,No,No,Yes,No,Yes,Yes,Two year,No,Credit card (automatic),6067.4,No
2263-SFSQZ,Male,No,Yes,Yes,51,24.95,Yes,Yes,No,No internet service,No internet service,No internet service,No internet service,No internet service,No internet service,Two year,Yes,Mailed check,1222.25,No
9950-MTGYX,Male,No,Yes,Yes,28,20.3,Yes,No,No,No internet service,No internet service,No internet service,No internet service,No internet service,No internet service,Two year,Yes,Credit card (automatic),487.95,No
3397-AVTKU,Male,No,No,No,43,60.0,Yes,No,DSL,No,Yes,No,No,No,Yes,Two year,Yes,Electronic check,2548.55,No
4825-FUREZ,Male,No,Yes,No,42,20.25,Yes,No,No,No internet service,No internet service,No internet service,No internet service,No internet service,No internet service,Two year,No,Electronic check,835.5,No
9837-BMCLM,Male,No,No,No,3,78.5,Yes,No,Fiber optic,No,No,No,No,Yes,No,Month-to-month,Yes,Electronic check,242.05,Yes
2672-OJQZP,Female,No,No,No,1,44.75,Yes,No,DSL,No,No,No,No,No,No,Month-to-month,No,Mailed check,44.75,No
0137-UDEUO,Female,No,No,No,3,19.85,Yes,No,No,No internet service,No internet service,No internet service,No internet service,No internet service,No internet service,Month-to-month,No,Mailed check,63.75,Yes
3134-DSHVC,Female,No,No,No,63,98.0,Yes,Yes,Fiber optic,Yes,Yes,Yes,No,Yes,No,Two year,No,Credit card (automatic),6218.45,No
6161-UUUTA,Male,Yes,No,No,3,79.9,Yes,No,Fiber optic,No,No,No,No,Yes,No,Month-to-month,Yes,Electronic check,260.9,Yes
7821-DPRQE,Male,No,Yes,No,68,107.7,Yes,Yes,Fiber optic,Yes,Yes,No,Yes,Yes,Yes,Month-to-month,Yes,Electronic check,7320.9,No
6543-XRMYR,Female,Yes,No,No,30,99.7,Yes,Yes,Fiber optic,No,Yes,No,No,Yes,Yes,Month-to-month,Yes,Electronic check,2967.35,Yes
2001-EWBQU,Female,No,No,No,60,104.7,Yes,Yes,Fiber optic,No,Yes,Yes,No,Yes,Yes,Two year,No,Electronic check,6333.8,No
4925-LMHOK,Male,No,No,No,15,58.6,Yes,Yes,DSL,No,Yes,No,Yes,No,No,Month-to-month,Yes,Credit card (automatic),939.7,Yes
1608-GMEWB,Male,Yes,No,No,45,93.9,Yes,Yes,Fiber optic,No,No,No,No,Yes,Yes,Month-to-month,Yes,Bank transfer (automatic),4200.25,No
6695-AMZUF,Female,No,Yes,No,70,86.45,Yes,No,DSL,Yes,Yes,Yes,Yes,Yes,Yes,Two year,No,Credit card (automatic),5950.2,No
1455-UGQVH,Male,No,Yes,No,10,98.5,Yes,Yes,Fiber optic,No,No,Yes,No,Yes,Yes,Month-to-month,Yes,Electronic check,1037.75,Yes
8410-BGQXN,Male,No,No,No,4,19.4,Yes,No,No,No internet service,No internet service,No internet service,No internet service,No internet service,No internet service,Month-to-month,No,Mailed check,93.4,No
8280-MQRQN,Female,No,No,No,1,50.45,Yes,No,DSL,No,No,Yes,No,No,No,Month-to-month,Yes,Mailed check,50.45,Yes
1619-YWUBB,Female,No,Yes,No,68,24.95,Yes,Yes,No,No internet service,No internet service,No internet service,No internet service,No internet service,No internet service,Two year,Yes,Credit card (automatic),1614.9,No
7611-YKYTC,Male,No,Yes,Yes,22,75.0,Yes,No,Fiber optic,Yes,No,No,No,No,No,Month-to-month,No,Bank transfer (automatic),1573.95,No
2037-SGXHH,Male,No,Yes,Yes,38,94.65,Yes,Yes,Fiber optic,No,Yes,Yes,No,Yes,No,Month-to-month,Yes,Electronic check,3624.3,Yes
3178-FESZO,Female,No,No,No,1,100.25,Yes,Yes,Fiber optic,No,Yes,No,No,Yes,Yes,Month-to-month,Yes,Credit card (automatic),100.25,Yes
0365-GXEZS,Male,No,Yes,No,18,78.2,Yes,No,Fiber optic,No,No,Yes,Yes,No,No,Month-to-month,No,Electronic check,1468.75,No
0082-OQIQY,Male,No,No,No,29,94.2,Yes,No,Fiber optic,No,No,No,Yes,Yes,Yes,Month-to-month,Yes,Electronic check,2607.6,No
6087-MVHJH,Female,No,No,No,16,88.45,Yes,Yes,Fiber optic,No,No,Yes,No,No,Yes,Month-to-month,Yes,Electronic check,1422.1,Yes
4603-JANFB,Male,No,No,No,1,69.85,Yes,No,Fiber optic,No,No,No,No,No,No,Month-to-month,Yes,Electronic check,69.85,Yes
3018-TFTSU,Male,No,No,No,12,81.7,Yes,No,Fiber optic,Yes,No,Yes,No,No,No,Month-to-month,No,Bank transfer (automatic),858.6,Yes
3606-SBKRY,Male,No,No,No,31,50.05,No,No phone service,DSL,No,No,Yes,No,Yes,Yes,One year,Yes,Electronic check,1523.4,No
4806-KEXQR,Male,No,No,No,4,79.9,Yes,No,Fiber optic,No,No,No,No,No,Yes,Month-to-month,Yes,Electronic check,324.3,Yes
0667-NSRGI,Female,No,Yes,No,48,69.55,Yes,Yes,DSL,No,No,Yes,Yes,No,Yes,One year,Yes,Mailed check,3435.6,No
7083-YNSKY,Female,No,No,No,15,25.4,Yes,Yes,No,No internet service,No internet service,No internet service,No internet service,No internet service,No internet service,Month-to-month,Yes,Credit card (automatic),399.6,Yes
6893-ODYYE,Male,No,No,No,50,90.1,Yes,No,Fiber optic,Yes,Yes,Yes,Yes,No,No,One year,Yes,Credit card (automatic),4549.45,No
8242-JSVBO,Male,No,No,No,7,44.65,Yes,No,DSL,No,No,No,No,No,No,Month-to-month,Yes,Bank transfer (automatic),322.5,No
2479-BRAMR,Male,Yes,Yes,No,41,83.75,Yes,Yes,Fiber optic,Yes,No,Yes,No,No,No,Month-to-month,Yes,Bank transfer (automatic),3273.55,Yes
9541-ZPSEA,Male,No,Yes,Yes,68,80.35,Yes,No,Fiber optic,Yes,No,Yes,No,No,No,Two year,No,Credit card (automatic),5375.15,No
2665-NPTGL,Female,Yes,Yes,No,26,98.1,Yes,Yes,Fiber optic,No,No,Yes,No,Yes,Yes,Month-to-month,Yes,Bank transfer (automatic),2510.7,No
1139-WUOAH,Male,No,No,No,57,53.35,No,No phone service,DSL,No,No,Yes,Yes,Yes,Yes,Two year,No,Credit card (automatic),3090.05,No
4693-VWVBO,Female,No,No,No,3,19.55,Yes,No,No,No internet service,No internet service,No internet service,No internet service,No internet service,No internet service,Month-to-month,No,Electronic check,61.05,No
7434-SHXLS,Female,No,No,No,1,20.9,Yes,No,No,No internet service,No internet service,No internet service,No internet service,No internet service,No internet service,Month-to-month,No,Mailed check,20.9,Yes
6937-GCDGQ,Male,No,Yes,Yes,19,48.95,Yes,No,DSL,Yes,No,No,No,No,No,One year,Yes,Bank transfer (automatic),955.6,No
0988-JRWWP,Female,No,No,No,3,54.2,Yes,No,DSL,No,No,No,No,Yes,No,Month-to-month,Yes,Electronic check,140.4,No
5075-JSDKI,Female,No,No,No,59,24.45,Yes,Yes,No,No internet service,No internet service,No internet service,No internet service,No internet service,No internet service,Two year,No,Electronic check,1493.1,No
7908-QCBCA,Female,No,Yes,No,1,69.4,Yes,No,Fiber optic,No,No,No,No,No,No,Month-to-month,Yes,Mailed check,69.4,Yes
8644-XYTSV,Male,No,Yes,No,42,40.15,No,No phone service,DSL,Yes,No,No,No,Yes,No,Month-to-month,Yes,Bank transfer (automatic),1626.05,No
6711-FLDFB,Female,No,No,No,7,74.9,Yes,Yes,Fiber optic,No,No,No,No,No,No,Month-to-month,Yes,Electronic check,541.15,Yes
3873-WOSBC,Male,No,Yes,No,67,25.6,Yes,Yes,No,No internet service,No internet service,No internet service,No internet service,No internet service,No internet service,Two year,No,Credit card (automatic),1784.9,No
7465-ZZRVX,Male,No,No,No,1,70.35,Yes,No,Fiber optic,No,No,No,No,No,No,Month-to-month,Yes,Electronic check,70.35,No
7975-JMZNT,Male,No,Yes,No,66,91.7,Yes,Yes,DSL,Yes,Yes,Yes,Yes,Yes,Yes,Two year,No,Bank transfer (automatic),6075.9,No
7251-XFOIL,Female,No,No,No,61,89.2,Yes,Yes,Fiber optic,No,No,Yes,No,No,Yes,Month-to-month,No,Mailed check,5500.6,No
4116-IQRFR,Male,No,Yes,Yes,4,24.1,Yes,Yes,No,No internet service,No internet service,No internet service,No internet service,No internet service,No internet service,One year,No,Credit card (automatic),73.1,No
3714-JTVOV,Female,Yes,Yes,No,42,74.15,Yes,No,Fiber optic,Yes,No,No,No,No,No,Month-to-month,Yes,Credit card (automatic),3229.4,Yes
8259-DZLIZ,Female,No,Yes,Yes,64,53.85,Yes,Yes,DSL,No,Yes,No,No,No,No,One year,Yes,Bank transfer (automatic),3399.85,No
0442-ZXKVS,Female,Yes,Yes,No,54,115.6,Yes,Yes,Fiber optic,Yes,Yes,Yes,Yes,Yes,Yes,One year,Yes,Bank transfer (automatic),6431.05,No
7853-WNZSY,Male,No,No,No,1,19.75,Yes,No,No,No internet service,No internet service,No internet service,No internet service,No internet service,No internet service,Month-to-month,Yes,Credit card (automatic),19.75,No
3120-FAZKD,Male,No,Yes,Yes,54,24.05,Yes,Yes,No,No internet service,No internet service,No internet service,No internet service,No internet service,No internet service,Two year,Yes,Bank transfer (automatic),1230.9,No
8606-OEGQZ,Female,No,No,Yes,18,25.3,Yes,Yes,No,No internet service,No internet service,No internet service,No internet service,No internet service,No internet service,Two year,No,Credit card (automatic),454.65,No
0225-ZORZP,Male,No,No,No,3,84.3,Yes,No,Fiber optic,No,Yes,No,No,No,Yes,Month-to-month,No,Electronic check,235.05,No
4702-IOQDC,Female,No,No,No,1,70.1,Yes,No,Fiber optic,No,No,No,No,No,No,Month-to-month,Yes,Electronic check,70.1,Yes
9489-JMTTN,Female,No,Yes,Yes,72,89.75,Yes,Yes,DSL,Yes,Yes,Yes,Yes,Yes,Yes,Two year,No,Credit card (automatic),6595.9,No
0575-CUQOV,Male,Yes,Yes,No,60,97.95,Yes,No,Fiber optic,No,Yes,Yes,No,Yes,Yes,One year,Yes,Electronic check,5867.0,No
0967-BMLBD,Female,No,Yes,Yes,11,20.0,Yes,No,No,No internet service,No internet service,No internet service,No internet service,No internet service,No internet service,One year,Yes,Mailed check,196.35,No
6178-KFNHS,Female,No,No,Yes,12,78.3,Yes,Yes,Fiber optic,Yes,No,No,No,No,No,Month-to-month,Yes,Electronic check,909.25,Yes
2830-LEWOA,Male,No,Yes,Yes,61,103.9,Yes,No,Fiber optic,No,Yes,Yes,Yes,Yes,Yes,One year,No,Credit card (automatic),6449.15,No
5006-MXVRN,Female,No,No,No,39,20.7,Yes,No,No,No internet service,No internet service,No internet service,No internet service,No internet service,No internet service,Two year,No,Credit card (automatic),762.45,No
1264-BYWMS,Male,No,No,No,55,96.8,Yes,Yes,Fiber optic,No,No,No,No,Yes,Yes,Month-to-month,Yes,Electronic check,5283.95,Yes
9658-WYUFB,Female,No,No,No,17,94.4,Yes,Yes,Fiber optic,Yes,Yes,No,No,Yes,No,Month-to-month,Yes,Electronic check,1617.5,Yes
8327-WKMIE,Male,No,No,No,37,20.15,Yes,No,No,No internet service,No internet service,No internet service,No internet service,No internet service,No internet service,One year,No,Credit card (automatic),785.75,No
6917-FIJHC,Female,No,Yes,No,72,26.0,Yes,Yes,No,No internet service,No internet service,No internet service,No internet service,No internet service,No internet service,Two year,Yes,Mailed check,1776.0,No
5329-KRDTM,Male,Yes,Yes,No,72,77.35,Yes,Yes,DSL,No,Yes,Yes,Yes,Yes,No,Two year,No,Credit card (automatic),5396.25,No
7797-EJMDP,Female,No,No,No,8,66.05,Yes,No,DSL,Yes,No,No,Yes,No,Yes,Month-to-month,No,Bank transfer (automatic),574.5,No
3530-VWVGU,Female,No,Yes,Yes,22,19.9,Yes,No,No,No internet service,No internet service,No internet service,No internet service,No internet service,No internet service,Month-to-month,No,Mailed check,400.3,No
2013-SGDXK,Female,No,No,No,1,84.3,Yes,No,Fiber optic,No,Yes,No,No,Yes,No,Month-to-month,No,Electronic check,84.3,Yes
6368-NWMCE,Female,No,No,No,38,68.15,Yes,Yes,DSL,No,Yes,No,Yes,No,Yes,Month-to-month,No,Credit card (automatic),2656.3,No
3633-CDBUW,Male,No,No,Yes,17,80.85,Yes,No,DSL,No,Yes,Yes,Yes,Yes,Yes,One year,No,Electronic check,1445.95,No
0707-HOVVN,Female,Yes,No,No,70,75.5,Yes,Yes,DSL,No,Yes,Yes,Yes,Yes,No,Two year,Yes,Bank transfer (automatic),5212.65,No
8580-QVLOC,Female,Yes,Yes,Yes,72,92.45,Yes,Yes,DSL,Yes,Yes,Yes,Yes,Yes,Yes,Two year,No,Credit card (automatic),6440.25,Yes
3956-MGXOG,Female,No,No,No,28,80.6,Yes,No,Fiber optic,No,No,No,No,No,Yes,Month-to-month,Yes,Electronic check,2244.95,No
9274-UARKJ,Female,No,No,No,15,83.2,Yes,No,Fiber optic,No,Yes,No,No,Yes,No,Month-to-month,Yes,Bank transfer (automatic),1130.0,No
4077-HWUYD,Male,No,Yes,Yes,72,87.55,Yes,Yes,DSL,Yes,Yes,Yes,Yes,Yes,Yes,Two year,Yes,Bank transfer (automatic),6463.15,No
2012-NWRPA,Female,Yes,Yes,No,11,99.55,Yes,Yes,Fiber optic,No,No,Yes,No,Yes,Yes,Month-to-month,Yes,Electronic check,1131.2,Yes
8808-ELEHO,Male,Yes,No,No,8,81.25,Yes,Yes,Fiber optic,No,No,Yes,No,No,No,Month-to-month,Yes,Electronic check,585.95,Yes
0103-CSITQ,Female,No,Yes,No,57,109.4,Yes,Yes,Fiber optic,No,Yes,Yes,Yes,Yes,Yes,One year,Yes,Bank transfer (automatic),6252.7,No
3506-LCJDC,Male,No,Yes,Yes,1,19.95,Yes,No,No,No internet service,No internet service,No internet service,No internet service,No internet service,No internet service,Month-to-month,No,Bank transfer (automatic),19.95,Yes
8671-KKKOS,Female,No,Yes,No,46,45.55,No,No phone service,DSL,Yes,Yes,No,No,Yes,No,Month-to-month,No,Electronic check,2062.15,No
7305-ZWMAJ,Male,No,Yes,No,30,20.7,Yes,No,No,No internet service,No internet service,No internet service,No internet service,No internet service,No internet service,One year,No,Credit card (automatic),587.1,No
9518-XXBXE,Male,Yes,Yes,No,10,75.3,Yes,No,Fiber optic,Yes,No,No,No,No,No,Month-to-month,No,Electronic check,720.45,No
3934-HXCFZ,Male,No,Yes,No,23,99.25,Yes,Yes,Fiber optic,Yes,Yes,Yes,No,Yes,No,Month-to-month,Yes,Electronic check,2186.4,Yes
6578-KRMAW,Male,No,No,No,32,93.4,Yes,No,Fiber optic,Yes,Yes,Yes,No,No,Yes,Month-to-month,Yes,Credit card (automatic),2979.3,No
4860-IJUDE,Male,No,No,No,13,73.75,Yes,No,Fiber optic,Yes,No,No,No,No,No,Month-to-month,Yes,Credit card (automatic),956.65,No
7666-WKRON,Female,No,No,No,39,80.45,Yes,No,Fiber optic,No,No,Yes,Yes,No,No,Two year,Yes,Electronic check,3201.55,Yes
9688-YGXVR,Female,No,No,No,44,88.15,Yes,No,Fiber optic,No,Yes,Yes,No,Yes,No,Month-to-month,Yes,Credit card (automatic),3973.2,No
0423-UDIJQ,Male,Yes,No,No,9,49.2,Yes,No,DSL,No,No,No,Yes,No,No,Month-to-month,No,Mailed check,447.9,No
1945-XISKS,Female,No,Yes,No,67,19.65,Yes,No,No,No internet service,No internet service,No internet service,No internet service,No internet service,No internet service,Two year,No,Mailed check,1335.2,No
4910-AQFFX,Male,No,Yes,Yes,9,79.35,Yes,Yes,Fiber optic,No,No,Yes,No,No,No,Month-to-month,Yes,Bank transfer (automatic),661.25,Yes
2154-KVJFF,Female,No,No,No,15,79.75,Yes,Yes,Fiber optic,No,Yes,No,No,No,No,Month-to-month,Yes,Electronic check,1111.85,Yes
5360-LJCNJ,Female,No,Yes,No,71,105.15,Yes,Yes,Fiber optic,No,Yes,Yes,No,Yes,Yes,Two year,Yes,Bank transfer (automatic),7555.0,No
2607-FBDFF,Male,No,No,No,1,49.0,Yes,No,DSL,No,No,No,Yes,No,No,Month-to-month,No,Credit card (automatic),49.0,No
9647-ERGBE,Female,No,Yes,Yes,30,100.05,Yes,Yes,Fiber optic,No,No,Yes,No,Yes,Yes,Month-to-month,Yes,Electronic check,3046.15,Yes
3428-XZMAZ,Male,No,No,No,1,69.35,Yes,No,Fiber optic,No,No,No,No,No,No,Month-to-month,Yes,Electronic check,69.35,Yes
1100-DDVRV,Male,No,Yes,No,17,49.8,No,No phone service,DSL,No,Yes,No,No,Yes,Yes,Month-to-month,Yes,Mailed check,836.35,No
0378-TOVMS,Female,No,No,No,3,85.8,Yes,No,Fiber optic,No,No,No,Yes,No,Yes,Month-to-month,No,Electronic check,272.2,Yes
4355-HBJHH,Male,No,Yes,Yes,67,79.7,Yes,Yes,DSL,Yes,No,Yes,No,Yes,Yes,Two year,Yes,Electronic check,5293.4,Yes
6728-WYQBC,Male,No,No,No,1,20.95,Yes,No,No,No internet service,No internet service,No internet service,No internet service,No internet service,No internet service,Month-to-month,No,Bank transfer (automatic),20.95,No
9058-CBREO,Female,Yes,No,No,1,50.55,Yes,Yes,DSL,No,No,No,No,No,No,Month-to-month,No,Mailed check,50.55,Yes
9029-FEGVJ,Female,Yes,Yes,No,32,79.3,Yes,Yes,Fiber optic,No,No,Yes,No,No,No,Month-to-month,No,Mailed check,2570.0,No
7216-KAOID,Male,No,Yes,Yes,41,19.5,Yes,No,No,No internet service,No internet service,No internet service,No internet service,No internet service,No internet service,One year,No,Bank transfer (automatic),798.2,No
0318-QUUOB,Male,No,Yes,No,1,80.55,Yes,No,Fiber optic,No,No,No,No,Yes,No,Month-to-month,Yes,Electronic check,80.55,Yes
6145-NNPNO,Female,No,No,No,1,44.15,Yes,No,DSL,No,No,No,No,No,No,Month-to-month,No,Bank transfer (automatic),44.15,No
5520-FVEWJ,Female,No,Yes,Yes,12,84.5,Yes,Yes,Fiber optic,No,Yes,Yes,No,No,No,Month-to-month,Yes,Electronic check,916.9,Yes
5339-TJFEK,Male,No,Yes,Yes,62,105.5,Yes,Yes,Fiber optic,Yes,Yes,No,No,Yes,Yes,Month-to-month,Yes,Electronic check,6487.2,No
5572-ZDXHY,Female,No,No,No,22,84.3,Yes,No,Fiber optic,No,Yes,No,No,No,Yes,Month-to-month,Yes,Mailed check,1855.65,Yes
2074-GUHPQ,Female,No,No,Yes,17,92.7,Yes,Yes,Fiber optic,No,Yes,Yes,Yes,No,No,Month-to-month,Yes,Credit card (automatic),1556.85,No
4625-XMOYM,Female,No,Yes,Yes,72,26.25,Yes,Yes,No,No internet service,No internet service,No internet service,No internet service,No internet service,No internet service,Two year,Yes,Bank transfer (automatic),1988.05,No
5827-MWCZK,Male,No,Yes,Yes,56,96.95,Yes,Yes,Fiber optic,No,Yes,No,Yes,Yes,No,Month-to-month,Yes,Credit card (automatic),5432.2,No
1385-TQOZW,Female,No,No,No,9,20.45,Yes,No,No,No internet service,No internet service,No internet service,No internet service,No internet service,No internet service,Month-to-month,Yes,Credit card (automatic),147.55,No
5914-XRFQB,Male,No,Yes,No,72,115.8,Yes,Yes,Fiber optic,Yes,Yes,Yes,Yes,Yes,Yes,Two year,Yes,Bank transfer (automatic),8424.9,No
4329-YPDDQ,Male,No,No,No,20,108.2,Yes,No,Fiber optic,Yes,Yes,Yes,Yes,Yes,Yes,Month-to-month,Yes,Bank transfer (automatic),2203.7,No
4804-NCPET,Male,No,Yes,Yes,19,20.2,Yes,No,No,No internet service,No internet service,No internet service,No internet service,No internet service,No internet service,Two year,No,Mailed check,387.4,No
3750-CKVKH,Male,No,No,No,2,67.75,Yes,No,Fiber optic,No,No,No,No,No,No,Month-to-month,Yes,Electronic check,116.65,Yes
5944-UGLLK,Male,No,No,No,53,54.9,No,No phone service,DSL,No,No,Yes,Yes,Yes,Yes,One year,No,Credit card (automatic),3045.75,No
8063-GBATB,Female,Yes,No,No,27,85.25,Yes,Yes,Fiber optic,No,No,No,No,No,Yes,Month-to-month,Yes,Electronic check,2287.25,Yes
7787-BNTZM,Male,No,No,No,6,20.15,Yes,No,No,No internet service,No internet service,No internet service,No internet service,No internet service,No internet service,Month-to-month,No,Bank transfer (automatic),130.5,No
2252-ISRNH,Male,No,Yes,Yes,9,90.35,Yes,Yes,Fiber optic,No,No,Yes,No,Yes,No,One year,Yes,Electronic check,767.9,No
9415-TPKRV,Female,No,Yes,Yes,8,55.75,Yes,Yes,DSL,No,Yes,No,No,No,No,Month-to-month,No,Electronic check,446.8,No
5322-TEUJK,Female,No,Yes,Yes,71,114.6,Yes,Yes,Fiber optic,Yes,Yes,Yes,Yes,Yes,Yes,Two year,No,Bank transfer (automatic),8100.25,No
4547-KQRTM,Female,No,No,No,10,80.05,Yes,Yes,Fiber optic,No,Yes,No,No,No,No,Month-to-month,Yes,Bank transfer (automatic),830.7,Yes
4877-EVATK,Male,No,No,No,1,20.0,Yes,No,No,No internet service,No internet service,No internet service,No internet service,No internet service,No internet service,Month-to-month,No,Mailed check,20.0,Yes
1866-DIOQZ,Female,No,Yes,No,71,66.8,No,No phone service,DSL,Yes,Yes,Yes,Yes,Yes,Yes,One year,No,Bank transfer (automatic),4689.15,No
8375-KVTHK,Male,No,Yes,No,68,100.3,Yes,No,Fiber optic,No,Yes,No,Yes,Yes,Yes,One year,Yes,Electronic check,6754.35,No
2697-NQBPF,Male,No,No,No,34,105.35,Yes,Yes,Fiber optic,No,Yes,No,Yes,Yes,Yes,Month-to-month,Yes,Electronic check,3540.65,No
3709-OIJEA,Male,No,No,No,26,85.2,Yes,No,Fiber optic,No,Yes,Yes,Yes,No,No,One year,Yes,Electronic check,2184.6,No
7639-SUPCW,Female,No,No,No,22,48.8,Yes,No,DSL,Yes,No,No,No,No,No,Month-to-month,Yes,Credit card (automatic),1054.6,Yes
1386-ZIKUV,Male,No,No,No,7,18.95,Yes,No,No,No internet service,No internet service,No internet service,No internet service,No internet service,No internet service,Month-to-month,Yes,Mailed check,130.55,No
0599-XNYDO,Female,No,Yes,No,20,69.8,Yes,No,Fiber optic,No,No,No,No,No,No,Month-to-month,Yes,Bank transfer (automatic),1540.35,No
6377-WHAOX,Female,No,Yes,No,60,106.15,Yes,Yes,Fiber optic,No,Yes,Yes,No,Yes,Yes,Month-to-month,Yes,Electronic check,6411.25,No
6855-VLGOS,Male,No,Yes,Yes,72,20.55,Yes,No,No,No internet service,No internet service,No internet service,No internet service,No internet service,No internet service,Two year,No,Electronic check,1432.55,No
8999-XXGNS,Female,Yes,Yes,No,72,105.75,Yes,Yes,Fiber optic,No,Yes,Yes,No,Yes,Yes,One year,Yes,Credit card (automatic),7629.85,No
8746-OQQRW,Male,No,No,No,4,25.25,Yes,Yes,No,No internet service,No internet service,No internet service,No internet service,No internet service,No internet service,Month-to-month,No,Mailed check,101.9,No
3181-MIZBN,Male,No,Yes,Yes,16,19.75,Yes,No,No,No internet service,No internet service,No internet service,No internet service,No internet service,No internet service,Month-to-month,No,Electronic check,313.4,No
0471-ARVMX,Female,Yes,Yes,No,62,104.85,Yes,Yes,Fiber optic,Yes,No,Yes,No,Yes,Yes,One year,Yes,Electronic check,6312.9,No
7766-CLTIC,Female,No,No,No,10,60.95,Yes,No,DSL,No,No,No,Yes,No,Yes,Month-to-month,Yes,Mailed check,629.55,No
5650-YLIBA,Male,No,No,No,31,81.15,Yes,Yes,Fiber optic,No,Yes,No,No,No,No,Month-to-month,Yes,Electronic check,2640.55,No
0825-CPPQH,Female,No,Yes,No,71,19.1,Yes,No,No,No internet service,No internet service,No internet service,No internet service,No internet service,No internet service,Two year,No,Credit card (automatic),1372.45,No
9084-OAYKL,Male,No,No,No,58,20.8,Yes,No,No,No internet service,No internet service,No internet service,No internet service,No internet service,No internet service,Two year,No,Mailed check,1212.25,No
6122-LJADA,Male,No,Yes,Yes,70,90.15,Yes,Yes,DSL,Yes,Yes,Yes,Yes,Yes,Yes,Two year,Yes,Credit card (automatic),6237.05,No
2400-XIWIO,Female,No,Yes,No,71,90.1,Yes,Yes,DSL,Yes,Yes,Yes,Yes,Yes,Yes,Two year,No,Electronic check,6310.9,No
7524-VRLPL,Male,Yes,No,No,69,74.1,Yes,Yes,DSL,Yes,No,Yes,Yes,No,Yes,Two year,No,Credit card (automatic),5031.0,No
1069-XAIEM,Female,Yes,No,No,1,85.05,Yes,Yes,Fiber optic,No,No,No,No,No,Yes,Month-to-month,Yes,Electronic check,85.05,Yes
7569-NMZYQ,Female,No,Yes,Yes,72,118.75,Yes,Yes,Fiber optic,Yes,Yes,Yes,Yes,Yes,Yes,Two year,Yes,Bank transfer (automatic),8672.45,No
5201-USSQZ,Female,No,Yes,No,26,85.9,Yes,No,Fiber optic,No,No,No,Yes,No,Yes,Month-to-month,No,Credit card (automatic),2196.45,No
2105-PHWON,Female,No,Yes,No,33,95.0,Yes,Yes,Fiber optic,No,No,Yes,Yes,No,Yes,Month-to-month,Yes,Credit card (automatic),3008.15,No
1494-EJZDW,Female,No,Yes,Yes,10,20.15,Yes,No,No,No internet service,No internet service,No internet service,No internet service,No internet service,No internet service,Two year,No,Mailed check,220.8,No
4884-TVUQF,Female,Yes,No,No,57,101.3,Yes,Yes,Fiber optic,Yes,No,Yes,Yes,No,Yes,Two year,No,Credit card (automatic),5779.6,No
8003-EWNDZ,Female,No,No,No,10,21.2,Yes,No,No,No internet service,No internet service,No internet service,No internet service,No internet service,No internet service,Month-to-month,Yes,Electronic check,222.65,No
1897-RCFUM,Female,No,Yes,Yes,39,24.2,Yes,Yes,No,No internet service,No internet service,No internet service,No internet service,No internet service,No internet service,One year,Yes,Mailed check,914.6,No
9256-JTBNZ,Female,No,No,No,11,20.3,Yes,No,No,No internet service,No internet service,No internet service,No internet service,No internet service,No internet service,Month-to-month,No,Bank transfer (automatic),246.3,No
4658-HCOHW,Female,No,Yes,Yes,21,102.8,Yes,No,Fiber optic,No,Yes,Yes,Yes,Yes,Yes,Month-to-month,Yes,Electronic check,2110.15,Yes
2211-RMNHO,Female,No,Yes,Yes,68,85.3,Yes,Yes,DSL,No,Yes,Yes,Yes,Yes,Yes,Two year,No,Bank transfer (automatic),5560.0,No
2432-TFSMK,Male,No,No,No,18,89.6,Yes,Yes,Fiber optic,No,No,Yes,No,Yes,No,One year,Yes,Credit card (automatic),1633.0,No
3440-JPSCL,Female,No,No,No,6,99.95,Yes,No,Fiber optic,No,No,Yes,Yes,Yes,Yes,Month-to-month,Yes,Mailed check,547.65,Yes
4929-ROART,Male,No,No,No,18,56.25,Yes,Yes,DSL,Yes,No,No,No,No,No,Month-to-month,No,Mailed check,969.85,No
1834-ABKHQ,Female,No,Yes,Yes,52,50.95,Yes,No,DSL,No,No,Yes,No,No,No,One year,Yes,Bank transfer (automatic),2610.65,No
1741-WTPON,Male,No,Yes,Yes,56,115.85,Yes,Yes,Fiber optic,Yes,Yes,Yes,Yes,Yes,Yes,Two year,No,Mailed check,6567.9,No
3932-IJWDZ,Male,No,No,No,45,103.65,Yes,Yes,Fiber optic,No,No,Yes,Yes,Yes,Yes,Month-to-month,Yes,Bank transfer (automatic),4747.85,No
1240-HCBOH,Female,No,No,No,67,26.1,Yes,Yes,No,No internet service,No internet service,No internet service,No internet service,No internet service,No internet service,Two year,Yes,Mailed check,1759.55,No
3594-KADLU,Male,No,Yes,No,3,35.1,No,No phone service,DSL,Yes,No,No,Yes,No,No,Month-to-month,No,Mailed check,101.1,No
8065-BVEPF,Male,Yes,No,No,65,99.1,Yes,No,Fiber optic,No,Yes,Yes,No,Yes,Yes,Month-to-month,Yes,Bank transfer (automatic),6496.15,No
3796-ENZGF,Male,No,Yes,No,63,67.25,Yes,Yes,DSL,No,Yes,No,Yes,No,Yes,Two year,No,Mailed check,4234.15,No
1734-ZMNTZ,Female,No,Yes,Yes,11,25.0,Yes,Yes,No,No internet service,No internet service,No internet service,No internet service,No internet service,No internet service,Two year,No,Mailed check,300.7,No
2853-CWQFQ,Male,No,No,Yes,1,59.55,Yes,No,DSL,No,No,No,Yes,No,Yes,Month-to-month,Yes,Mailed check,59.55,No
0813-TAXXS,Male,No,No,No,55,77.8,Yes,Yes,DSL,No,No,Yes,No,Yes,Yes,Two year,Yes,Bank transfer (automatic),4323.35,No
2519-TWKFS,Male,No,Yes,Yes,25,55.1,Yes,Yes,DSL,No,No,No,Yes,No,No,One year,Yes,Mailed check,1466.1,No
2889-FPWRM,Male,No,Yes,No,72,117.8,Yes,Yes,Fiber optic,Yes,Yes,Yes,Yes,Yes,Yes,One year,Yes,Bank transfer (automatic),8684.8,Yes
0626-QXNGV,Female,No,Yes,No,72,24.15,Yes,Yes,No,No internet service,No internet service,No internet service,No internet service,No internet service,No internet service,Two year,Yes,Credit card (automatic),1776.45,No
6723-CEGQI,Female,No,No,Yes,65,45.25,No,No phone service,DSL,No,Yes,No,Yes,Yes,No,Two year,No,Mailed check,2933.95,No
6987-XQSJT,Female,Yes,No,No,54,79.5,Yes,Yes,Fiber optic,No,Yes,No,No,No,No,Month-to-month,Yes,Electronic check,4370.25,Yes
4732-RRJZC,Male,No,Yes,Yes,7,20.25,Yes,No,No,No internet service,No internet service,No internet service,No internet service,No internet service,No internet service,Month-to-month,No,Mailed check,144.35,No
9499-XPZXM,Female,No,Yes,No,72,64.75,Yes,Yes,DSL,Yes,Yes,No,Yes,No,No,Two year,No,Bank transfer (automatic),4804.75,No
4338-EYCER,Male,No,Yes,No,21,54.6,Yes,No,DSL,No,No,No,No,Yes,No,Month-to-month,No,Bank transfer (automatic),1125.2,No
3007-FDPEA,Female,No,No,No,2,20.7,Yes,No,No,No internet service,No internet service,No internet service,No internet service,No internet service,No internet service,Month-to-month,Yes,Bank transfer (automatic),39.85,No
6350-XFYGW,Male,Yes,No,No,4,94.75,Yes,No,Fiber optic,No,No,Yes,No,Yes,Yes,Month-to-month,Yes,Electronic check,422.4,No
4290-BSXUX,Male,No,Yes,No,3,79.65,Yes,Yes,Fiber optic,No,No,No,Yes,No,No,Month-to-month,Yes,Bank transfer (automatic),251.75,Yes
8513-OLYGY,Male,No,Yes,No,72,115.8,Yes,Yes,Fiber optic,Yes,Yes,Yes,Yes,Yes,Yes,Two year,No,Credit card (automatic),8332.15,No
0311-QYWSS,Female,No,No,No,6,49.45,Yes,No,DSL,Yes,No,No,No,No,No,Month-to-month,Yes,Electronic check,314.6,No
8705-DWKTI,Male,No,No,No,52,83.8,Yes,No,Fiber optic,No,No,Yes,No,No,Yes,Month-to-month,Yes,Credit card (automatic),4331.4,No
8755-IWJHN,Male,Yes,Yes,No,69,95.35,Yes,Yes,Fiber optic,No,Yes,Yes,No,No,Yes,Month-to-month,Yes,Bank transfer (automatic),6382.0,No
0325-XBFAC,Male,No,No,No,8,94.7,Yes,No,Fiber optic,No,No,Yes,No,Yes,Yes,Month-to-month,Yes,Electronic check,740.3,Yes
4480-QQRHC,Female,Yes,No,No,8,74.05,Yes,No,Fiber optic,No,No,Yes,No,No,No,Month-to-month,Yes,Bank transfer (automatic),600.15,No
0929-PECLO,Female,Yes,No,No,63,89.6,Yes,Yes,Fiber optic,No,No,Yes,No,No,Yes,Month-to-month,Yes,Bank transfer (automatic),5538.8,No
3680-CTHUH,Male,No,No,No,60,116.6,Yes,Yes,Fiber optic,Yes,Yes,Yes,Yes,Yes,Yes,One year,Yes,Credit card (automatic),7049.5,No
1202-KKGFU,Female,No,Yes,No,12,54.2,Yes,No,DSL,Yes,No,No,Yes,No,No,Month-to-month,No,Bank transfer (automatic),690.5,No
6112-KTHFQ,Female,No,No,No,13,19.3,Yes,No,No,No internet service,No internet service,No internet service,No internet service,No internet service,No internet service,Month-to-month,Yes,Mailed check,279.3,No
1852-XEMDW,Male,No,No,No,22,65.05,Yes,Yes,DSL,Yes,Yes,Yes,No,No,No,Month-to-month,No,Mailed check,1427.55,No
2462-XIIJB,Male,No,No,No,5,92.5,Yes,Yes,Fiber optic,No,No,Yes,No,Yes,No,Month-to-month,Yes,Electronic check,452.7,Yes
4760-XOHVN,Female,No,Yes,Yes,1,19.45,Yes,No,No,No internet service,No internet service,No internet service,No internet service,No internet service,No internet service,Month-to-month,No,Mailed check,19.45,Yes
1820-DJFPH,Female,No,Yes,Yes,72,24.05,Yes,Yes,No,No internet service,No internet service,No internet service,No internet service,No internet service,No internet service,Two year,Yes,Bank transfer (automatic),1709.15,No
9426-SXNHE,Female,No,No,No,2,18.75,Yes,No,No,No internet service,No internet service,No internet service,No internet service,No internet service,No internet service,Month-to-month,No,Bank transfer (automatic),53.15,No
9068-FHQHD,Female,No,Yes,Yes,40,20.15,Yes,No,No,No internet service,No internet service,No internet service,No internet service,No internet service,No internet service,Two year,No,Bank transfer (automatic),777.35,No
1269-FOYWN,Male,No,Yes,Yes,44,20.0,Yes,No,No,No internet service,No internet service,No internet service,No internet service,No internet service,No internet service,One year,No,Bank transfer (automatic),860.85,No
9470-YFUYI,Male,Yes,Yes,No,71,71.0,Yes,No,DSL,Yes,Yes,No,Yes,Yes,No,One year,Yes,Bank transfer (automatic),5012.1,No
7817-BOQPW,Female,No,No,No,2,75.55,Yes,Yes,Fiber optic,No,No,No,No,No,No,Month-to-month,Yes,Electronic check,166.3,Yes
7402-EYFXX,Male,Yes,No,No,26,93.6,Yes,Yes,Fiber optic,No,No,No,No,Yes,Yes,Month-to-month,Yes,Electronic check,2404.1,No
1853-UDXBW,Male,No,Yes,Yes,1,70.0,Yes,No,Fiber optic,No,No,No,No,No,No,Month-to-month,Yes,Electronic check,70.0,Yes
9895-VFOXH,Female,No,No,No,1,24.4,No,No phone service,DSL,No,No,No,No,No,No,Month-to-month,No,Mailed check,24.4,No
5458-CQJTA,Male,No,Yes,Yes,65,74.8,Yes,No,DSL,Yes,No,No,Yes,Yes,Yes,Two year,Yes,Bank transfer (automatic),4820.15,Yes
1230-QAJDW,Male,No,No,No,3,65.25,Yes,Yes,DSL,No,No,No,Yes,Yes,No,Month-to-month,Yes,Mailed check,209.9,No
5701-ZIKJE,Male,No,No,No,13,50.55,Yes,No,DSL,No,No,No,Yes,No,No,Month-to-month,Yes,Mailed check,610.75,No
5219-YIPTK,Female,No,Yes,No,33,104.4,Yes,Yes,Fiber optic,No,Yes,Yes,No,Yes,Yes,Month-to-month,Yes,Electronic check,3409.6,Yes
5032-MIYKT,Female,No,No,No,1,70.7,Yes,No,Fiber optic,No,No,No,No,No,No,Month-to-month,Yes,Mailed check,70.7,No
7396-VJUZB,Male,No,Yes,Yes,4,45.25,Yes,No,DSL,No,No,No,No,No,No,Month-to-month,No,Mailed check,155.35,No
9717-QEBGU,Male,No,No,No,2,70.3,Yes,No,Fiber optic,No,No,No,No,No,No,Month-to-month,Yes,Electronic check,144.0,No
5172-RKOCB,Male,No,Yes,No,72,108.95,Yes,Yes,Fiber optic,Yes,Yes,No,Yes,Yes,Yes,Two year,Yes,Credit card (automatic),7875.0,No
6509-TSGWN,Female,No,Yes,Yes,37,26.45,Yes,Yes,No,No internet service,No internet service,No internet service,No internet service,No internet service,No internet service,Month-to-month,No,Mailed check,911.6,No
3540-RZJYU,Female,No,No,No,15,86.2,Yes,No,Fiber optic,Yes,No,No,No,Yes,No,Month-to-month,No,Electronic check,1270.2,Yes
3178-CIFOT,Female,No,No,No,23,19.65,Yes,No,No,No internet service,No internet service,No internet service,No internet service,No internet service,No internet service,One year,Yes,Credit card (automatic),478.1,No
2091-MJTFX,Female,No,Yes,Yes,30,51.2,No,No phone service,DSL,No,No,No,Yes,Yes,Yes,Month-to-month,No,Credit card (automatic),1561.5,Yes
4530-NDRKU,Female,No,Yes,Yes,42,19.05,Yes,No,No,No internet service,No internet service,No internet service,No internet service,No internet service,No internet service,One year,Yes,Electronic check,761.85,No
5985-TBABQ,Female,No,No,No,32,74.75,Yes,Yes,DSL,Yes,No,No,No,Yes,Yes,One year,No,Mailed check,2282.95,No
9800-ONTFE,Female,No,Yes,Yes,22,75.8,Yes,Yes,Fiber optic,No,No,No,No,No,No,Month-to-month,Yes,Bank transfer (automatic),1615.1,No
6743-HHQPF,Male,No,Yes,No,42,25.1,No,No phone service,DSL,No,No,No,No,No,No,Month-to-month,Yes,Credit card (automatic),1097.15,No
8455-HIRAQ,Female,No,No,No,8,44.45,Yes,No,DSL,No,No,No,No,No,No,Month-to-month,No,Mailed check,369.3,No
6616-AALSR,Female,No,Yes,Yes,65,104.3,Yes,Yes,Fiber optic,Yes,No,Yes,No,Yes,Yes,Two year,Yes,Credit card (automatic),6725.3,No
0883-EIBTI,Female,No,No,No,2,19.5,Yes,No,No,No internet service,No internet service,No internet service,No internet service,No internet service,No internet service,Month-to-month,No,Mailed check,31.55,Yes
9415-ZNBSX,Female,No,Yes,Yes,70,89.0,Yes,Yes,DSL,Yes,Yes,Yes,Yes,Yes,Yes,Two year,Yes,Bank transfer (automatic),6293.2,No
4018-KJYUY,Male,No,No,Yes,22,20.15,Yes,No,No,No internet service,No internet service,No internet service,No internet service,No internet service,No internet service,Month-to-month,No,Credit card (automatic),432.5,No
0722-TROQR,Female,Yes,No,No,4,74.9,Yes,Yes,Fiber optic,No,No,No,No,No,No,Month-to-month,Yes,Electronic check,321.75,Yes
7571-YXDAD,Female,No,No,No,2,74.9,Yes,Yes,Fiber optic,No,No,No,No,No,No,Month-to-month,No,Credit card (automatic),147.15,Yes
3884-UEBXB,Female,No,Yes,Yes,67,36.15,No,No phone service,DSL,Yes,Yes,No,No,No,No,Two year,No,Bank transfer (automatic),2434.45,No
8780-RSYYU,Female,No,No,No,25,19.2,Yes,No,No,No internet service,No internet service,No internet service,No internet service,No internet service,No internet service,Month-to-month,Yes,Credit card (automatic),532.1,No
5537-UXXVS,Female,No,Yes,No,20,19.25,Yes,No,No,No internet service,No internet service,No internet service,No internet service,No internet service,No internet service,Month-to-month,No,Bank transfer (automatic),375.25,No
1791-PQHBB,Female,No,No,Yes,2,61.2,Yes,No,DSL,Yes,No,No,No,No,Yes,Month-to-month,Yes,Credit card (automatic),125.95,No
8701-DGLVH,Male,No,No,No,51,20.45,Yes,No,No,No internet service,No internet service,No internet service,No internet service,No internet service,No internet service,Two year,No,Mailed check,1042.65,No
8741-LQOBK,Female,No,Yes,Yes,46,35.05,No,No phone service,DSL,Yes,Yes,No,No,No,No,Month-to-month,No,Bank transfer (automatic),1620.25,No
3393-FMZPV,Female,No,No,No,25,100.25,Yes,Yes,Fiber optic,No,Yes,No,No,Yes,Yes,Month-to-month,Yes,Electronic check,2387.75,Yes
8082-GHXOP,Male,No,No,Yes,13,44.0,Yes,No,DSL,No,No,No,No,No,No,Month-to-month,No,Mailed check,659.35,No
6402-ZFPPI,Female,Yes,No,No,25,102.8,Yes,Yes,Fiber optic,Yes,Yes,No,No,Yes,Yes,Month-to-month,Yes,Mailed check,2660.2,Yes
0980-FEXWF,Male,No,Yes,Yes,26,50.35,Yes,No,DSL,No,No,Yes,No,No,No,One year,No,Mailed check,1285.8,No
7486-KSRVI,Male,No,No,No,43,100.0,Yes,Yes,Fiber optic,No,No,No,Yes,Yes,Yes,One year,Yes,Electronic check,4211.55,Yes
3011-WQKSZ,Male,No,No,Yes,19,20.0,Yes,No,No,No internet service,No internet service,No internet service,No internet service,No internet service,No internet service,Month-to-month,Yes,Electronic check,377.55,No
8443-WVPSS,Male,No,Yes,No,10,99.85,Yes,No,Fiber optic,No,Yes,No,Yes,Yes,Yes,Month-to-month,Yes,Electronic check,990.9,Yes
3006-XIMLN,Female,No,No,Yes,2,94.2,Yes,Yes,Fiber optic,No,No,No,No,Yes,Yes,Month-to-month,Yes,Bank transfer (automatic),193.8,Yes
8218-FFJDS,Female,No,Yes,No,72,86.4,Yes,Yes,DSL,Yes,Yes,No,Yes,Yes,Yes,Two year,Yes,Bank transfer (automatic),6058.95,No
1986-PHGZF,Male,Yes,No,No,18,58.4,Yes,Yes,DSL,Yes,Yes,No,No,No,No,Month-to-month,Yes,Credit card (automatic),964.9,No
9965-YOKZB,Male,Yes,No,No,9,83.85,Yes,Yes,Fiber optic,No,No,No,No,No,Yes,Month-to-month,Yes,Electronic check,790.15,Yes
0504-HHAPI,Female,Yes,No,No,27,88.3,Yes,Yes,Fiber optic,No,No,Yes,No,No,Yes,Month-to-month,No,Credit card (automatic),2467.75,Yes
9360-OMDZZ,Male,No,No,No,24,94.1,Yes,Yes,Fiber optic,No,No,No,No,Yes,Yes,Month-to-month,Yes,Electronic check,2322.85,No
6305-YLBMM,Male,No,No,No,69,104.05,Yes,No,Fiber optic,No,Yes,Yes,Yes,Yes,Yes,One year,Yes,Bank transfer (automatic),7262.0,Yes
0345-XMMUG,Female,No,Yes,No,46,108.9,Yes,Yes,Fiber optic,No,Yes,Yes,Yes,Yes,Yes,Two year,Yes,Credit card (automatic),4854.3,No
8024-XNAFQ,Female,Yes,No,No,72,107.4,Yes,Yes,Fiber optic,Yes,Yes,Yes,Yes,No,Yes,Two year,Yes,Bank transfer (automatic),7748.75,No
3647-GMGDH,Male,No,Yes,No,22,94.7,Yes,No,Fiber optic,No,No,Yes,No,Yes,Yes,Month-to-month,Yes,Credit card (automatic),1914.9,Yes
2988-GBIVW,Female,Yes,Yes,No,70,90.85,Yes,Yes,Fiber optic,Yes,No,No,No,No,Yes,Month-to-month,Yes,Electronic check,6470.1,No
2832-SCUCO,Female,No,No,No,2,19.9,Yes,No,No,No internet service,No internet service,No internet service,No internet service,No internet service,No internet service,Month-to-month,No,Electronic check,57.4,No
7036-ZZKBD,Male,No,Yes,No,31,66.4,Yes,No,DSL,No,No,Yes,Yes,No,Yes,Month-to-month,Yes,Credit card (automatic),2019.8,No
3791-LGQCY,Female,Yes,Yes,No,56,100.65,Yes,Yes,Fiber optic,No,No,Yes,No,Yes,Yes,Month-to-month,Yes,Bank transfer (automatic),5688.05,Yes
0265-PSUAE,Female,No,Yes,Yes,16,100.7,Yes,No,Fiber optic,Yes,No,Yes,No,Yes,Yes,Month-to-month,No,Bank transfer (automatic),1522.7,No
0463-TXOAK,Male,No,No,Yes,52,25.6,Yes,Yes,No,No internet service,No internet service,No internet service,No internet service,No internet service,No internet service,Two year,No,Credit card (automatic),1334.5,No
0594-UFTUL,Male,No,Yes,Yes,13,19.85,Yes,No,No,No internet service,No internet service,No internet service,No internet service,No internet service,No internet service,Month-to-month,Yes,Mailed check,252.0,No
9509-MPYOD,Female,No,No,No,35,20.75,Yes,No,No,No internet service,No internet service,No internet service,No internet service,No internet service,No internet service,One year,No,Mailed check,700.45,No
9128-CPXKI,Female,No,No,No,59,95.8,Yes,No,Fiber optic,No,No,Yes,No,Yes,Yes,Two year,No,Electronic check,5655.45,No
0129-KPTWJ,Male,No,Yes,No,72,94.65,Yes,No,Fiber optic,No,No,Yes,No,Yes,Yes,Month-to-month,Yes,Electronic check,6747.35,No
8166-ZZTFS,Female,Yes,Yes,No,66,80.55,Yes,Yes,DSL,No,Yes,Yes,No,Yes,Yes,Two year,Yes,Bank transfer (automatic),5265.1,Yes
5855-EIBDE,Female,No,Yes,No,49,106.65,Yes,Yes,Fiber optic,Yes,Yes,Yes,Yes,No,Yes,Two year,No,Credit card (automatic),5174.35,No
5365-LLFYV,Female,No,No,No,2,45.85,Yes,No,DSL,No,No,No,No,No,No,Month-to-month,Yes,Mailed check,105.6,No
5956-YHHRX,Male,Yes,No,No,21,104.35,Yes,Yes,Fiber optic,No,Yes,Yes,No,Yes,Yes,Month-to-month,Yes,Electronic check,2271.85,No
6008-NAIXK,Male,Yes,No,No,54,55.45,No,No phone service,DSL,No,Yes,Yes,No,Yes,Yes,One year,Yes,Electronic check,2966.95,No
2956-GGUCQ,Male,Yes,Yes,No,24,78.85,Yes,Yes,Fiber optic,Yes,No,No,No,No,No,Month-to-month,Yes,Electronic check,1772.25,Yes
1928-BXYIV,Male,No,No,No,1,61.15,Yes,Yes,DSL,Yes,Yes,No,No,No,No,Month-to-month,No,Electronic check,61.15,No
5760-FXFVO,Male,No,No,No,6,78.95,Yes,No,Fiber optic,Yes,Yes,No,No,No,No,Month-to-month,Yes,Electronic check,494.95,No
6595-COKXZ,Female,No,No,No,1,44.45,Yes,No,DSL,No,No,No,No,No,No,Month-to-month,Yes,Mailed check,44.45,Yes
0961-ZWLVI,Male,No,No,Yes,49,109.2,Yes,Yes,Fiber optic,Yes,Yes,Yes,No,Yes,Yes,One year,Yes,Credit card (automatic),5290.45,No
5181-OABFK,Female,No,Yes,Yes,56,61.3,Yes,No,DSL,Yes,Yes,Yes,No,No,No,Two year,Yes,Credit card (automatic),3346.8,No
4007-NHVHI,Female,Yes,No,No,56,96.85,Yes,Yes,Fiber optic,Yes,Yes,No,No,No,Yes,Month-to-month,Yes,Electronic check,5219.65,No
7816-VGHTO,Female,No,Yes,Yes,6,40.55,No,No phone service,DSL,No,Yes,Yes,Yes,No,No,Two year,No,Mailed check,217.5,No
5871-DGTXZ,Male,No,No,No,32,19.8,Yes,No,No,No internet service,No internet service,No internet service,No internet service,No internet service,No internet service,One year,No,Mailed check,607.7,No
7550-WIQVA,Male,No,Yes,Yes,50,108.25,Yes,Yes,Fiber optic,Yes,Yes,Yes,No,Yes,Yes,One year,Yes,Electronic check,5431.4,No
7544-ZVIKX,Male,No,Yes,Yes,58,105.05,Yes,Yes,Fiber optic,No,No,Yes,Yes,Yes,Yes,One year,Yes,Bank transfer (automatic),6004.85,No
0016-QLJIS,Female,No,Yes,Yes,65,90.45,Yes,Yes,DSL,Yes,Yes,Yes,Yes,Yes,Yes,Two year,Yes,Mailed check,5957.9,No
7508-DQAKK,Female,No,No,No,64,86.4,Yes,Yes,DSL,Yes,Yes,Yes,Yes,Yes,Yes,Two year,Yes,Credit card (automatic),5442.05,No
5176-OLSKT,Female,No,Yes,No,66,66.9,Yes,Yes,DSL,Yes,Yes,Yes,No,No,No,Two year,No,Bank transfer (automatic),4370.25,No
9356-AXGMP,Male,No,Yes,No,38,110.7,Yes,Yes,Fiber optic,Yes,No,Yes,Yes,Yes,Yes,One year,Yes,Electronic check,4428.6,No
3556-BVQGL,Female,No,Yes,No,20,20.0,Yes,No,No,No internet service,No internet service,No internet service,No internet service,No internet service,No internet service,One year,Yes,Mailed check,416.45,No
0362-ZBZWJ,Male,No,No,No,36,84.9,Yes,Yes,Fiber optic,No,No,No,No,No,Yes,Month-to-month,Yes,Electronic check,3067.2,Yes
8979-CAMGB,Male,Yes,No,No,64,102.1,Yes,Yes,Fiber optic,No,No,Yes,Yes,Yes,Yes,One year,No,Electronic check,6688.1,No
4211-MMAZN,Male,No,No,No,1,20.25,Yes,No,No,No internet service,No internet service,No internet service,No internet service,No internet service,No internet service,Month-to-month,No,Mailed check,20.25,Yes
7581-EBBOU,Female,No,No,No,60,70.15,Yes,No,DSL,No,Yes,Yes,Yes,Yes,No,One year,Yes,Credit card (automatic),4224.7,No
4274-OWWYO,Male,No,No,No,1,74.35,Yes,No,Fiber optic,No,Yes,No,No,No,No,Month-to-month,Yes,Electronic check,74.35,Yes
5073-RZGBK,Female,No,Yes,Yes,50,80.05,Yes,Yes,DSL,Yes,Yes,Yes,Yes,No,Yes,One year,Yes,Bank transfer (automatic),4042.2,No
1541-ETJZO,Male,No,No,No,1,62.05,Yes,Yes,DSL,No,No,Yes,Yes,No,No,Month-to-month,No,Mailed check,62.05,Yes
2192-CKRLV,Female,No,Yes,No,72,49.2,No,No phone service,DSL,Yes,Yes,Yes,No,No,Yes,Two year,Yes,Electronic check,3580.95,No
3154-HMWUU,Male,No,Yes,No,60,20.5,Yes,No,No,No internet service,No internet service,No internet service,No internet service,No internet service,No internet service,Two year,Yes,Bank transfer (automatic),1198.8,No
6119-SPUDB,Male,No,No,No,46,38.25,No,No phone service,DSL,Yes,No,Yes,Yes,No,No,Two year,No,Mailed check,1755.35,No
6522-OIQSX,Female,No,Yes,Yes,69,54.95,No,No phone service,DSL,No,Yes,Yes,No,Yes,Yes,Two year,Yes,Credit card (automatic),3772.5,No
7813-ZGGAW,Male,Yes,No,No,31,96.6,Yes,Yes,Fiber optic,No,No,Yes,Yes,Yes,No,Month-to-month,Yes,Bank transfer (automatic),2877.95,No
8748-HFWBO,Male,No,Yes,Yes,19,19.9,Yes,No,No,No internet service,No internet service,No internet service,No internet service,No internet service,No internet service,One year,No,Mailed check,357.7,No
1052-QJIBV,Female,No,Yes,Yes,71,19.9,Yes,No,No,No internet service,No internet service,No internet service,No internet service,No internet service,No internet service,Two year,No,Credit card (automatic),1397.3,No
1319-YLZJG,Male,No,Yes,No,12,84.6,Yes,No,Fiber optic,Yes,Yes,Yes,No,No,No,Month-to-month,Yes,Electronic check,959.9,No
4106-HADHQ,Male,No,Yes,Yes,39,80.0,Yes,No,DSL,Yes,No,Yes,Yes,Yes,Yes,One year,No,Credit card (automatic),3182.95,Yes
0723-FDLAY,Male,No,No,No,44,85.25,Yes,Yes,DSL,No,Yes,Yes,Yes,Yes,Yes,One year,Yes,Bank transfer (automatic),3704.15,No
3050-RLLXC,Female,No,Yes,Yes,56,81.25,Yes,Yes,DSL,Yes,Yes,Yes,Yes,Yes,No,Two year,No,Credit card (automatic),4620.4,No
9298-WGMRW,Female,No,Yes,No,72,115.5,Yes,Yes,Fiber optic,Yes,Yes,Yes,Yes,Yes,Yes,Two year,Yes,Bank transfer (automatic),8312.75,No
2369-UAPKZ,Male,No,No,No,5,104.1,Yes,Yes,Fiber optic,No,Yes,Yes,No,Yes,Yes,Month-to-month,No,Mailed check,541.9,Yes
3088-LHEFH,Female,No,No,No,11,79.0,Yes,Yes,Fiber optic,Yes,No,No,No,No,No,Month-to-month,Yes,Bank transfer (automatic),929.3,No
2778-OCLGR,Male,Yes,Yes,No,24,39.1,No,No phone service,DSL,Yes,No,No,No,No,Yes,Month-to-month,No,Bank transfer (automatic),971.3,Yes
6583-KQJLK,Female,Yes,Yes,No,15,94.65,Yes,No,Fiber optic,No,Yes,No,No,Yes,Yes,Month-to-month,Yes,Electronic check,1285.05,No
8544-JNBOX,Male,No,No,No,72,20.8,Yes,No,No,No internet service,No internet service,No internet service,No internet service,No internet service,No internet service,Two year,Yes,Mailed check,1521.2,No
6681-ZSEXG,Male,No,Yes,No,56,59.5,Yes,Yes,DSL,No,Yes,Yes,No,No,No,Two year,No,Credit card (automatic),3389.25,No
6139-ZZRBQ,Male,Yes,No,No,64,20.05,Yes,No,No,No internet service,No internet service,No internet service,No internet service,No internet service,No internet service,Two year,Yes,Bank transfer (automatic),1198.05,No
6116-RFVHN,Female,No,Yes,No,34,100.45,Yes,Yes,Fiber optic,No,No,Yes,No,Yes,Yes,Month-to-month,Yes,Electronic check,3414.65,No
0637-KVDLV,Male,No,No,No,2,76.5,Yes,Yes,Fiber optic,No,No,No,No,No,No,Month-to-month,Yes,Electronic check,162.45,Yes
8884-FEEWR,Male,No,No,No,35,20.6,Yes,No,No,No internet service,No internet service,No internet service,No internet service,No internet service,No internet service,One year,No,Bank transfer (automatic),754.0,No
3125-RAHBV,Male,No,No,No,22,20.3,Yes,No,No,No internet service,No internet service,No internet service,No internet service,No internet service,No internet service,One year,No,Credit card (automatic),467.15,No
6633-MPWBS,Male,No,No,No,5,49.2,Yes,No,DSL,No,No,No,Yes,No,No,Month-to-month,Yes,Electronic check,216.9,Yes
0373-AIVNJ,Male,No,No,No,9,39.55,No,No phone service,DSL,Yes,Yes,Yes,No,No,No,One year,No,Mailed check,373.0,No
8785-EPNCG,Male,No,No,No,11,23.15,Yes,Yes,No,No internet service,No internet service,No internet service,No internet service,No internet service,No internet service,Month-to-month,No,Credit card (automatic),245.2,Yes
1682-VCOIO,Male,No,No,No,23,20.45,Yes,No,No,No internet service,No internet service,No internet service,No internet service,No internet service,No internet service,One year,No,Mailed check,481.1,No
5729-KLZAR,Female,No,Yes,Yes,4,80.85,Yes,No,Fiber optic,No,No,No,No,No,Yes,Month-to-month,No,Electronic check,302.75,Yes
2072-ZVJJX,Male,No,Yes,No,68,25.25,Yes,Yes,No,No internet service,No internet service,No internet service,No internet service,No internet service,No internet service,Two year,No,Bank transfer (automatic),1728.2,No
8849-AYPTR,Male,No,Yes,No,33,91.25,Yes,No,Fiber optic,No,No,No,No,Yes,Yes,Month-to-month,No,Electronic check,2964.05,No
9518-IMLHK,Male,No,No,No,31,72.45,Yes,No,DSL,Yes,Yes,Yes,Yes,Yes,No,Month-to-month,Yes,Bank transfer (automatic),2156.25,No
1582-RAFML,Male,No,No,No,1,60.1,Yes,Yes,DSL,No,Yes,No,Yes,No,No,Month-to-month,No,Mailed check,60.1,Yes
3646-ITDGM,Female,No,No,No,56,19.7,Yes,No,No,No internet service,No internet service,No internet service,No internet service,No internet service,No internet service,Two year,No,Bank transfer (automatic),1051.9,No
8740-CRYFY,Male,No,No,No,1,78.95,Yes,No,Fiber optic,No,No,No,No,Yes,No,Month-to-month,Yes,Electronic check,78.95,Yes
3569-VLDHH,Male,No,Yes,Yes,66,75.1,Yes,No,DSL,Yes,Yes,Yes,Yes,Yes,No,One year,Yes,Electronic check,5013.0,No
8224-KDLKN,Male,No,Yes,Yes,72,25.0,Yes,Yes,No,No internet service,No internet service,No internet service,No internet service,No internet service,No internet service,Two year,No,Bank transfer (automatic),1738.9,No
7594-LZNWR,Male,Yes,No,No,34,69.15,Yes,No,Fiber optic,No,No,No,No,No,No,Month-to-month,No,Credit card (automatic),2275.1,No
4001-TSBTV,Female,No,Yes,Yes,58,91.55,Yes,No,Fiber optic,No,Yes,Yes,No,Yes,No,Month-to-month,Yes,Electronic check,5511.65,No
2962-XPMCQ,Male,No,No,No,2,45.15,Yes,No,DSL,No,No,No,No,No,No,Month-to-month,Yes,Electronic check,98.5,Yes
8727-XDPUD,Male,No,No,No,37,35.8,No,No phone service,DSL,No,No,No,No,Yes,No,Two year,No,Credit card (automatic),1316.9,No
1043-UXOVO,Female,No,No,No,71,113.15,Yes,Yes,Fiber optic,Yes,Yes,Yes,Yes,Yes,Yes,Two year,Yes,Credit card (automatic),7993.3,No
1064-FBXNK,Male,No,Yes,Yes,1,19.85,Yes,No,No,No internet service,No internet service,No internet service,No internet service,No internet service,No internet service,One year,No,Credit card (automatic),19.85,No
3996-ZNWYK,Male,Yes,Yes,Yes,71,19.8,Yes,No,No,No internet service,No internet service,No internet service,No internet service,No internet service,No internet service,Two year,No,Credit card (automatic),1388.45,No
2878-DHMIN,Male,No,Yes,Yes,35,19.9,Yes,No,No,No internet service,No internet service,No internet service,No internet service,No internet service,No internet service,One year,No,Electronic check,666.0,No
7762-ONLJY,Female,No,Yes,Yes,6,19.7,Yes,No,No,No internet service,No internet service,No internet service,No internet service,No internet service,No internet service,One year,No,Mailed check,94.45,No
1678-FYZOW,Female,No,No,No,3,79.4,Yes,No,Fiber optic,No,No,No,No,Yes,No,Month-to-month,Yes,Electronic check,244.65,Yes
5795-BKOYE,Female,No,Yes,Yes,69,59.1,Yes,No,DSL,No,Yes,Yes,Yes,No,No,One year,No,Bank transfer (automatic),4134.7,No
8627-EHGIP,Male,No,No,No,44,53.95,No,No phone service,DSL,No,Yes,Yes,No,Yes,Yes,One year,Yes,Mailed check,2375.4,Yes
7402-PWYJJ,Female,No,Yes,No,53,91.15,Yes,Yes,Fiber optic,No,No,No,Yes,No,Yes,One year,Yes,Electronic check,4862.5,No
5480-TBGPH,Female,No,Yes,No,24,99.3,Yes,No,Fiber optic,No,Yes,Yes,No,Yes,Yes,Month-to-month,Yes,Credit card (automatic),2431.35,Yes
0018-NYROU,Female,No,Yes,No,5,68.95,Yes,No,Fiber optic,No,No,No,No,No,No,Month-to-month,Yes,Electronic check,351.5,No
7501-VTYLJ,Female,No,No,Yes,2,51.55,Yes,No,DSL,No,Yes,No,No,No,No,Month-to-month,No,Mailed check,106.2,No
7608-RGIRO,Male,No,No,Yes,62,24.4,Yes,Yes,No,No internet service,No internet service,No internet service,No internet service,No internet service,No internet service,Two year,Yes,Mailed check,1413.0,No
0480-BIXDE,Female,No,Yes,No,19,96.8,Yes,No,Fiber optic,No,No,Yes,No,Yes,Yes,Month-to-month,Yes,Electronic check,1743.05,No
5895-QSXOD,Male,No,No,No,9,70.05,Yes,No,Fiber optic,No,No,No,No,No,No,Month-to-month,No,Mailed check,657.5,No
9814-AOUDH,Male,No,No,No,53,19.5,Yes,No,No,No internet service,No internet service,No internet service,No internet service,No internet service,No internet service,Two year,No,Credit card (automatic),1050.5,No
6175-IRFIT,Male,No,No,No,5,78.75,Yes,No,Fiber optic,No,No,No,No,No,Yes,Month-to-month,No,Mailed check,426.35,No
8760-ZRHKE,Female,Yes,Yes,Yes,71,69.2,Yes,Yes,DSL,Yes,Yes,No,No,Yes,No,One year,No,Electronic check,4982.5,No
1622-HSHSF,Female,No,No,No,1,19.55,Yes,No,No,No internet service,No internet service,No internet service,No internet service,No internet service,No internet service,Month-to-month,Yes,Mailed check,19.55,No
8854-CCVSQ,Male,No,No,No,18,80.65,Yes,Yes,Fiber optic,No,Yes,No,No,No,No,Month-to-month,Yes,Electronic check,1451.9,Yes
6749-UTDVX,Male,No,No,No,72,103.65,Yes,Yes,Fiber optic,No,Yes,Yes,No,Yes,Yes,Two year,Yes,Electronic check,7634.8,No
5542-DHSXL,Female,No,Yes,No,4,54.7,Yes,No,DSL,Yes,Yes,No,No,No,No,Month-to-month,No,Mailed check,235.05,No
9102-OXKFY,Male,No,No,No,59,54.15,Yes,Yes,DSL,No,No,Yes,No,No,No,Two year,No,Credit card (automatic),3116.15,No
0511-JTEOY,Female,No,No,No,1,71.1,Yes,No,Fiber optic,No,No,No,No,No,No,Month-to-month,No,Mailed check,71.1,Yes
5216-WASFJ,Female,Yes,Yes,No,31,84.85,Yes,Yes,Fiber optic,No,No,No,No,No,Yes,Month-to-month,Yes,Electronic check,2633.4,No
7808-DVWEP,Male,No,Yes,No,3,20.0,Yes,No,No,No internet service,No internet service,No internet service,No internet service,No internet service,No internet service,Month-to-month,No,Bank transfer (automatic),49.65,No
7067-KSAZT,Female,Yes,Yes,No,65,106.25,Yes,Yes,Fiber optic,No,Yes,Yes,No,Yes,Yes,One year,Yes,Electronic check,6979.8,Yes
2284-VFLKH,Male,No,Yes,No,49,99.25,Yes,No,Fiber optic,No,No,Yes,Yes,Yes,Yes,One year,Yes,Credit card (automatic),4920.8,No
0366-NQSHS,Male,No,No,No,2,19.35,Yes,No,No,No internet service,No internet service,No internet service,No internet service,No internet service,No internet service,Month-to-month,No,Mailed check,46.35,No
6532-YLWSI,Female,No,Yes,No,53,20.8,Yes,No,No,No internet service,No internet service,No internet service,No internet service,No internet service,No internet service,One year,No,Bank transfer (automatic),1021.8,Yes
3807-BPOMJ,Female,No,Yes,No,55,94.75,Yes,No,Fiber optic,Yes,No,No,No,Yes,Yes,One year,Yes,Electronic check,5276.1,No
3892-NXAZG,Male,No,Yes,Yes,72,114.05,Yes,Yes,Fiber optic,Yes,Yes,Yes,Yes,Yes,Yes,Two year,Yes,Credit card (automatic),8289.2,No
4948-WBBKL,Female,Yes,No,No,36,74.9,Yes,Yes,Fiber optic,No,No,No,No,No,No,Month-to-month,Yes,Bank transfer (automatic),2659.45,No
4182-BGSIQ,Female,No,Yes,Yes,10,19.8,Yes,No,No,No internet service,No internet service,No internet service,No internet service,No internet service,No internet service,Month-to-month,Yes,Bank transfer (automatic),196.75,No
9300-AGZNL,Male,Yes,No,No,1,94.0,Yes,Yes,Fiber optic,No,No,No,No,Yes,Yes,Month-to-month,Yes,Electronic check,94.0,Yes
0988-AADSA,Female,No,Yes,Yes,72,80.85,Yes,Yes,DSL,Yes,Yes,Yes,Yes,No,Yes,Two year,No,Bank transfer (automatic),5824.75,No
9972-NKTFD,Female,No,No,No,28,54.65,Yes,No,DSL,No,Yes,No,Yes,No,No,Month-to-month,No,Bank transfer (automatic),1517.5,No
3717-LNXKW,Male,No,Yes,No,38,91.7,Yes,Yes,Fiber optic,Yes,No,No,No,Yes,No,Month-to-month,No,Bank transfer (automatic),3479.05,No
5734-EJKXG,Female,No,No,No,61,118.6,Yes,Yes,Fiber optic,Yes,Yes,Yes,Yes,Yes,Yes,One year,Yes,Electronic check,7365.7,No
2207-RYYRL,Male,No,Yes,Yes,52,24.55,Yes,Yes,No,No internet service,No internet service,No internet service,No internet service,No internet service,No internet service,Two year,No,Mailed check,1331.05,No
6729-FZWSY,Male,No,No,No,67,19.45,Yes,No,No,No internet service,No internet service,No internet service,No internet service,No internet service,No internet service,One year,Yes,Mailed check,1195.95,No
9695-IDRZR,Female,No,No,Yes,34,116.15,Yes,Yes,Fiber optic,Yes,Yes,Yes,Yes,Yes,Yes,Two year,Yes,Credit card (automatic),3946.9,No
8144-DGHXP,Female,No,No,No,54,80.6,Yes,No,DSL,Yes,No,Yes,Yes,Yes,Yes,Two year,No,Electronic check,4299.95,No
7814-LEEVE,Female,No,Yes,No,1,20.3,Yes,No,No,No internet service,No internet service,No internet service,No internet service,No internet service,No internet service,Month-to-month,Yes,Bank transfer (automatic),20.3,No
1112-CUNAO,Female,Yes,No,No,15,89.85,Yes,Yes,Fiber optic,No,Yes,No,No,No,Yes,Month-to-month,No,Electronic check,1424.95,Yes
5175-AOBHI,Female,No,No,No,4,46.0,Yes,No,DSL,No,No,No,No,No,No,Month-to-month,Yes,Mailed check,193.6,Yes
5174-RNGBH,Female,No,No,No,9,66.25,Yes,No,DSL,No,Yes,No,Yes,Yes,No,Month-to-month,No,Mailed check,620.55,Yes
8631-WUXGY,Female,No,No,Yes,46,99.8,Yes,No,Fiber optic,No,Yes,Yes,No,Yes,Yes,Month-to-month,Yes,Electronic check,4391.25,No
7270-BDIOA,Female,No,No,No,22,90.0,Yes,Yes,Fiber optic,No,No,No,Yes,Yes,No,Month-to-month,Yes,Electronic check,1993.8,Yes
9565-JSNFM,Male,No,No,No,38,70.45,Yes,No,Fiber optic,No,No,No,No,No,No,One year,Yes,Bank transfer (automatic),2597.6,Yes
5906-DVAPM,Female,No,Yes,Yes,55,75.0,Yes,Yes,DSL,Yes,Yes,No,Yes,Yes,No,One year,Yes,Credit card (automatic),4213.9,No
6654-QGBZZ,Female,No,No,No,1,19.9,Yes,No,No,No internet service,No internet service,No internet service,No internet service,No internet service,No internet service,Month-to-month,No,Mailed check,19.9,No
8348-JLBUG,Male,Yes,Yes,No,64,80.3,Yes,No,Fiber optic,Yes,No,Yes,No,No,No,One year,No,Credit card (automatic),5017.7,No
0607-DAAHE,Male,No,No,Yes,53,19.75,Yes,No,No,No internet service,No internet service,No internet service,No internet service,No internet service,No internet service,Two year,No,Bank transfer (automatic),1052.35,Yes
5641-DMBFJ,Female,No,Yes,No,58,84.3,Yes,Yes,DSL,Yes,No,Yes,Yes,Yes,Yes,Two year,Yes,Electronic check,4916.4,No
9200-NLNPD,Male,No,Yes,No,56,54.05,No,No phone service,DSL,No,No,Yes,Yes,Yes,Yes,One year,Yes,Bank transfer (automatic),2959.8,No
2664-XJZNO,Male,No,Yes,Yes,72,104.9,Yes,No,Fiber optic,Yes,No,Yes,Yes,Yes,Yes,Two year,Yes,Credit card (automatic),7559.55,No
9732-KPKBW,Male,No,No,No,1,53.95,Yes,No,DSL,Yes,No,No,Yes,No,No,Month-to-month,Yes,Electronic check,53.95,Yes
3339-EAQNV,Male,Yes,Yes,No,72,97.25,Yes,Yes,Fiber optic,No,Yes,No,No,Yes,Yes,One year,Yes,Credit card (automatic),7133.1,No
0921-OHLVP,Male,No,No,No,22,83.05,Yes,Yes,Fiber optic,No,No,No,No,No,Yes,Month-to-month,No,Electronic check,1799.3,No
3389-YGYAI,Female,Yes,No,No,8,105.5,Yes,Yes,Fiber optic,No,Yes,Yes,No,Yes,Yes,Month-to-month,Yes,Electronic check,829.55,Yes
9560-ARGQJ,Female,No,No,Yes,16,81.0,Yes,No,Fiber optic,No,No,No,No,Yes,No,Month-to-month,Yes,Electronic check,1312.15,Yes
8350-NYMVI,Female,No,No,No,39,41.1,No,No phone service,DSL,No,Yes,Yes,Yes,No,No,Month-to-month,No,Bank transfer (automatic),1597.05,No
1600-DILPE,Female,No,No,No,12,45.0,Yes,No,DSL,No,No,No,No,No,No,Month-to-month,Yes,Bank transfer (automatic),524.35,No
0536-ESJEP,Male,No,Yes,No,54,74.55,Yes,No,DSL,Yes,Yes,No,No,Yes,Yes,Two year,Yes,Bank transfer (automatic),4191.45,No
4654-GGUII,Female,No,No,No,18,40.2,No,No phone service,DSL,Yes,Yes,No,Yes,No,No,One year,Yes,Mailed check,711.95,No
6478-HRRCZ,Male,No,Yes,No,32,70.5,Yes,No,DSL,Yes,Yes,No,Yes,No,Yes,One year,No,Mailed check,2201.75,No
8510-BBWMU,Female,No,No,No,41,19.75,Yes,No,No,No internet service,No internet service,No internet service,No internet service,No internet service,No internet service,One year,Yes,Mailed check,806.95,No
6857-TKDJV,Male,No,Yes,Yes,67,24.65,Yes,Yes,No,No internet service,No internet service,No internet service,No internet service,No internet service,No internet service,Two year,No,Bank transfer (automatic),1620.45,No
2360-RDGRO,Male,No,Yes,No,65,104.25,Yes,Yes,Fiber optic,Yes,No,Yes,No,Yes,Yes,Month-to-month,Yes,Electronic check,6812.95,No
0584-BJQGZ,Female,No,No,No,25,78.35,Yes,Yes,DSL,Yes,Yes,Yes,Yes,Yes,No,Month-to-month,Yes,Bank transfer (automatic),1837.9,No
5134-IKDAY,Female,No,Yes,Yes,1,69.8,Yes,No,Fiber optic,No,No,No,No,No,No,Month-to-month,Yes,Electronic check,69.8,Yes
1360-XFJMR,Female,No,Yes,No,67,109.7,Yes,Yes,Fiber optic,No,Yes,Yes,Yes,Yes,Yes,One year,Yes,Credit card (automatic),7344.45,No
3070-DVEYC,Male,Yes,No,No,7,73.75,Yes,Yes,Fiber optic,No,No,No,No,No,No,Month-to-month,No,Mailed check,545.15,Yes
5730-RIITO,Female,Yes,No,No,43,33.45,No,No phone service,DSL,Yes,Yes,No,No,No,No,Month-to-month,Yes,Credit card (automatic),1500.25,No
9058-MJLZC,Female,No,No,No,24,94.6,Yes,No,Fiber optic,Yes,No,No,No,Yes,Yes,Month-to-month,Yes,Electronic check,2283.15,No
5707-ORNDZ,Male,Yes,No,No,9,54.55,Yes,Yes,DSL,Yes,No,No,No,No,No,Month-to-month,No,Electronic check,494.05,Yes
0902-XKXPN,Male,No,Yes,Yes,69,20.2,Yes,No,No,No internet service,No internet service,No internet service,No internet service,No internet service,No internet service,Two year,No,Bank transfer (automatic),1376.5,No
5177-RVZNU,Female,No,No,Yes,37,20.3,Yes,No,No,No internet service,No internet service,No internet service,No internet service,No internet service,No internet service,One year,No,Bank transfer (automatic),755.4,No
0056-EPFBG,Male,No,Yes,Yes,20,39.4,No,No phone service,DSL,Yes,No,Yes,Yes,No,No,Two year,Yes,Credit card (automatic),825.4,No
8993-IZEUX,Male,No,No,No,7,69.15,Yes,No,Fiber optic,No,No,No,No,No,No,Month-to-month,No,Bank transfer (automatic),488.65,No
8696-JKZNU,Female,Yes,No,No,37,76.25,Yes,Yes,Fiber optic,No,No,No,No,No,No,Month-to-month,Yes,Electronic check,2841.55,Yes
5380-AFSSK,Female,No,No,No,5,93.9,Yes,Yes,Fiber optic,No,No,No,No,Yes,Yes,Month-to-month,Yes,Mailed check,486.85,Yes
8190-ZTQFB,Male,No,No,No,41,51.35,No,No phone service,DSL,No,No,Yes,No,Yes,Yes,One year,Yes,Electronic check,2075.1,No
0931-MHTEM,Female,No,No,No,54,100.05,Yes,No,Fiber optic,Yes,Yes,No,No,Yes,Yes,One year,Yes,Credit card (automatic),5299.65,No
2055-PDADH,Female,Yes,No,No,3,70.4,Yes,No,Fiber optic,No,No,No,No,No,No,Month-to-month,Yes,Electronic check,204.7,Yes
7515-LODFU,Male,Yes,No,No,69,20.3,Yes,No,No,No internet service,No internet service,No internet service,No internet service,No internet service,No internet service,Two year,No,Credit card (automatic),1356.3,No
0440-UEDAI,Female,No,No,No,53,94.45,Yes,No,Fiber optic,No,Yes,Yes,Yes,No,Yes,One year,Yes,Credit card (automatic),5042.75,No
1337-BOZWO,Male,No,Yes,Yes,18,46.4,No,No phone service,DSL,No,Yes,Yes,No,Yes,No,One year,No,Credit card (automatic),812.4,No
0868-VJRDR,Male,No,Yes,No,64,104.05,Yes,No,Fiber optic,Yes,Yes,No,Yes,Yes,Yes,Two year,Yes,Credit card (automatic),6605.55,No
8714-EUHJO,Female,No,Yes,Yes,31,91.15,Yes,Yes,Fiber optic,No,Yes,No,No,No,Yes,Month-to-month,Yes,Electronic check,2995.45,Yes
6344-SFJVH,Female,No,No,No,20,24.9,No,No phone service,DSL,No,No,No,No,No,No,Month-to-month,No,Credit card (automatic),505.95,No
3950-VPYJB,Male,No,Yes,Yes,57,59.6,Yes,No,DSL,Yes,Yes,No,Yes,No,No,One year,No,Mailed check,3509.4,No
8041-TMEID,Male,Yes,Yes,No,63,108.5,Yes,Yes,Fiber optic,Yes,Yes,Yes,No,Yes,Yes,Two year,No,Credit card (automatic),6991.9,No
7321-ZNSLA,Male,No,Yes,Yes,13,40.55,No,No phone service,DSL,Yes,Yes,No,Yes,No,No,Two year,No,Mailed check,590.35,No
6941-KXRRV,Female,Yes,Yes,No,48,58.95,Yes,No,DSL,No,Yes,No,No,No,Yes,One year,Yes,Bank transfer (automatic),2789.7,No
3721-CNEYS,Female,No,No,No,2,70.95,Yes,No,Fiber optic,No,No,No,No,No,No,Month-to-month,Yes,Electronic check,137.95,Yes
8727-JQFHV,Male,No,Yes,Yes,57,20.75,Yes,No,No,No internet service,No internet service,No internet service,No internet service,No internet service,No internet service,Two year,No,Mailed check,1123.15,No
9475-NNDGC,Male,No,Yes,No,71,113.15,Yes,Yes,Fiber optic,No,Yes,Yes,Yes,Yes,Yes,One year,Yes,Bank transfer (automatic),7953.25,No
1355-KUSBG,Female,No,Yes,Yes,7,48.8,Yes,Yes,DSL,No,No,No,No,No,No,Month-to-month,No,Electronic check,349.8,No
3688-FTHLT,Female,No,No,No,16,63.05,Yes,Yes,DSL,No,No,No,No,No,Yes,Month-to-month,Yes,Bank transfer (automatic),1067.05,No
0899-LIIBW,Male,No,Yes,No,34,100.85,Yes,Yes,Fiber optic,No,No,Yes,No,Yes,Yes,Month-to-month,No,Electronic check,3527.3,No
2568-OIADY,Female,No,Yes,No,37,99.5,Yes,Yes,Fiber optic,No,No,Yes,No,Yes,Yes,Month-to-month,Yes,Electronic check,3762.0,Yes
1384-RCUXW,Male,No,No,No,16,80.55,Yes,Yes,Fiber optic,No,Yes,No,No,No,No,Month-to-month,Yes,Mailed check,1248.9,No
5825-XJOCM,Male,No,No,Yes,48,64.4,Yes,Yes,DSL,Yes,Yes,Yes,No,No,No,One year,Yes,Bank transfer (automatic),3035.35,No
6848-YLDFR,Male,No,Yes,Yes,58,75.2,Yes,No,DSL,No,Yes,No,Yes,Yes,Yes,One year,Yes,Credit card (automatic),4300.8,No
8125-QPFJD,Female,No,Yes,No,72,84.9,Yes,Yes,DSL,Yes,No,Yes,Yes,Yes,Yes,Two year,Yes,Bank transfer (automatic),6065.3,No
2320-YKQBO,Female,No,No,No,7,19.3,Yes,No,No,No internet service,No internet service,No internet service,No internet service,No internet service,No internet service,Month-to-month,No,Mailed check,144.95,No
1193-RTSLK,Female,No,No,No,38,83.9,Yes,No,Fiber optic,Yes,Yes,Yes,No,No,No,Month-to-month,Yes,Credit card (automatic),3233.6,Yes
2302-ANTDP,Female,Yes,Yes,No,48,117.45,Yes,Yes,Fiber optic,Yes,Yes,Yes,Yes,Yes,Yes,Month-to-month,No,Electronic check,5438.9,Yes
5923-GXUOC,Male,No,No,No,10,104.4,Yes,No,Fiber optic,Yes,Yes,Yes,No,Yes,Yes,Month-to-month,Yes,Electronic check,1081.45,Yes
4973-RLZVI,Female,No,No,No,30,74.65,Yes,No,DSL,Yes,Yes,Yes,Yes,Yes,No,One year,No,Credit card (automatic),2308.6,No
7869-ZYDST,Male,No,Yes,No,31,59.05,Yes,Yes,DSL,No,No,No,No,Yes,No,Month-to-month,Yes,Credit card (automatic),1882.8,No
4501-UYKBC,Female,Yes,No,No,46,69.1,Yes,Yes,DSL,No,No,Yes,Yes,No,Yes,One year,Yes,Credit card (automatic),3255.35,No
1215-EXRMO,Male,No,Yes,No,50,20.55,Yes,No,No,No internet service,No internet service,No internet service,No internet service,No internet service,No internet service,Two year,No,Mailed check,1067.65,No
2305-MRGLV,Male,No,Yes,No,28,76.55,Yes,No,Fiber optic,No,No,No,Yes,No,No,Month-to-month,No,Bank transfer (automatic),2065.4,No
8404-VIOMB,Female,No,No,No,66,62.5,No,No phone service,DSL,Yes,Yes,Yes,Yes,Yes,Yes,Two year,Yes,Bank transfer (automatic),4136.4,No
5233-GEEAX,Male,Yes,No,No,8,29.4,No,No phone service,DSL,No,No,Yes,No,No,No,Month-to-month,Yes,Electronic check,221.9,Yes
2359-KLTEK,Female,No,Yes,Yes,41,94.9,Yes,No,Fiber optic,No,No,Yes,No,Yes,Yes,Month-to-month,Yes,Bank transfer (automatic),3848.0,No
5304-EFJLP,Male,Yes,Yes,No,72,111.65,Yes,Yes,Fiber optic,No,Yes,Yes,Yes,Yes,Yes,Two year,Yes,Bank transfer (automatic),8022.85,No
2673-ZALNP,Female,No,No,No,7,19.9,Yes,No,No,No internet service,No internet service,No internet service,No internet service,No internet service,No internet service,One year,No,Mailed check,173.15,No
9184-GALIL,Female,No,Yes,Yes,38,20.45,Yes,No,No,No internet service,No internet service,No internet service,No internet service,No internet service,No internet service,Month-to-month,No,Mailed check,781.25,No
4393-RYCRE,Male,No,No,No,44,106.05,Yes,No,Fiber optic,Yes,Yes,Yes,No,Yes,Yes,One year,Yes,Electronic check,4510.8,No
9746-MDMBK,Male,No,Yes,Yes,47,113.45,Yes,Yes,Fiber optic,Yes,Yes,Yes,Yes,Yes,Yes,One year,Yes,Bank transfer (automatic),5317.8,No
3162-ZJZFU,Male,No,Yes,Yes,53,92.55,Yes,No,Fiber optic,No,Yes,No,Yes,Yes,No,Month-to-month,Yes,Electronic check,4779.45,No
8404-GFGCZ,Male,No,Yes,No,4,65.6,Yes,Yes,DSL,No,No,Yes,No,Yes,No,Month-to-month,No,Electronic check,250.1,No
8875-AKBYH,Male,Yes,No,No,20,84.35,Yes,Yes,Fiber optic,No,No,No,No,Yes,No,Month-to-month,Yes,Electronic check,1745.2,No
4432-ADRLB,Male,No,No,No,2,44.65,Yes,No,DSL,No,No,No,No,No,No,Month-to-month,No,Mailed check,74.9,Yes
0533-UCAAU,Male,Yes,Yes,No,57,71.1,Yes,Yes,DSL,No,Yes,Yes,No,Yes,No,One year,Yes,Credit card (automatic),4140.1,No
1394-SUIUH,Female,Yes,Yes,No,44,85.15,Yes,No,Fiber optic,Yes,Yes,No,Yes,No,No,Month-to-month,Yes,Electronic check,3670.5,No
3521-MNKLV,Male,No,No,No,24,49.7,Yes,No,DSL,No,No,Yes,No,No,No,Month-to-month,Yes,Mailed check,1167.8,No
2533-TIBIX,Male,No,Yes,Yes,15,30.2,No,No phone service,DSL,Yes,No,No,No,No,No,Month-to-month,Yes,Bank transfer (automatic),469.65,No
8993-PHFWD,Female,No,No,No,3,25.25,No,No phone service,DSL,No,No,No,No,No,No,Month-to-month,No,Electronic check,58.9,Yes
1565-RHDJD,Female,No,No,Yes,4,84.05,Yes,Yes,Fiber optic,No,Yes,Yes,No,No,No,Month-to-month,No,Bank transfer (automatic),333.55,Yes
7137-RYLPP,Male,Yes,Yes,No,37,85.7,Yes,Yes,Fiber optic,No,No,No,No,Yes,No,Month-to-month,Yes,Electronic check,3171.15,Yes
3765-JXVKY,Female,No,No,No,1,74.7,Yes,No,Fiber optic,No,Yes,No,No,No,No,Month-to-month,Yes,Electronic check,74.7,Yes
5092-STPKP,Female,No,No,No,24,56.35,Yes,No,DSL,Yes,No,No,Yes,No,No,Month-to-month,No,Credit card (automatic),1381.2,No
7330-WZLNC,Female,No,No,No,5,90.8,Yes,Yes,Fiber optic,No,Yes,No,No,Yes,No,Month-to-month,Yes,Electronic check,455.5,Yes
0114-PEGZZ,Female,No,No,No,33,107.55,Yes,Yes,Fiber optic,No,Yes,Yes,No,Yes,Yes,Month-to-month,No,Electronic check,3645.5,No
3359-DSRKA,Female,No,Yes,Yes,58,19.85,Yes,No,No,No internet service,No internet service,No internet service,No internet service,No internet service,No internet service,Two year,Yes,Mailed check,1158.85,No
8639-NHQEI,Female,No,Yes,Yes,72,95.9,Yes,Yes,Fiber optic,Yes,Yes,No,No,Yes,No,Two year,Yes,Bank transfer (automatic),6954.15,No
7161-DFHUF,Female,No,Yes,No,71,23.85,Yes,Yes,No,No internet service,No internet service,No internet service,No internet service,No internet service,No internet service,Two year,No,Mailed check,1672.1,No
3957-LXOLK,Female,Yes,No,No,28,106.15,Yes,Yes,Fiber optic,No,Yes,Yes,No,Yes,Yes,Month-to-month,Yes,Electronic check,3152.5,Yes
3720-DBRWL,Male,No,Yes,No,51,83.85,Yes,No,DSL,Yes,Yes,Yes,Yes,Yes,Yes,Two year,Yes,Credit card (automatic),4307.1,No
6635-MYYYZ,Female,No,No,No,30,85.35,Yes,No,DSL,Yes,Yes,Yes,Yes,Yes,Yes,One year,No,Bank transfer (automatic),2530.4,Yes
8565-WUXZU,Male,Yes,Yes,No,72,84.8,Yes,No,Fiber optic,Yes,Yes,No,Yes,No,No,Two year,Yes,Credit card (automatic),6141.65,No
5281-BUZGT,Male,Yes,No,No,36,90.85,Yes,Yes,Fiber optic,Yes,No,No,No,Yes,No,Month-to-month,Yes,Electronic check,3186.7,Yes
4994-OBRSZ,Male,No,No,Yes,14,76.1,Yes,No,DSL,Yes,Yes,Yes,Yes,No,Yes,Two year,No,Bank transfer (automatic),1054.8,No
0562-FGDCR,Female,No,Yes,Yes,72,74.55,Yes,Yes,DSL,Yes,Yes,No,Yes,Yes,No,Two year,No,Mailed check,5430.65,No
2436-QBZFP,Female,No,Yes,Yes,22,39.2,No,No phone service,DSL,No,Yes,No,No,Yes,No,Month-to-month,No,Electronic check,849.9,No
3420-YJLQT,Female,No,No,No,2,79.55,Yes,Yes,Fiber optic,No,Yes,No,No,No,No,Month-to-month,No,Electronic check,151.75,No
6040-CGACY,Female,No,No,No,15,19.6,Yes,No,No,No internet service,No internet service,No internet service,No internet service,No internet service,No internet service,Month-to-month,No,Mailed check,299.4,No
6582-PLFUU,Male,No,Yes,Yes,51,19.55,Yes,No,No,No internet service,No internet service,No internet service,No internet service,No internet service,No internet service,Two year,No,Credit card (automatic),1086.75,No
8242-PDSGJ,Male,No,Yes,No,70,39.15,No,No phone service,DSL,Yes,No,Yes,Yes,No,No,Two year,Yes,Credit card (automatic),2692.75,No
0264-CNITK,Female,No,Yes,Yes,71,20.1,Yes,No,No,No internet service,No internet service,No internet service,No internet service,No internet service,No internet service,Two year,No,Bank transfer (automatic),1389.6,No
0089-IIQKO,Female,No,Yes,Yes,39,99.95,Yes,Yes,Fiber optic,No,No,No,Yes,Yes,Yes,Month-to-month,Yes,Credit card (automatic),3767.4,No
7839-NUIAA,Female,No,Yes,Yes,61,59.8,Yes,Yes,DSL,Yes,Yes,No,No,No,No,Month-to-month,No,Electronic check,3641.5,No
6075-QMNRR,Female,No,No,No,52,49.75,Yes,No,DSL,Yes,No,No,No,No,No,Month-to-month,Yes,Bank transfer (automatic),2535.55,No
5378-IKEEG,Female,No,No,No,1,35.75,No,No phone service,DSL,No,No,No,No,Yes,No,Month-to-month,Yes,Electronic check,35.75,Yes
5966-EMAZU,Male,No,Yes,No,64,108.5,Yes,Yes,Fiber optic,Yes,No,Yes,Yes,Yes,Yes,One year,Yes,Mailed check,6880.85,No
0440-EKDCF,Male,No,Yes,No,62,60.15,Yes,No,DSL,No,Yes,Yes,Yes,No,No,Two year,Yes,Credit card (automatic),3753.2,No
4774-HHGGS,Male,No,Yes,No,30,19.05,Yes,No,No,No internet service,No internet service,No internet service,No internet service,No internet service,No internet service,Two year,No,Mailed check,637.55,No
2718-GAXQD,Female,Yes,Yes,Yes,4,46.0,Yes,No,DSL,No,No,No,No,No,No,Month-to-month,No,Electronic check,181.6,Yes
2055-BFOCC,Male,Yes,Yes,No,63,84.0,Yes,No,DSL,Yes,Yes,Yes,Yes,Yes,Yes,One year,Yes,Bank transfer (automatic),5329.55,No
8180-AKMJV,Female,No,No,No,1,44.55,Yes,No,DSL,No,No,No,No,No,No,Month-to-month,Yes,Credit card (automatic),44.55,No
4298-OYIFC,Male,No,Yes,No,15,103.45,Yes,Yes,Fiber optic,No,No,Yes,Yes,Yes,Yes,Month-to-month,Yes,Electronic check,1539.8,No
5566-SOEZD,Male,No,Yes,Yes,27,80.65,Yes,No,Fiber optic,Yes,Yes,No,No,No,No,One year,Yes,Credit card (automatic),2209.75,No
9842-EFSYY,Female,No,No,Yes,4,57.2,No,No phone service,DSL,Yes,Yes,Yes,No,Yes,Yes,Month-to-month,Yes,Mailed check,223.75,No
2272-WUSPA,Female,No,Yes,No,72,110.75,Yes,Yes,Fiber optic,Yes,Yes,Yes,No,Yes,Yes,Two year,Yes,Electronic check,7751.7,No
4584-LBNMK,Male,Yes,Yes,No,45,24.7,Yes,Yes,No,No internet service,No internet service,No internet service,No internet service,No internet service,No internet service,One year,No,Credit card (automatic),1174.35,No
3898-GUYTS,Female,Yes,No,No,45,97.05,Yes,Yes,Fiber optic,Yes,Yes,No,Yes,Yes,No,Month-to-month,Yes,Electronic check,4385.05,No
0930-EHUZA,Female,No,No,No,36,76.35,Yes,No,DSL,Yes,Yes,Yes,Yes,Yes,No,One year,Yes,Mailed check,2606.35,No
6413-XKKPU,Male,No,Yes,Yes,17,89.4,Yes,No,Fiber optic,Yes,No,Yes,No,Yes,No,Month-to-month,Yes,Electronic check,1539.45,Yes
9975-SKRNR,Male,No,No,No,1,18.9,Yes,No,No,No internet service,No internet service,No internet service,No internet service,No internet service,No internet service,Month-to-month,No,Mailed check,18.9,No
3703-KBKZP,Male,Yes,No,No,16,74.45,Yes,Yes,Fiber optic,No,No,No,No,No,No,Month-to-month,Yes,Bank transfer (automatic),1261.35,No
1449-XQEMT,Male,No,No,No,3,19.8,Yes,No,No,No internet service,No internet service,No internet service,No internet service,No internet service,No internet service,Month-to-month,Yes,Mailed check,58.15,Yes
2626-URJFX,Male,No,Yes,Yes,4,50.9,Yes,Yes,DSL,No,No,No,No,No,No,Month-to-month,Yes,Electronic check,225.6,Yes
4973-MGTON,Female,No,Yes,No,71,84.4,Yes,No,DSL,Yes,Yes,Yes,Yes,Yes,Yes,Two year,Yes,Credit card (automatic),5969.3,No
3682-YEUWS,Male,No,Yes,Yes,10,24.4,Yes,Yes,No,No internet service,No internet service,No internet service,No internet service,No internet service,No internet service,Month-to-month,Yes,Mailed check,253.9,No
1223-UNPKS,Male,No,Yes,Yes,20,20.05,Yes,No,No,No internet service,No internet service,No internet service,No internet service,No internet service,No internet service,Two year,No,Mailed check,400.0,No
2612-RRIDN,Male,No,No,No,4,81.0,Yes,No,Fiber optic,No,No,No,No,Yes,No,Month-to-month,Yes,Electronic check,340.85,Yes
4735-ASGMA,Male,No,No,No,26,98.35,Yes,Yes,Fiber optic,No,No,Yes,No,Yes,Yes,Month-to-month,Yes,Electronic check,2515.3,Yes
3446-QDSZF,Female,No,No,No,4,55.5,Yes,No,DSL,No,No,No,No,Yes,No,Month-to-month,No,Credit card (automatic),227.35,No
3669-LVWZB,Male,No,No,No,5,51.0,No,No phone service,DSL,No,Yes,No,No,Yes,Yes,Month-to-month,Yes,Mailed check,305.95,Yes
6892-EZDTG,Female,No,Yes,No,4,91.65,Yes,Yes,Fiber optic,No,Yes,No,No,Yes,No,Month-to-month,Yes,Electronic check,365.4,Yes
5117-IFGPS,Male,Yes,Yes,No,29,84.3,Yes,Yes,Fiber optic,No,No,No,No,No,Yes,Month-to-month,Yes,Electronic check,2357.75,No
7379-FNIUJ,Male,No,No,No,2,100.2,Yes,No,Fiber optic,Yes,Yes,No,No,Yes,Yes,Month-to-month,No,Electronic check,198.5,No
1627-AFWVJ,Female,No,No,No,29,19.4,Yes,No,No,No internet service,No internet service,No internet service,No internet service,No internet service,No internet service,Two year,No,Mailed check,554.25,No
9725-SCPZG,Male,No,No,Yes,1,90.85,Yes,No,Fiber optic,No,No,No,No,Yes,Yes,Month-to-month,Yes,Electronic check,90.85,Yes
5884-GCYMI,Male,No,No,No,1,69.4,Yes,No,Fiber optic,No,No,No,No,No,No,Month-to-month,No,Mailed check,69.4,Yes
3217-FZDMN,Female,Yes,No,No,8,94.45,Yes,No,Fiber optic,No,No,Yes,No,Yes,Yes,Month-to-month,Yes,Credit card (automatic),742.95,Yes
4486-EFAEB,Male,No,No,No,13,20.4,Yes,No,No,No internet service,No internet service,No internet service,No internet service,No internet service,No internet service,Month-to-month,Yes,Electronic check,251.65,No
0060-FUALY,Female,No,Yes,No,59,94.75,Yes,Yes,Fiber optic,Yes,Yes,No,No,Yes,No,Month-to-month,Yes,Electronic check,5597.65,No
7853-GVUDZ,Female,No,Yes,Yes,1,20.15,Yes,No,No,No internet service,No internet service,No internet service,No internet service,No internet service,No internet service,Month-to-month,Yes,Credit card (automatic),20.15,Yes
7480-QNVZJ,Male,Yes,No,No,50,95.7,Yes,Yes,Fiber optic,No,No,No,No,Yes,Yes,Month-to-month,Yes,Electronic check,4816.7,Yes
6954-OOYZZ,Male,No,Yes,No,18,44.35,Yes,No,DSL,No,No,No,No,No,No,Month-to-month,Yes,Bank transfer (automatic),768.05,No
7088-FBAWU,Female,No,Yes,Yes,17,74.55,Yes,No,DSL,Yes,Yes,No,No,Yes,Yes,Month-to-month,No,Mailed check,1215.8,No
8313-AFGBW,Male,No,Yes,No,47,73.6,Yes,No,DSL,No,Yes,Yes,No,Yes,Yes,Two year,No,Electronic check,3522.65,No
3943-KDREE,Female,No,No,No,26,74.95,Yes,Yes,Fiber optic,No,No,No,No,No,No,Month-to-month,Yes,Bank transfer (automatic),1834.95,Yes
9239-ZBZZV,Female,No,No,No,6,47.95,No,No phone service,DSL,No,No,Yes,No,Yes,Yes,Month-to-month,Yes,Electronic check,305.1,Yes
3097-IDVPU,Male,No,Yes,Yes,19,50.1,Yes,Yes,DSL,No,No,No,No,No,No,Month-to-month,No,Credit card (automatic),910.45,No
4398-HSCJH,Female,No,No,No,3,63.6,Yes,Yes,DSL,No,No,No,Yes,Yes,No,Month-to-month,Yes,Electronic check,155.65,Yes
2197-OMWGI,Female,Yes,Yes,Yes,68,53.0,No,No phone service,DSL,No,Yes,Yes,No,Yes,Yes,Two year,Yes,Electronic check,3656.25,No
2303-PJYHN,Female,No,Yes,No,2,19.85,Yes,No,No,No internet service,No internet service,No internet service,No internet service,No internet service,No internet service,Month-to-month,No,Bank transfer (automatic),52.0,No
9795-VOWON,Male,No,No,No,7,24.35,No,No phone service,DSL,No,No,No,No,No,No,One year,Yes,Credit card (automatic),150.85,No
1237-WIYYZ,Female,No,No,No,18,19.55,Yes,No,No,No internet service,No internet service,No internet service,No internet service,No internet service,No internet service,Month-to-month,Yes,Mailed check,389.25,No
1987-AUELQ,Female,No,Yes,No,71,25.05,Yes,Yes,No,No internet service,No internet service,No internet service,No internet service,No internet service,No internet service,Two year,No,Credit card (automatic),1873.7,No
7852-LECYP,Male,Yes,Yes,No,13,93.8,Yes,Yes,Fiber optic,Yes,Yes,No,No,No,Yes,Month-to-month,No,Credit card (automatic),1261.0,No
4430-UZIPO,Male,No,No,No,3,36.85,No,No phone service,DSL,No,Yes,No,Yes,No,No,Month-to-month,Yes,Mailed check,108.7,Yes
4822-LPTYJ,Male,No,Yes,No,72,103.75,Yes,Yes,Fiber optic,No,Yes,Yes,No,Yes,Yes,Two year,Yes,Bank transfer (automatic),7346.2,No
8165-CBKXO,Male,No,Yes,Yes,66,56.75,No,No phone service,DSL,No,Yes,Yes,No,Yes,Yes,Two year,Yes,Credit card (automatic),3708.4,No
6527-PZFPV,Male,No,Yes,Yes,24,20.8,Yes,No,No,No internet service,No internet service,No internet service,No internet service,No internet service,No internet service,One year,Yes,Credit card (automatic),469.65,No
4855-SNKMY,Female,No,No,No,1,44.1,Yes,No,DSL,No,No,No,No,No,No,Month-to-month,Yes,Electronic check,44.1,Yes
9593-CVZKR,Female,No,Yes,Yes,56,24.45,Yes,Yes,No,No internet service,No internet service,No internet service,No internet service,No internet service,No internet service,Two year,Yes,Mailed check,1385.85,No
8595-SIZNC,Female,Yes,Yes,No,22,25.6,Yes,Yes,No,No internet service,No internet service,No internet service,No internet service,No internet service,No internet service,One year,No,Bank transfer (automatic),548.8,No
8008-HAWED,Male,No,No,No,14,50.75,No,No phone service,DSL,No,No,Yes,No,Yes,Yes,Month-to-month,Yes,Electronic check,712.75,Yes
7124-UGSUR,Female,Yes,Yes,No,61,104.4,Yes,Yes,Fiber optic,No,Yes,Yes,No,Yes,Yes,One year,Yes,Credit card (automatic),6405.0,Yes
1862-SKORY,Female,Yes,Yes,No,40,39.3,No,No phone service,DSL,No,Yes,No,No,Yes,No,Month-to-month,Yes,Electronic check,1637.4,Yes
5236-XMZJY,Female,No,No,No,42,59.65,Yes,No,DSL,Yes,Yes,Yes,No,No,No,Month-to-month,No,Bank transfer (automatic),2536.55,No
4827-DPADN,Female,No,Yes,Yes,72,83.3,Yes,Yes,DSL,Yes,No,Yes,Yes,Yes,Yes,Two year,Yes,Bank transfer (automatic),6042.7,No
2694-CIUMO,Female,No,No,No,12,79.55,Yes,Yes,Fiber optic,No,No,No,Yes,No,No,Month-to-month,Yes,Credit card (automatic),958.25,No
5846-ABOBJ,Male,No,Yes,No,71,24.45,Yes,Yes,No,No internet service,No internet service,No internet service,No internet service,No internet service,No internet service,Two year,No,Bank transfer (automatic),1730.65,No
1439-LCGVL,Female,No,Yes,No,26,19.2,Yes,No,No,No internet service,No internet service,No internet service,No internet service,No internet service,No internet service,One year,No,Mailed check,459.6,No
0909-SDHNU,Female,No,No,Yes,7,29.8,No,No phone service,DSL,Yes,No,No,No,No,No,Month-to-month,No,Mailed check,201.95,No
4647-XXZAM,Female,No,Yes,Yes,6,45.5,Yes,No,DSL,No,No,No,No,No,No,Month-to-month,No,Mailed check,285.2,No
1502-XFCVR,Female,No,No,No,58,106.45,Yes,No,Fiber optic,Yes,Yes,Yes,No,Yes,Yes,One year,Yes,Electronic check,6145.85,Yes
7740-KKCXF,Male,No,Yes,No,51,30.05,No,No phone service,DSL,No,Yes,No,No,No,No,Month-to-month,Yes,Credit card (automatic),1529.45,No
5360-XGYAZ,Male,No,Yes,Yes,72,65.65,No,No phone service,DSL,Yes,Yes,Yes,Yes,Yes,Yes,Two year,Yes,Bank transfer (automatic),4664.5,No
9692-TUSXH,Female,No,No,No,18,96.05,Yes,No,Fiber optic,Yes,No,No,No,Yes,Yes,Month-to-month,Yes,Electronic check,1740.7,Yes
7912-SYRQT,Female,No,No,No,7,75.1,Yes,Yes,Fiber optic,No,No,No,No,No,No,Month-to-month,Yes,Bank transfer (automatic),552.95,Yes
3557-HTYWR,Female,No,No,No,47,74.05,Yes,Yes,DSL,Yes,Yes,No,Yes,No,Yes,Two year,No,Mailed check,3496.3,No
4816-JBHOV,Male,Yes,No,No,2,44.7,Yes,No,DSL,No,No,No,No,No,No,Month-to-month,Yes,Electronic check,93.7,Yes
8920-NAVAY,Male,Yes,No,No,62,110.75,Yes,Yes,Fiber optic,No,Yes,Yes,Yes,Yes,Yes,One year,Yes,Bank transfer (automatic),7053.35,No
1699-TLDLZ,Female,No,Yes,Yes,16,19.7,Yes,No,No,No internet service,No internet service,No internet service,No internet service,No internet service,No internet service,Two year,No,Mailed check,301.55,No
5600-PDUJF,Male,No,No,No,6,49.5,Yes,No,DSL,No,No,No,Yes,No,No,Month-to-month,Yes,Credit card (automatic),312.7,No
8292-TYSPY,Male,No,No,No,19,55.0,Yes,No,DSL,No,No,Yes,Yes,No,No,Month-to-month,Yes,Credit card (automatic),1046.5,Yes
0567-XRHCU,Female,No,Yes,Yes,69,43.95,No,No phone service,DSL,Yes,No,Yes,No,No,Yes,Two year,Yes,Credit card (automatic),2960.1,No
1867-BDVFH,Male,No,Yes,Yes,11,74.35,Yes,Yes,Fiber optic,No,No,No,No,No,No,Month-to-month,Yes,Electronic check,834.2,Yes
2067-QYTCF,Female,No,Yes,No,64,111.15,Yes,Yes,Fiber optic,No,Yes,Yes,Yes,Yes,Yes,Month-to-month,Yes,Electronic check,6953.4,No
2359-QWQUL,Female,No,Yes,No,39,104.7,Yes,No,Fiber optic,Yes,No,Yes,Yes,Yes,Yes,One year,Yes,Credit card (automatic),4134.85,Yes
9103-TCIHJ,Female,No,No,No,15,55.7,Yes,Yes,DSL,Yes,No,No,No,No,No,Month-to-month,Yes,Mailed check,899.8,Yes
7407-SUJIZ,Male,No,No,No,25,20.6,Yes,No,No,No internet service,No internet service,No internet service,No internet service,No internet service,No internet service,Month-to-month,No,Mailed check,541.5,No
9150-KPBJQ,Female,No,No,No,6,19.65,Yes,No,No,No internet service,No internet service,No internet service,No internet service,No internet service,No internet service,Two year,No,Credit card (automatic),116.85,No
0052-DCKON,Male,No,Yes,No,66,115.8,Yes,Yes,Fiber optic,Yes,Yes,Yes,Yes,Yes,Yes,One year,No,Bank transfer (automatic),7942.15,No
3654-ARMGP,Female,No,No,No,61,88.65,Yes,Yes,DSL,No,Yes,Yes,Yes,Yes,Yes,Two year,No,Credit card (automatic),5321.25,No
9699-UBQFS,Female,Yes,Yes,No,43,94.5,Yes,Yes,Fiber optic,Yes,Yes,No,No,Yes,No,Month-to-month,Yes,Electronic check,4156.8,No
9367-TCUYN,Female,No,No,No,12,20.1,Yes,No,No,No internet service,No internet service,No internet service,No internet service,No internet service,No internet service,Month-to-month,No,Mailed check,223.6,No
1261-FWTTE,Male,Yes,No,No,23,34.65,No,No phone service,DSL,No,No,No,No,No,Yes,Month-to-month,Yes,Bank transfer (automatic),768.45,No
3528-HFRIQ,Male,Yes,Yes,No,71,52.3,No,No phone service,DSL,No,Yes,Yes,No,Yes,Yes,Month-to-month,Yes,Bank transfer (automatic),3765.05,No
0708-SJDIS,Female,No,No,No,34,65.0,Yes,Yes,DSL,No,No,No,Yes,Yes,No,Month-to-month,No,Mailed check,2157.5,No
4140-WJAWW,Female,No,No,No,5,19.85,Yes,No,No,No internet service,No internet service,No internet service,No internet service,No internet service,No internet service,Month-to-month,No,Credit card (automatic),108.05,Yes
2073-QBVBI,Female,No,Yes,No,41,35.45,No,No phone service,DSL,No,Yes,No,Yes,No,No,One year,No,Mailed check,1391.65,No
6928-ONTRW,Female,No,Yes,Yes,72,19.7,Yes,No,No,No internet service,No internet service,No internet service,No internet service,No internet service,No internet service,Two year,No,Credit card (automatic),1379.8,No
3320-VEOYC,Male,Yes,No,No,14,95.6,Yes,Yes,Fiber optic,No,No,No,No,Yes,Yes,Month-to-month,Yes,Electronic check,1273.3,No
5231-FIQPA,Female,No,No,No,41,19.85,Yes,No,No,No internet service,No internet service,No internet service,No internet service,No internet service,No internet service,Two year,Yes,Mailed check,810.45,No
6617-WLBQC,Female,No,Yes,Yes,23,81.85,Yes,Yes,Fiber optic,Yes,No,No,No,No,No,One year,No,Credit card (automatic),1810.85,No
2599-CIPQE,Male,No,Yes,Yes,71,109.3,Yes,No,Fiber optic,Yes,Yes,Yes,Yes,Yes,Yes,Two year,No,Credit card (automatic),7782.85,No
6653-CBBOM,Female,No,No,No,1,70.3,Yes,No,Fiber optic,No,No,No,No,No,No,Month-to-month,Yes,Electronic check,70.3,Yes
8774-GSBUN,Male,No,Yes,No,72,25.4,Yes,Yes,No,No internet service,No internet service,No internet service,No internet service,No internet service,No internet service,Two year,No,Mailed check,1797.1,No
7326-RIGQZ,Male,No,Yes,Yes,6,69.8,Yes,No,Fiber optic,No,No,No,No,No,No,Month-to-month,Yes,Electronic check,377.85,No
1401-FTHFQ,Male,No,Yes,Yes,23,20.0,Yes,No,No,No internet service,No internet service,No internet service,No internet service,No internet service,No internet service,One year,Yes,Credit card (automatic),445.3,No
3247-ZVOUO,Male,Yes,Yes,No,10,85.55,Yes,Yes,Fiber optic,No,No,No,No,No,Yes,Month-to-month,No,Electronic check,851.75,Yes
0254-FNMCI,Female,No,No,No,72,109.9,Yes,No,Fiber optic,Yes,Yes,Yes,Yes,Yes,Yes,Two year,Yes,Electronic check,7624.2,No
1848-LBZHY,Female,No,Yes,No,7,50.3,Yes,No,DSL,Yes,No,No,No,No,No,Month-to-month,Yes,Bank transfer (automatic),355.1,No
6101-IMRMM,Male,No,No,Yes,6,94.5,Yes,No,Fiber optic,No,No,Yes,No,Yes,Yes,Month-to-month,No,Mailed check,575.45,Yes
8118-TJAFG,Male,No,Yes,Yes,9,101.5,Yes,No,Fiber optic,No,Yes,No,Yes,Yes,Yes,Month-to-month,Yes,Electronic check,906.85,No
5429-LWCMV,Female,No,No,No,12,89.15,Yes,Yes,Fiber optic,No,Yes,No,No,No,Yes,Month-to-month,Yes,Electronic check,1057.55,No
7298-IZWLY,Female,No,No,No,1,19.4,Yes,No,No,No internet service,No internet service,No internet service,No internet service,No internet service,No internet service,Month-to-month,Yes,Mailed check,19.4,No
9758-MFWGD,Female,Yes,Yes,Yes,48,29.9,No,No phone service,DSL,No,Yes,No,No,No,No,One year,No,Bank transfer (automatic),1388.75,No
3955-JBZZM,Male,No,No,No,20,78.8,Yes,No,Fiber optic,No,No,No,No,Yes,No,Month-to-month,No,Electronic check,1641.3,No
1268-ASBGA,Female,Yes,Yes,No,16,85.35,Yes,Yes,Fiber optic,No,No,No,No,No,Yes,Month-to-month,Yes,Credit card (automatic),1375.15,Yes
8943-URTMR,Female,No,No,No,2,79.65,Yes,No,Fiber optic,No,No,No,No,Yes,No,Month-to-month,Yes,Mailed check,152.7,Yes
4815-TUMEQ,Female,No,No,No,10,19.3,Yes,No,No,No internet service,No internet service,No internet service,No internet service,No internet service,No internet service,One year,Yes,Mailed check,185.2,No
4713-LZDRV,Female,Yes,No,No,2,79.6,Yes,No,Fiber optic,No,No,No,No,No,Yes,Month-to-month,Yes,Electronic check,195.05,Yes
9909-IDLEK,Male,No,Yes,Yes,20,96.8,Yes,Yes,Fiber optic,No,Yes,No,Yes,Yes,No,Month-to-month,No,Mailed check,1826.7,No
4092-OFQZS,Male,No,Yes,No,20,20.65,Yes,No,No,No internet service,No internet service,No internet service,No internet service,No internet service,No internet service,One year,No,Mailed check,417.5,No
1561-BWHIN,Male,No,Yes,Yes,19,19.8,Yes,No,No,No internet service,No internet service,No internet service,No internet service,No internet service,No internet service,One year,No,Mailed check,344.5,No
4325-NFSKC,Male,Yes,No,No,19,90.6,Yes,Yes,Fiber optic,Yes,No,No,No,Yes,No,Month-to-month,Yes,Electronic check,1660.0,Yes
9927-DSWDF,Male,No,Yes,No,22,104.6,Yes,No,Fiber optic,Yes,Yes,No,Yes,Yes,Yes,Month-to-month,Yes,Electronic check,2180.55,No
9500-LTVBP,Female,No,No,No,35,80.05,Yes,Yes,Fiber optic,No,No,No,Yes,No,No,Month-to-month,No,Credit card (automatic),2835.9,No
7252-NTGSS,Female,No,No,No,1,45.15,Yes,No,DSL,No,No,No,No,No,No,Month-to-month,No,Mailed check,45.15,No
8149-AIQCG,Male,No,No,No,39,73.15,Yes,Yes,Fiber optic,No,No,No,No,No,No,Month-to-month,Yes,Credit card (automatic),2730.85,No
1360-JYXKQ,Female,Yes,Yes,No,54,99.1,Yes,No,Fiber optic,No,No,Yes,Yes,Yes,Yes,One year,Yes,Electronic check,5437.1,No
2955-PSXOE,Female,No,No,No,1,20.2,Yes,No,No,No internet service,No internet service,No internet service,No internet service,No internet service,No internet service,Month-to-month,Yes,Bank transfer (automatic),20.2,Yes
7762-URZQH,Male,No,Yes,No,66,106.05,Yes,Yes,Fiber optic,Yes,No,Yes,No,Yes,Yes,Two year,Yes,Credit card (automatic),6981.35,Yes
0899-WZRSD,Male,No,No,No,56,105.35,Yes,Yes,Fiber optic,Yes,No,No,Yes,Yes,Yes,Month-to-month,Yes,Mailed check,5794.45,No
3255-GRXMG,Male,No,No,Yes,18,45.65,Yes,No,DSL,No,No,No,No,No,No,Month-to-month,Yes,Credit card (automatic),747.2,No
4828-FAZPK,Female,No,Yes,Yes,16,79.95,Yes,Yes,Fiber optic,No,Yes,No,No,No,No,Month-to-month,Yes,Credit card (automatic),1267.95,No
6094-ZIVKX,Female,No,No,No,68,54.45,Yes,No,DSL,Yes,No,Yes,No,No,No,One year,Yes,Credit card (automatic),3674.95,No
6925-BAYGL,Female,Yes,Yes,No,53,25.1,Yes,Yes,No,No internet service,No internet service,No internet service,No internet service,No internet service,No internet service,Two year,No,Credit card (automatic),1275.6,No
3262-EIDHV,Female,No,Yes,Yes,72,84.7,Yes,Yes,DSL,Yes,No,Yes,Yes,Yes,Yes,Two year,No,Credit card (automatic),5893.9,No
7354-OIJLX,Male,No,No,No,9,75.85,Yes,Yes,Fiber optic,No,No,No,No,No,No,Month-to-month,Yes,Electronic check,724.65,No
1376-HHBDV,Female,No,No,No,30,48.8,Yes,No,DSL,Yes,No,No,No,No,No,Month-to-month,Yes,Mailed check,1536.75,No
6907-NZZIJ,Female,No,No,No,36,99.15,Yes,Yes,Fiber optic,No,Yes,No,No,Yes,Yes,Month-to-month,Yes,Electronic check,3615.6,Yes
6133-OZILE,Female,No,No,No,18,35.2,No,No phone service,DSL,No,No,Yes,Yes,No,No,Month-to-month,Yes,Electronic check,607.3,No
4135-FRWKJ,Female,Yes,Yes,Yes,55,76.25,Yes,Yes,DSL,Yes,No,Yes,Yes,Yes,No,One year,No,Electronic check,4154.55,No
2911-UREFD,Female,No,Yes,No,39,55.9,No,No phone service,DSL,Yes,No,Yes,No,Yes,Yes,Month-to-month,No,Electronic check,2184.35,Yes
3744-ZRRDZ,Male,No,No,No,21,82.35,Yes,Yes,Fiber optic,No,Yes,No,No,No,No,Month-to-month,Yes,Electronic check,1852.85,Yes
5673-TIYIB,Male,No,No,No,2,40.4,No,No phone service,DSL,No,Yes,Yes,Yes,No,No,Month-to-month,Yes,Credit card (automatic),77.15,Yes
6551-ZCOTS,Male,Yes,No,No,33,24.9,Yes,Yes,No,No internet service,No internet service,No internet service,No internet service,No internet service,No internet service,One year,Yes,Bank transfer (automatic),847.8,No
7191-ADRGF,Male,No,Yes,No,44,54.3,No,No phone service,DSL,No,Yes,Yes,No,Yes,Yes,Two year,No,Bank transfer (automatic),2390.45,No
5018-LXQQG,Female,No,Yes,Yes,30,66.3,Yes,No,DSL,Yes,No,No,Yes,No,Yes,Month-to-month,No,Bank transfer (automatic),1923.5,No
6892-BOGQE,Female,No,Yes,No,71,20.9,Yes,No,No,No internet service,No internet service,No internet service,No internet service,No internet service,No internet service,Two year,Yes,Bank transfer (automatic),1493.2,No
1602-IJQQE,Female,No,No,No,4,75.35,Yes,Yes,Fiber optic,No,No,No,No,No,No,Month-to-month,No,Electronic check,338.1,Yes
4628-WQCQQ,Male,No,No,Yes,35,85.15,Yes,No,Fiber optic,No,No,Yes,No,Yes,No,One year,Yes,Electronic check,3030.6,Yes
1746-TGTWV,Male,No,Yes,No,1,75.35,Yes,No,Fiber optic,No,No,Yes,No,No,No,Month-to-month,No,Credit card (automatic),75.35,No
5995-SNNEW,Male,Yes,Yes,No,23,104.45,Yes,Yes,Fiber optic,No,Yes,Yes,No,Yes,Yes,Month-to-month,Yes,Electronic check,2184.85,No
8050-WYBND,Female,No,No,Yes,22,49.45,No,No phone service,DSL,No,No,Yes,No,Yes,Yes,One year,Yes,Credit card (automatic),1031.4,No
2821-WARNZ,Female,No,No,Yes,49,19.45,Yes,No,No,No internet service,No internet service,No internet service,No internet service,No internet service,No internet service,One year,No,Credit card (automatic),921.3,No
4879-GZLFH,Female,No,Yes,Yes,42,92.15,Yes,No,Fiber optic,No,No,Yes,No,Yes,Yes,Month-to-month,Yes,Electronic check,3875.4,No
1644-IRKSF,Female,No,Yes,Yes,33,93.8,Yes,No,Fiber optic,No,No,Yes,No,Yes,Yes,One year,Yes,Electronic check,3124.5,Yes
8314-HTWVE,Female,No,Yes,Yes,7,19.85,Yes,No,No,No internet service,No internet service,No internet service,No internet service,No internet service,No internet service,Two year,No,Mailed check,144.15,No
9402-ROUMJ,Female,No,Yes,Yes,67,100.25,Yes,Yes,Fiber optic,Yes,No,Yes,Yes,No,Yes,One year,Yes,Bank transfer (automatic),6689.0,No
2507-QZPQS,Male,No,No,No,15,95.7,Yes,Yes,Fiber optic,No,Yes,No,Yes,No,Yes,Month-to-month,No,Electronic check,1451.1,No
7159-NOKYQ,Male,No,Yes,No,67,93.15,Yes,Yes,Fiber optic,No,Yes,Yes,No,No,Yes,Two year,Yes,Electronic check,6368.2,No
5707-ZMDJP,Male,No,Yes,Yes,53,69.7,Yes,No,DSL,Yes,Yes,No,Yes,Yes,No,Two year,Yes,Mailed check,3729.6,No
8779-YIQQA,Male,No,Yes,Yes,21,19.8,Yes,No,No,No internet service,No internet service,No internet service,No internet service,No internet service,No internet service,One year,No,Mailed check,350.1,No
7136-IHZJA,Female,No,Yes,Yes,40,71.35,Yes,No,DSL,Yes,Yes,No,Yes,No,Yes,Month-to-month,Yes,Mailed check,2847.2,No
8966-OIQHG,Female,No,Yes,Yes,22,20.75,Yes,No,No,No internet service,No internet service,No internet service,No internet service,No internet service,No internet service,One year,No,Bank transfer (automatic),452.35,No
7074-STDCN,Male,No,No,No,39,40.6,No,No phone service,DSL,No,No,No,Yes,No,Yes,Month-to-month,Yes,Electronic check,1494.5,No
3705-PSNGL,Male,No,No,No,45,20.4,Yes,No,No,No internet service,No internet service,No internet service,No internet service,No internet service,No internet service,One year,Yes,Electronic check,930.45,Yes
8739-QOTTN,Female,No,Yes,No,2,20.35,Yes,No,No,No internet service,No internet service,No internet service,No internet service,No internet service,No internet service,Month-to-month,No,Mailed check,41.85,No
1399-OUPJN,Female,No,Yes,Yes,57,19.75,Yes,No,No,No internet service,No internet service,No internet service,No internet service,No internet service,No internet service,Two year,No,Bank transfer (automatic),1272.05,No
0277-BKSQP,Male,No,Yes,Yes,8,54.4,Yes,No,DSL,No,No,No,No,Yes,No,Month-to-month,Yes,Electronic check,475.1,No
6502-HCJTI,Male,Yes,Yes,No,7,94.7,Yes,Yes,Fiber optic,Yes,Yes,No,No,No,Yes,Month-to-month,Yes,Credit card (automatic),673.1,Yes
2606-RMDHZ,Male,No,No,No,6,30.5,No,No phone service,DSL,No,Yes,No,No,No,No,Month-to-month,Yes,Credit card (automatic),208.7,Yes
5774-XZTQC,Female,No,Yes,Yes,7,20.45,Yes,No,No,No internet service,No internet service,No internet service,No internet service,No internet service,No internet service,Month-to-month,No,Mailed check,150.75,No
2676-SSLTO,Male,No,No,No,49,66.15,Yes,Yes,DSL,No,No,No,Yes,Yes,No,Two year,Yes,Bank transfer (automatic),3199.0,No
6266-QHOJZ,Female,No,No,No,65,89.85,Yes,Yes,Fiber optic,Yes,Yes,No,Yes,No,No,One year,Yes,Electronic check,5844.65,No
7269-JISCY,Female,No,No,No,55,45.05,Yes,No,DSL,No,No,No,No,No,No,One year,No,Bank transfer (automatic),2462.6,No
0363-SVHYR,Male,No,Yes,Yes,71,86.85,Yes,Yes,DSL,Yes,Yes,Yes,Yes,Yes,Yes,Two year,No,Bank transfer (automatic),6263.8,No
8547-NSBBO,Male,No,No,No,35,96.75,Yes,Yes,Fiber optic,Yes,Yes,Yes,Yes,No,No,Month-to-month,Yes,Mailed check,3403.4,No
8258-GSTJK,Male,Yes,No,No,3,77.0,Yes,Yes,Fiber optic,No,No,No,No,No,No,Month-to-month,Yes,Electronic check,237.75,Yes
6861-OKBCE,Female,No,No,Yes,11,20.1,Yes,No,No,No internet service,No internet service,No internet service,No internet service,No internet service,No internet service,Month-to-month,No,Credit card (automatic),221.35,Yes
9940-RHLFB,Female,No,No,No,1,75.3,Yes,No,Fiber optic,No,No,Yes,No,No,No,Month-to-month,No,Electronic check,75.3,Yes
6591-QGOYB,Male,No,No,No,17,106.65,Yes,Yes,Fiber optic,Yes,Yes,Yes,Yes,Yes,No,Month-to-month,Yes,Bank transfer (automatic),1672.1,No
9070-BCKQP,Female,No,Yes,No,72,110.15,Yes,Yes,Fiber optic,Yes,No,Yes,Yes,Yes,Yes,Two year,Yes,Credit card (automatic),7881.2,No
6421-SZVEM,Female,No,Yes,Yes,28,82.85,Yes,No,Fiber optic,Yes,No,No,No,No,Yes,One year,Yes,Bank transfer (automatic),2320.8,No
1328-EUZHC,Female,No,Yes,No,18,20.1,Yes,No,No,No internet service,No internet service,No internet service,No internet service,No internet service,No internet service,Two year,No,Mailed check,370.5,No
2995-UPRYS,Female,Yes,Yes,No,40,99.2,Yes,No,Fiber optic,No,Yes,No,Yes,Yes,Yes,One year,Yes,Credit card (automatic),4062.2,Yes
8878-RYUKI,Female,No,No,No,52,59.45,Yes,No,DSL,No,No,Yes,No,No,Yes,Month-to-month,Yes,Electronic check,3043.7,No
9633-DENPU,Female,No,Yes,No,47,58.6,Yes,No,DSL,No,Yes,No,No,Yes,No,Month-to-month,Yes,Bank transfer (automatic),2723.4,No
7811-JIVPF,Female,No,No,No,23,49.7,Yes,No,DSL,No,No,Yes,No,No,No,Month-to-month,No,Credit card (automatic),1081.25,No
7113-HIPFI,Male,No,Yes,Yes,66,65.85,Yes,No,DSL,Yes,Yes,Yes,Yes,No,No,Two year,No,Mailed check,4097.05,No
8541-QVFKM,Female,No,No,No,8,73.5,Yes,Yes,Fiber optic,No,No,No,No,No,No,Month-to-month,Yes,Electronic check,632.2,No
6686-YPGHK,Male,Yes,No,No,47,85.5,Yes,No,Fiber optic,Yes,No,No,No,No,Yes,Month-to-month,No,Mailed check,4042.3,Yes
1383-EZRWL,Female,No,No,No,7,20.05,Yes,No,No,No internet service,No internet service,No internet service,No internet service,No internet service,No internet service,Month-to-month,No,Mailed check,164.85,Yes
9258-CNWAC,Female,No,Yes,Yes,71,113.65,Yes,Yes,Fiber optic,Yes,Yes,Yes,Yes,Yes,Yes,Two year,No,Credit card (automatic),8166.8,No
5371-VYLSX,Female,Yes,No,No,50,83.4,Yes,Yes,Fiber optic,Yes,Yes,No,No,No,No,Month-to-month,Yes,Electronic check,4113.7,No
6374-AFWOX,Male,No,Yes,No,46,65.65,Yes,No,DSL,Yes,Yes,Yes,Yes,No,No,Two year,No,Mailed check,3047.15,No
4759-TRPLW,Male,No,No,No,1,70.4,Yes,No,Fiber optic,No,No,No,No,No,No,Month-to-month,No,Electronic check,70.4,Yes
5317-FLPJF,Female,No,No,No,66,61.35,No,No phone service,DSL,Yes,No,Yes,Yes,Yes,Yes,Two year,Yes,Bank transfer (automatic),4193.4,No
7621-VPNET,Female,No,Yes,No,42,85.9,Yes,Yes,Fiber optic,No,No,Yes,Yes,No,No,Month-to-month,Yes,Credit card (automatic),3729.75,No
6034-YMTOB,Female,No,No,No,5,75.65,Yes,No,Fiber optic,No,No,No,Yes,No,No,Month-to-month,Yes,Mailed check,399.45,No
8563-IIOXK,Male,No,Yes,Yes,7,49.75,Yes,No,DSL,Yes,No,No,No,No,No,One year,Yes,Electronic check,331.3,Yes
4903-CNOZC,Male,No,No,No,29,70.9,Yes,Yes,DSL,No,Yes,Yes,No,No,Yes,One year,No,Credit card (automatic),1964.6,No
4353-HYOJD,Female,No,Yes,Yes,27,49.85,Yes,No,DSL,No,Yes,No,No,No,No,Month-to-month,No,Mailed check,1336.15,No
8020-BWHYL,Female,Yes,No,No,15,75.3,Yes,No,Fiber optic,No,Yes,No,No,No,No,Month-to-month,Yes,Credit card (automatic),1147.45,Yes
7267-FRMJW,Female,No,Yes,Yes,25,20.1,Yes,No,No,No internet service,No internet service,No internet service,No internet service,No internet service,No internet service,Two year,No,Mailed check,486.05,No
2982-VPSGI,Female,No,Yes,No,11,94.0,Yes,Yes,Fiber optic,No,No,No,No,Yes,Yes,Month-to-month,Yes,Electronic check,1078.9,Yes
4188-FRABG,Male,No,Yes,No,57,103.05,Yes,Yes,Fiber optic,Yes,Yes,Yes,Yes,Yes,No,Month-to-month,Yes,Electronic check,5925.75,No
8199-ZLLSA,Male,No,No,No,67,118.35,Yes,Yes,Fiber optic,Yes,Yes,Yes,Yes,Yes,Yes,One year,Yes,Bank transfer (automatic),7804.15,Yes
4128-ETESU,Female,Yes,Yes,No,47,99.7,Yes,Yes,Fiber optic,No,No,Yes,No,Yes,Yes,Month-to-month,No,Electronic check,4747.2,No
0620-DLSLK,Female,No,No,No,13,81.9,Yes,No,Fiber optic,No,No,No,No,Yes,No,Month-to-month,Yes,Mailed check,1028.9,No
4625-EWPTF,Male,No,No,No,8,30.45,No,No phone service,DSL,Yes,No,No,No,No,No,Month-to-month,Yes,Electronic check,226.45,Yes
5980-NOPLP,Female,No,Yes,No,44,96.1,Yes,Yes,Fiber optic,No,No,No,No,Yes,Yes,Month-to-month,Yes,Electronic check,4364.1,Yes
3850-OKINF,Male,No,Yes,Yes,71,66.2,Yes,Yes,DSL,Yes,No,No,No,Yes,No,One year,Yes,Electronic check,4692.55,No
6892-XPFPU,Male,Yes,Yes,No,24,104.25,Yes,Yes,Fiber optic,No,Yes,Yes,No,Yes,Yes,Month-to-month,Yes,Electronic check,2433.9,Yes
8010-EZLOU,Male,Yes,No,No,15,80.2,Yes,Yes,Fiber optic,No,Yes,No,No,No,No,Month-to-month,Yes,Electronic check,1217.25,Yes
1156-ZFYDO,Female,No,No,No,1,19.75,Yes,No,No,No internet service,No internet service,No internet service,No internet service,No internet service,No internet service,Month-to-month,No,Electronic check,19.75,No
3295-YVUSR,Male,Yes,No,No,2,72.6,Yes,Yes,Fiber optic,No,No,No,No,No,No,Month-to-month,Yes,Mailed check,154.3,No
8016-NCFVO,Male,Yes,No,No,55,116.5,Yes,Yes,Fiber optic,Yes,Yes,Yes,Yes,Yes,Yes,Month-to-month,Yes,Electronic check,6382.55,No
4119-ZYPZY,Male,Yes,No,No,71,106.8,Yes,Yes,Fiber optic,No,Yes,No,Yes,Yes,Yes,Two year,Yes,Electronic check,7623.2,No
5549-ZGHFB,Male,No,Yes,Yes,50,24.95,Yes,Yes,No,No internet service,No internet service,No internet service,No internet service,No internet service,No internet service,Two year,No,Mailed check,1261.45,No
7577-SWIFR,Male,No,No,No,1,89.25,Yes,No,Fiber optic,No,No,No,No,Yes,Yes,Month-to-month,Yes,Electronic check,89.25,No
0303-WMMRN,Male,No,No,No,5,19.25,Yes,No,No,No internet service,No internet service,No internet service,No internet service,No internet service,No internet service,Month-to-month,Yes,Mailed check,86.05,No
6408-OTUBZ,Female,No,No,No,66,104.55,Yes,Yes,Fiber optic,Yes,Yes,Yes,Yes,Yes,No,One year,Yes,Bank transfer (automatic),6779.05,No
5204-HMGYF,Female,No,Yes,Yes,49,87.2,Yes,No,DSL,Yes,Yes,Yes,Yes,Yes,Yes,One year,Yes,Mailed check,4345.0,No
1078-TDCRN,Female,Yes,Yes,No,3,30.75,No,No phone service,DSL,No,Yes,No,No,No,No,Month-to-month,Yes,Electronic check,82.85,No
3727-OVPRY,Male,No,Yes,Yes,66,25.7,Yes,Yes,No,No internet service,No internet service,No internet service,No internet service,No internet service,No internet service,One year,Yes,Credit card (automatic),1714.55,No
3797-FKOGQ,Male,No,No,Yes,11,86.2,Yes,Yes,Fiber optic,No,No,No,No,No,Yes,Month-to-month,No,Electronic check,893.2,No
7622-NXQZR,Male,No,No,No,28,30.1,No,No phone service,DSL,No,No,No,Yes,No,No,Month-to-month,Yes,Credit card (automatic),810.85,No
6196-HBOBZ,Male,No,Yes,No,65,99.35,Yes,Yes,Fiber optic,Yes,Yes,Yes,No,Yes,No,Two year,Yes,Electronic check,6347.55,No
3970-XGJDU,Female,No,No,No,62,19.2,Yes,No,No,No internet service,No internet service,No internet service,No internet service,No internet service,No internet service,Two year,Yes,Credit card (automatic),1123.65,No
7017-VFULY,Female,No,Yes,No,2,20.1,Yes,No,No,No internet service,No internet service,No internet service,No internet service,No internet service,No internet service,Month-to-month,No,Bank transfer (automatic),43.15,No
5562-YJQGT,Female,No,No,No,2,20.35,Yes,No,No,No internet service,No internet service,No internet service,No internet service,No internet service,No internet service,Month-to-month,No,Credit card (automatic),35.1,No
8807-OPMBM,Female,No,Yes,Yes,55,25.65,Yes,Yes,No,No internet service,No internet service,No internet service,No internet service,No internet service,No internet service,Two year,Yes,Credit card (automatic),1388.0,No
5439-WIKXB,Male,Yes,Yes,No,41,94.55,Yes,No,Fiber optic,No,Yes,No,No,Yes,Yes,Month-to-month,Yes,Electronic check,3851.45,No
9874-QLCLH,Female,No,Yes,Yes,17,104.2,Yes,Yes,Fiber optic,Yes,No,Yes,No,Yes,Yes,Month-to-month,Yes,Electronic check,1743.5,Yes
8294-UIMBA,Female,No,No,No,30,94.4,Yes,No,Fiber optic,No,No,No,Yes,Yes,Yes,One year,Yes,Bank transfer (automatic),2638.1,No
8109-YUOHE,Male,No,No,No,17,56.1,Yes,No,DSL,Yes,Yes,No,No,No,No,One year,No,Mailed check,946.95,No
5840-NVDCG,Female,No,Yes,Yes,16,68.25,Yes,No,DSL,Yes,Yes,No,Yes,No,Yes,Two year,No,Bank transfer (automatic),1114.85,No
8092-NLTGF,Male,No,No,No,72,24.75,Yes,Yes,No,No internet service,No internet service,No internet service,No internet service,No internet service,No internet service,Two year,No,Bank transfer (automatic),1777.6,No
5928-QLDHB,Male,No,No,No,9,76.25,Yes,Yes,Fiber optic,No,No,No,No,No,No,Month-to-month,Yes,Electronic check,684.85,No
9840-EFJQB,Female,No,No,No,1,74.35,Yes,No,Fiber optic,No,Yes,No,No,No,No,Month-to-month,No,Electronic check,74.35,No
0696-UKTOX,Male,No,No,Yes,23,54.15,Yes,No,DSL,No,Yes,No,Yes,No,No,Month-to-month,No,Electronic check,1312.45,No
4801-KFYKL,Male,No,No,Yes,8,19.45,Yes,No,No,No internet service,No internet service,No internet service,No internet service,No internet service,No internet service,Month-to-month,No,Bank transfer (automatic),159.2,No
3472-OAOOR,Male,No,Yes,Yes,19,34.95,No,No phone service,DSL,Yes,Yes,No,No,No,No,Month-to-month,Yes,Mailed check,610.2,No
6135-OZQVA,Female,No,No,No,7,53.65,Yes,Yes,DSL,Yes,No,No,No,No,No,Month-to-month,Yes,Electronic check,404.35,No
8062-YBDOE,Male,Yes,No,No,1,69.65,Yes,No,Fiber optic,No,No,No,No,No,No,Month-to-month,Yes,Electronic check,69.65,Yes
2252-JHJGE,Male,No,No,No,61,104.0,Yes,Yes,Fiber optic,Yes,No,Yes,No,Yes,Yes,One year,No,Electronic check,6363.45,No
4188-PCPIG,Female,No,Yes,No,57,70.35,Yes,No,DSL,Yes,Yes,No,Yes,Yes,No,Two year,Yes,Credit card (automatic),4124.65,No
6000-APYLU,Male,No,No,No,9,80.8,Yes,No,Fiber optic,No,No,No,No,No,Yes,Month-to-month,Yes,Electronic check,713.1,Yes
7105-BENQF,Male,No,No,Yes,15,64.85,Yes,No,DSL,Yes,No,Yes,No,No,Yes,One year,No,Mailed check,950.75,No
7721-DVEKZ,Female,No,No,No,1,19.65,Yes,No,No,No internet service,No internet service,No internet service,No internet service,No internet service,No internet service,Month-to-month,No,Mailed check,19.65,No
3566-VVORZ,Female,No,Yes,No,12,45.9,Yes,No,DSL,No,No,No,No,No,No,Month-to-month,No,Bank transfer (automatic),505.95,No
9507-HSMMZ,Male,No,No,No,54,20.0,Yes,No,No,No internet service,No internet service,No internet service,No internet service,No internet service,No internet service,Two year,No,Mailed check,1149.65,No
2480-SQIOB,Male,No,Yes,Yes,4,44.8,Yes,No,DSL,No,No,No,No,No,No,Month-to-month,No,Electronic check,169.65,No
0947-IDHRQ,Female,No,No,No,7,80.3,Yes,No,Fiber optic,No,No,No,No,Yes,No,Month-to-month,Yes,Mailed check,526.7,Yes
7813-TKCVO,Female,No,Yes,No,20,20.35,Yes,No,No,No internet service,No internet service,No internet service,No internet service,No internet service,No internet service,One year,No,Mailed check,393.15,No
0128-MKWSG,Female,No,No,Yes,26,45.8,No,No phone service,DSL,Yes,No,No,Yes,No,Yes,Month-to-month,No,Mailed check,1147.0,No
3672-YITQD,Male,Yes,Yes,No,36,84.1,Yes,Yes,Fiber optic,No,No,No,No,No,Yes,Month-to-month,Yes,Electronic check,3021.6,Yes
4350-ZTLPI,Female,No,Yes,No,53,108.95,Yes,Yes,Fiber optic,No,Yes,Yes,Yes,Yes,Yes,One year,Yes,Bank transfer (automatic),5718.2,No
9048-JVYVF,Male,No,No,No,3,69.35,Yes,No,DSL,No,No,No,Yes,Yes,Yes,Month-to-month,Yes,Electronic check,191.35,Yes
0361-HJRDX,Female,No,No,No,68,64.35,No,No phone service,DSL,Yes,Yes,Yes,Yes,Yes,Yes,Two year,No,Credit card (automatic),4539.6,No
5727-MYATE,Male,No,Yes,Yes,72,90.8,Yes,Yes,DSL,Yes,Yes,Yes,Yes,Yes,Yes,Two year,Yes,Credit card (automatic),6397.6,No
3823-KYNQY,Male,No,No,No,12,24.95,Yes,Yes,No,No internet service,No internet service,No internet service,No internet service,No internet service,No internet service,One year,No,Credit card (automatic),280.4,No
8988-ECPJR,Female,Yes,Yes,Yes,34,79.6,Yes,Yes,Fiber optic,No,Yes,No,No,No,No,Month-to-month,Yes,Mailed check,2718.3,Yes
7570-WELNY,Female,No,Yes,No,68,84.7,Yes,Yes,Fiber optic,Yes,Yes,No,No,No,No,Two year,Yes,Bank transfer (automatic),5711.05,No
3021-VLNRJ,Female,No,No,Yes,50,70.8,Yes,No,DSL,Yes,No,Yes,Yes,Yes,No,One year,Yes,Credit card (automatic),3478.15,No
3776-EKTKM,Female,Yes,No,No,1,36.45,No,No phone service,DSL,No,No,No,No,Yes,No,Month-to-month,Yes,Electronic check,36.45,Yes
2080-CAZNM,Female,Yes,No,No,41,104.4,Yes,Yes,Fiber optic,No,Yes,Yes,No,Yes,Yes,Month-to-month,Yes,Electronic check,4133.95,No
1028-FFNJK,Male,Yes,Yes,No,30,101.5,Yes,Yes,Fiber optic,No,No,No,Yes,Yes,Yes,Month-to-month,Yes,Electronic check,2917.65,No
6907-FLBER,Male,No,No,No,1,54.3,Yes,Yes,DSL,No,Yes,No,No,No,No,Month-to-month,No,Electronic check,54.3,No
3001-UNBTL,Male,Yes,Yes,Yes,29,103.95,Yes,Yes,Fiber optic,No,No,Yes,No,Yes,Yes,Month-to-month,Yes,Electronic check,2964.8,No
5982-PSMKW,Female,No,Yes,Yes,23,91.1,Yes,Yes,DSL,Yes,Yes,Yes,Yes,Yes,Yes,Two year,Yes,Credit card (automatic),2198.3,No
3507-GASNP,Male,No,No,Yes,60,19.95,Yes,No,No,No internet service,No internet service,No internet service,No internet service,No internet service,No internet service,Two year,No,Mailed check,1189.9,No
7096-ZNBZI,Female,No,Yes,No,72,26.45,Yes,Yes,No,No internet service,No internet service,No internet service,No internet service,No internet service,No internet service,Two year,No,Credit card (automatic),1914.5,No
1902-XBTFB,Male,No,No,Yes,22,89.4,Yes,No,Fiber optic,No,Yes,Yes,No,Yes,No,Month-to-month,Yes,Electronic check,2001.5,Yes
1676-MQAOA,Male,No,No,No,72,75.1,Yes,No,DSL,Yes,Yes,Yes,Yes,Yes,No,Two year,Yes,Bank transfer (automatic),5336.35,No
0786-IVLAW,Female,Yes,No,No,66,108.1,Yes,Yes,Fiber optic,No,Yes,Yes,No,Yes,Yes,One year,No,Bank transfer (automatic),7238.6,No
7566-DSRLQ,Female,No,Yes,No,72,110.15,Yes,Yes,Fiber optic,No,Yes,Yes,Yes,Yes,Yes,Two year,Yes,Electronic check,7998.8,No
0643-OKLRP,Female,Yes,Yes,No,47,80.35,Yes,Yes,Fiber optic,Yes,No,No,No,No,No,Month-to-month,No,Electronic check,3825.85,Yes
7245-JMTTQ,Female,No,No,No,51,111.5,Yes,Yes,Fiber optic,No,Yes,Yes,Yes,Yes,Yes,One year,Yes,Electronic check,5703.25,No
6050-IJRHS,Female,No,Yes,Yes,70,106.5,Yes,Yes,Fiber optic,No,Yes,Yes,No,Yes,Yes,One year,Yes,Electronic check,7397.0,No
6202-JVYEU,Male,No,No,No,9,19.9,Yes,No,No,No internet service,No internet service,No internet service,No internet service,No internet service,No internet service,One year,Yes,Electronic check,164.6,No
8591-TKMZH,Male,No,Yes,Yes,59,111.1,Yes,Yes,Fiber optic,Yes,Yes,No,Yes,Yes,Yes,Two year,Yes,Mailed check,6555.2,No
0734-OXWBT,Male,No,No,Yes,3,70.7,Yes,No,DSL,No,No,No,Yes,Yes,Yes,Month-to-month,No,Mailed check,225.65,No
4282-ACRXS,Male,Yes,Yes,No,38,24.85,No,No phone service,DSL,No,No,No,No,No,No,Month-to-month,Yes,Electronic check,955.75,No
0365-TRTPY,Female,No,No,No,37,91.2,Yes,Yes,Fiber optic,Yes,Yes,Yes,No,No,No,Month-to-month,No,Bank transfer (automatic),3382.3,No
7349-ALMUX,Male,No,No,No,37,65.6,Yes,No,DSL,Yes,Yes,Yes,Yes,No,No,Two year,No,Bank transfer (automatic),2313.8,No
9381-NDKME,Female,Yes,Yes,No,24,40.65,No,No phone service,DSL,No,No,Yes,No,No,Yes,Month-to-month,Yes,Credit card (automatic),933.3,Yes
6502-KUGLL,Female,No,Yes,Yes,14,59.45,Yes,No,DSL,Yes,Yes,No,Yes,No,No,Month-to-month,No,Bank transfer (automatic),780.85,No
1841-YSJGV,Male,No,Yes,No,72,109.95,Yes,Yes,Fiber optic,Yes,Yes,No,Yes,Yes,Yes,Two year,Yes,Credit card (automatic),7852.4,No
2794-XIMMO,Male,No,Yes,No,53,60.45,No,No phone service,DSL,No,Yes,Yes,Yes,Yes,Yes,One year,Yes,Electronic check,3184.25,Yes
8382-SHQEH,Female,No,Yes,No,8,84.9,Yes,Yes,Fiber optic,No,No,No,No,No,Yes,Month-to-month,Yes,Electronic check,764.95,Yes
3511-BFTJW,Male,No,Yes,Yes,72,38.5,No,No phone service,DSL,Yes,Yes,Yes,No,No,No,Two year,No,Credit card (automatic),2763.0,No
7668-XCFYV,Female,Yes,Yes,No,17,92.55,Yes,Yes,Fiber optic,No,No,No,No,Yes,Yes,Month-to-month,Yes,Electronic check,1614.7,No
2983-ZANRP,Female,No,Yes,Yes,2,73.55,Yes,No,Fiber optic,No,Yes,No,No,No,No,Month-to-month,Yes,Bank transfer (automatic),145.4,Yes
7845-URHJN,Female,No,Yes,No,8,20.15,Yes,No,No,No internet service,No internet service,No internet service,No internet service,No internet service,No internet service,Month-to-month,No,Bank transfer (automatic),156.25,Yes
3034-ZBEQN,Female,No,Yes,No,48,34.7,No,No phone service,DSL,No,Yes,Yes,No,No,No,One year,No,Mailed check,1604.5,Yes
5018-HEKFO,Female,No,No,No,10,24.5,Yes,Yes,No,No internet service,No internet service,No internet service,No internet service,No internet service,No internet service,Month-to-month,Yes,Mailed check,270.15,No
2923-ARZLG,Male,No,Yes,Yes,0,19.7,Yes,No,No,No internet service,No internet service,No internet service,No internet service,No internet service,No internet service,One year,Yes,Mailed check,,No
3976-NLDEZ,Male,No,No,No,1,20.6,Yes,No,No,No internet service,No internet service,No internet service,No internet service,No internet service,No internet service,Month-to-month,No,Mailed check,20.6,No
2282-YGNOR,Female,No,No,No,29,58.0,Yes,No,DSL,Yes,No,Yes,Yes,No,No,One year,No,Credit card (automatic),1734.5,No
5336-UFNZP,Female,Yes,Yes,Yes,65,107.45,Yes,Yes,Fiber optic,No,Yes,Yes,No,Yes,Yes,One year,Yes,Electronic check,7047.5,No
6854-EXGSF,Female,No,No,No,8,65.5,Yes,Yes,DSL,Yes,Yes,Yes,No,No,No,Month-to-month,Yes,Bank transfer (automatic),573.15,No
1241-EZFMJ,Male,No,Yes,No,61,25.45,Yes,Yes,No,No internet service,No internet service,No internet service,No internet service,No internet service,No internet service,Two year,No,Bank transfer (automatic),1538.6,No
9233-PSYHO,Female,Yes,No,No,45,100.15,Yes,Yes,Fiber optic,No,No,Yes,No,Yes,Yes,One year,Yes,Bank transfer (automatic),4459.8,No
5376-PCKNB,Male,No,Yes,Yes,72,104.45,Yes,Yes,Fiber optic,No,Yes,Yes,No,Yes,Yes,One year,Yes,Credit card (automatic),7459.0,No
8044-BGWPI,Male,No,Yes,Yes,12,21.15,Yes,No,No,No internet service,No internet service,No internet service,No internet service,No internet service,No internet service,Month-to-month,Yes,Electronic check,306.05,No
4060-LDNLU,Male,No,No,No,7,96.2,Yes,Yes,Fiber optic,No,No,No,No,Yes,Yes,Month-to-month,No,Electronic check,639.7,No
3589-PPVKW,Male,No,No,No,9,44.4,Yes,No,DSL,No,No,No,No,No,No,Month-to-month,Yes,Mailed check,348.15,No
8327-LZKAS,Female,Yes,Yes,No,43,107.55,Yes,Yes,Fiber optic,No,No,Yes,Yes,Yes,Yes,One year,Yes,Electronic check,4533.9,Yes
5887-IKKYO,Male,No,Yes,Yes,58,94.35,Yes,Yes,Fiber optic,No,No,Yes,Yes,No,Yes,Two year,No,Bank transfer (automatic),5563.65,No
1075-BGWOH,Male,Yes,Yes,No,16,98.75,Yes,Yes,Fiber optic,No,No,Yes,No,Yes,Yes,Month-to-month,Yes,Electronic check,1587.55,Yes
1755-RMCXH,Male,No,Yes,Yes,2,20.3,Yes,No,No,No internet service,No internet service,No internet service,No internet service,No internet service,No internet service,Month-to-month,No,Mailed check,40.25,No
0302-JOIVN,Female,No,Yes,No,8,101.15,Yes,No,Fiber optic,No,Yes,Yes,No,Yes,Yes,Month-to-month,No,Electronic check,842.9,Yes
3858-XHYJO,Female,No,Yes,No,40,105.75,Yes,Yes,Fiber optic,Yes,No,Yes,No,Yes,Yes,One year,No,Bank transfer (automatic),4228.55,No
4299-SIMNS,Male,No,No,No,9,81.15,Yes,Yes,Fiber optic,Yes,No,No,No,No,No,Month-to-month,Yes,Electronic check,784.45,No
7025-IWFHT,Male,No,No,No,41,89.55,Yes,No,Fiber optic,No,Yes,No,Yes,Yes,No,One year,Yes,Electronic check,3729.75,No
6261-LHRTG,Female,No,No,No,26,54.75,Yes,No,DSL,No,Yes,Yes,No,No,No,Month-to-month,Yes,Credit card (automatic),1406.9,No
7841-FCRQD,Female,No,Yes,No,33,53.75,Yes,No,DSL,No,Yes,No,Yes,No,No,One year,Yes,Credit card (automatic),1857.3,No
2056-EVGZL,Male,No,Yes,Yes,68,105.75,Yes,No,Fiber optic,No,Yes,Yes,Yes,Yes,Yes,One year,No,Credit card (automatic),7322.5,No
8777-MBMTS,Female,Yes,Yes,No,65,105.85,Yes,No,Fiber optic,No,Yes,Yes,Yes,Yes,Yes,Two year,Yes,Credit card (automatic),6725.5,No
7753-USQYQ,Male,No,No,No,55,64.2,Yes,No,DSL,No,Yes,No,Yes,No,Yes,One year,Yes,Electronic check,3627.3,No
5366-IJEQJ,Male,No,No,No,20,88.7,Yes,Yes,Fiber optic,No,No,Yes,No,Yes,No,Month-to-month,Yes,Electronic check,1761.45,Yes
7661-CPURM,Male,No,No,No,19,87.7,Yes,No,Fiber optic,No,No,No,Yes,No,Yes,One year,Yes,Credit card (automatic),1725.95,No
6233-HXJMX,Female,No,No,No,45,89.3,Yes,Yes,Fiber optic,No,No,Yes,No,No,Yes,Month-to-month,Yes,Credit card (automatic),4192.15,No
5902-WBLSE,Female,No,Yes,Yes,70,20.15,Yes,No,No,No internet service,No internet service,No internet service,No internet service,No internet service,No internet service,Two year,Yes,Credit card (automatic),1411.2,No
1981-INRFU,Female,No,No,No,2,79.75,Yes,No,Fiber optic,No,No,No,No,Yes,No,Month-to-month,Yes,Electronic check,164.5,Yes
4971-PUYQO,Female,No,No,No,27,94.55,Yes,Yes,Fiber optic,No,No,No,No,Yes,Yes,Month-to-month,Yes,Mailed check,2724.6,Yes
3239-TPHPZ,Female,No,Yes,No,12,20.05,Yes,No,No,No internet service,No internet service,No internet service,No internet service,No internet service,No internet service,Two year,Yes,Electronic check,264.55,No
5115-GZDEL,Male,No,No,Yes,72,67.2,No,No phone service,DSL,Yes,Yes,Yes,Yes,Yes,Yes,Two year,No,Credit card (automatic),4671.7,No
3338-CVVEH,Male,No,No,No,12,94.55,Yes,Yes,Fiber optic,No,No,No,No,Yes,Yes,Month-to-month,No,Electronic check,1173.55,No
8485-GJCDN,Female,Yes,No,No,5,69.05,Yes,No,Fiber optic,No,No,No,No,No,No,Month-to-month,Yes,Mailed check,318.5,Yes
2615-YVMYX,Male,Yes,Yes,No,71,107.5,Yes,Yes,Fiber optic,Yes,Yes,Yes,No,Yes,Yes,Month-to-month,Yes,Electronic check,7713.55,No
2851-STERV,Male,Yes,No,No,35,73.0,Yes,No,DSL,No,No,Yes,Yes,Yes,Yes,One year,Yes,Electronic check,2471.25,No
4393-GEADV,Male,No,Yes,Yes,70,114.75,Yes,Yes,Fiber optic,Yes,Yes,Yes,Yes,Yes,Yes,Two year,No,Credit card (automatic),7842.3,No
8486-AYEQH,Female,No,No,No,31,76.05,Yes,Yes,Fiber optic,No,No,No,No,No,No,Month-to-month,Yes,Electronic check,2227.8,No
1527-SXDPN,Male,No,Yes,Yes,52,96.25,Yes,Yes,Fiber optic,No,No,Yes,Yes,No,Yes,Two year,Yes,Bank transfer (automatic),4990.25,Yes
6029-WTIPC,Male,Yes,No,No,37,101.1,Yes,Yes,Fiber optic,No,No,Yes,No,Yes,Yes,Month-to-month,Yes,Electronic check,3744.05,Yes
8634-CILSZ,Male,No,No,No,69,104.7,Yes,Yes,Fiber optic,No,Yes,No,Yes,Yes,Yes,One year,Yes,Bank transfer (automatic),7220.35,Yes
5419-JKZNQ,Male,Yes,Yes,No,30,77.9,Yes,Yes,Fiber optic,No,No,No,No,No,No,Month-to-month,No,Mailed check,2351.45,No
2495-KZNFB,Female,No,No,No,33,90.65,Yes,Yes,Fiber optic,Yes,No,No,No,No,Yes,Month-to-month,Yes,Electronic check,2989.6,No
1409-PHXTF,Male,Yes,Yes,No,54,110.45,Yes,Yes,Fiber optic,No,Yes,Yes,Yes,Yes,Yes,Two year,Yes,Electronic check,6077.75,No
4560-WQAQW,Female,No,No,No,59,68.7,Yes,Yes,DSL,Yes,No,No,Yes,No,Yes,One year,No,Bank transfer (automatic),4070.95,No
9591-YVTEB,Male,Yes,No,No,55,44.85,No,No phone service,DSL,Yes,Yes,No,No,Yes,No,Month-to-month,Yes,Electronic check,2479.05,No
9309-BZGNT,Male,Yes,Yes,No,69,29.8,No,No phone service,DSL,No,No,Yes,No,No,No,One year,Yes,Credit card (automatic),2134.3,No
4274-DRSQT,Female,No,No,No,66,88.9,Yes,Yes,Fiber optic,No,Yes,No,No,Yes,No,One year,Yes,Bank transfer (automatic),6000.1,No
2027-DNKIV,Male,No,Yes,Yes,37,58.75,Yes,No,DSL,Yes,No,Yes,Yes,No,No,One year,Yes,Mailed check,2203.1,No
8075-GXIUB,Male,Yes,Yes,No,9,19.85,Yes,No,No,No internet service,No internet service,No internet service,No internet service,No internet service,No internet service,One year,No,Credit card (automatic),183.15,No
2885-HIJDH,Male,No,Yes,Yes,69,86.9,Yes,Yes,DSL,Yes,No,Yes,Yes,Yes,Yes,Two year,No,Bank transfer (automatic),6194.1,No
5424-RLQLC,Male,No,No,No,10,59.65,Yes,No,DSL,No,Yes,No,No,Yes,No,Month-to-month,Yes,Mailed check,638.95,No
6682-QJDGB,Male,No,No,Yes,40,55.25,Yes,No,DSL,Yes,Yes,No,No,No,No,Month-to-month,Yes,Mailed check,2139.2,Yes
6507-DTJZV,Male,No,No,Yes,13,66.4,Yes,No,DSL,No,No,No,No,Yes,Yes,Month-to-month,No,Credit card (automatic),831.75,No
8780-IXSTS,Female,No,No,No,6,90.1,Yes,Yes,Fiber optic,No,Yes,No,No,Yes,No,Month-to-month,Yes,Electronic check,521.3,Yes
7673-BQGKU,Female,No,Yes,Yes,69,20.15,Yes,No,No,No internet service,No internet service,No internet service,No internet service,No internet service,No internet service,Two year,No,Bank transfer (automatic),1337.5,No
6723-WSNTY,Female,Yes,Yes,No,66,108.1,Yes,Yes,Fiber optic,No,Yes,Yes,Yes,Yes,Yes,One year,Yes,Credit card (automatic),7181.95,No
9530-EHPOH,Male,No,No,No,11,53.75,Yes,Yes,DSL,No,No,Yes,No,No,No,Month-to-month,No,Electronic check,608.0,Yes
2725-IWWBA,Male,No,Yes,Yes,46,56.9,Yes,No,DSL,Yes,No,Yes,Yes,No,No,One year,No,Mailed check,2560.1,No
0345-HKJVM,Female,No,No,No,6,89.3,Yes,No,Fiber optic,No,No,No,No,Yes,Yes,Month-to-month,No,Electronic check,577.6,Yes
1061-PNTHC,Female,No,Yes,Yes,56,109.6,Yes,Yes,Fiber optic,Yes,No,Yes,Yes,Yes,Yes,Month-to-month,Yes,Mailed check,5953.0,No
0394-YONDK,Male,No,Yes,Yes,70,25.15,Yes,Yes,No,No internet service,No internet service,No internet service,No internet service,No internet service,No internet service,Two year,No,Credit card (automatic),1790.15,No
6574-MCOEH,Female,No,Yes,Yes,33,79.15,Yes,Yes,DSL,No,No,Yes,Yes,Yes,Yes,One year,Yes,Electronic check,2531.4,No
7399-QHBJS,Female,No,Yes,Yes,72,66.75,Yes,Yes,DSL,Yes,Yes,No,Yes,No,No,Two year,No,Credit card (automatic),4760.3,No
3049-SOLAY,Female,No,Yes,No,3,95.2,Yes,Yes,Fiber optic,No,No,No,No,Yes,Yes,Month-to-month,Yes,Electronic check,292.85,Yes
0997-YTLNY,Female,No,No,Yes,19,48.8,Yes,No,DSL,No,No,No,Yes,No,No,Month-to-month,No,Mailed check,953.65,No
3317-HRTNN,Female,Yes,No,No,5,45.7,No,No phone service,DSL,No,No,No,No,Yes,Yes,Month-to-month,No,Electronic check,198.0,Yes
9479-HYNYL,Female,No,Yes,No,71,80.7,Yes,No,DSL,No,Yes,Yes,Yes,Yes,Yes,Two year,Yes,Credit card (automatic),5705.05,No
3235-ETOOB,Male,No,Yes,No,8,74.5,Yes,No,Fiber optic,Yes,No,No,No,No,No,Month-to-month,Yes,Electronic check,609.9,Yes
9708-KFDBY,Male,No,No,No,1,20.55,Yes,No,No,No internet service,No internet service,No internet service,No internet service,No internet service,No internet service,Month-to-month,No,Credit card (automatic),20.55,No
8058-INTPH,Female,No,No,No,1,79.65,Yes,No,Fiber optic,No,No,No,No,Yes,No,Month-to-month,Yes,Electronic check,79.65,Yes
3642-GKTCT,Female,No,No,No,61,115.1,Yes,Yes,Fiber optic,Yes,Yes,Yes,Yes,Yes,Yes,One year,Yes,Mailed check,6993.65,No
0774-RMNUW,Female,No,Yes,Yes,71,59.7,No,No phone service,DSL,Yes,Yes,No,Yes,Yes,Yes,Two year,No,Bank transfer (automatic),4122.65,No
1334-PDUKM,Female,No,Yes,No,68,86.45,Yes,Yes,Fiber optic,No,Yes,Yes,No,No,No,One year,No,Credit card (automatic),5762.95,No
0756-MPZRL,Male,No,No,No,46,33.7,No,No phone service,DSL,No,No,Yes,Yes,No,No,One year,No,Credit card (automatic),1537.85,No
2242-MFOTG,Male,No,No,No,33,80.1,Yes,Yes,Fiber optic,Yes,No,No,No,No,No,One year,No,Bank transfer (automatic),2603.3,No
2927-CVULT,Female,No,Yes,Yes,53,104.05,Yes,Yes,Fiber optic,Yes,Yes,Yes,Yes,No,Yes,Two year,Yes,Bank transfer (automatic),5566.4,No
2144-BFDSO,Female,Yes,Yes,No,50,108.75,Yes,Yes,Fiber optic,Yes,Yes,Yes,No,Yes,Yes,Month-to-month,No,Bank transfer (automatic),5431.9,No
8745-PVESG,Female,No,No,No,57,41.1,No,No phone service,DSL,Yes,No,Yes,Yes,No,No,One year,Yes,Credit card (automatic),2258.25,No
7647-GYYKX,Female,No,Yes,Yes,54,20.35,Yes,No,No,No internet service,No internet service,No internet service,No internet service,No internet service,No internet service,Two year,Yes,Bank transfer (automatic),1092.35,No
5647-FXOTP,Female,Yes,Yes,No,60,105.9,Yes,Yes,Fiber optic,No,Yes,Yes,No,Yes,Yes,Month-to-month,Yes,Electronic check,6401.25,No
5569-OUICF,Female,Yes,Yes,No,28,101.3,Yes,Yes,Fiber optic,No,No,No,Yes,Yes,Yes,Month-to-month,Yes,Credit card (automatic),2812.2,Yes
8821-XNHVZ,Female,No,Yes,Yes,1,80.05,Yes,No,Fiber optic,No,No,No,No,Yes,No,Month-to-month,Yes,Mailed check,80.05,Yes
2082-OJVTK,Male,No,Yes,Yes,29,89.2,Yes,Yes,Fiber optic,No,No,Yes,No,No,Yes,Month-to-month,Yes,Electronic check,2698.35,Yes
9700-ISPUP,Female,No,Yes,Yes,10,65.5,Yes,No,DSL,No,Yes,No,Yes,No,Yes,Month-to-month,Yes,Electronic check,616.9,No
9839-ETQOE,Male,No,No,Yes,43,40.45,No,No phone service,DSL,Yes,Yes,Yes,No,No,No,Month-to-month,Yes,Electronic check,1912.85,No
6078-VESFR,Male,Yes,Yes,No,13,70.45,Yes,No,Fiber optic,No,No,No,No,No,No,Month-to-month,No,Bank transfer (automatic),849.1,No
9027-TMATR,Female,No,Yes,No,43,78.8,Yes,No,DSL,Yes,No,Yes,Yes,Yes,Yes,Two year,Yes,Electronic check,3460.3,No
5940-NFXKV,Male,No,Yes,Yes,19,83.65,Yes,Yes,Fiber optic,No,No,No,No,No,Yes,Month-to-month,Yes,Electronic check,1465.75,Yes
1941-HOSAM,Male,No,Yes,Yes,1,90.1,Yes,No,Fiber optic,No,No,No,No,Yes,Yes,Month-to-month,Yes,Electronic check,90.1,No
9110-HSGTV,Female,No,No,No,69,82.45,Yes,No,DSL,Yes,No,Yes,Yes,Yes,Yes,Two year,Yes,Credit card (automatic),5555.3,No
0704-VCUMB,Female,No,Yes,No,61,20.25,Yes,No,No,No internet service,No internet service,No internet service,No internet service,No internet service,No internet service,Two year,No,Credit card (automatic),1278.8,No
6171-ZTVYB,Male,No,Yes,No,43,66.25,Yes,Yes,DSL,Yes,Yes,No,Yes,No,No,Month-to-month,No,Bank transfer (automatic),2907.35,No
8053-WWDRO,Female,No,Yes,No,6,19.5,Yes,No,No,No internet service,No internet service,No internet service,No internet service,No internet service,No internet service,Month-to-month,No,Bank transfer (automatic),146.3,Yes
9564-KCLHR,Male,No,No,No,1,51.25,Yes,No,DSL,No,No,No,Yes,No,No,Month-to-month,No,Mailed check,51.25,Yes
1935-IMVBB,Male,No,Yes,No,56,89.7,Yes,No,Fiber optic,No,No,No,No,Yes,Yes,Month-to-month,No,Mailed check,4952.95,No
2535-PBCGC,Female,No,Yes,No,70,64.55,No,No phone service,DSL,Yes,Yes,Yes,Yes,Yes,Yes,Two year,No,Bank transfer (automatic),4504.9,No
2082-CEFLT,Male,No,No,No,1,45.6,Yes,No,DSL,No,No,No,No,No,No,Month-to-month,Yes,Electronic check,45.6,Yes
1470-PSXNM,Male,No,Yes,Yes,49,93.65,Yes,Yes,Fiber optic,No,Yes,Yes,No,Yes,No,One year,Yes,Electronic check,4520.15,No
1213-NGCUN,Female,No,No,No,6,49.65,Yes,No,DSL,No,No,No,Yes,No,No,Month-to-month,Yes,Bank transfer (automatic),267.35,Yes
2498-XLDZR,Female,No,Yes,Yes,32,73.6,Yes,No,DSL,Yes,Yes,Yes,Yes,No,Yes,Two year,No,Mailed check,2316.85,No
9866-OCCKE,Female,Yes,Yes,No,72,109.75,Yes,Yes,Fiber optic,Yes,No,Yes,Yes,Yes,Yes,Two year,Yes,Mailed check,8075.35,No
5338-YHWYT,Male,No,No,Yes,37,61.45,Yes,No,DSL,Yes,Yes,No,Yes,No,No,Two year,No,Credit card (automatic),2302.35,No
7718-UPSKJ,Female,No,Yes,No,69,106.4,Yes,No,Fiber optic,Yes,Yes,No,Yes,Yes,Yes,One year,Yes,Credit card (automatic),7251.9,No
8731-WBBMB,Female,No,Yes,No,26,81.9,Yes,No,DSL,No,Yes,Yes,Yes,Yes,Yes,Month-to-month,No,Bank transfer (automatic),2078.55,No
1448-CYWKC,Female,No,Yes,Yes,58,105.2,Yes,Yes,Fiber optic,No,Yes,Yes,No,Yes,Yes,One year,Yes,Credit card (automatic),6225.4,No
7901-IIDQV,Male,No,No,No,24,54.6,Yes,Yes,DSL,No,No,No,Yes,No,No,One year,No,Bank transfer (automatic),1242.25,No
2690-DVRVK,Male,No,Yes,Yes,5,20.55,Yes,No,No,No internet service,No internet service,No internet service,No internet service,No internet service,No internet service,One year,No,Electronic check,99.45,No
5688-KZTSN,Male,No,Yes,Yes,15,20.0,Yes,No,No,No internet service,No internet service,No internet service,No internet service,No internet service,No internet service,Month-to-month,Yes,Electronic check,288.05,Yes
1270-XKUCC,Female,No,Yes,Yes,30,19.7,Yes,No,No,No internet service,No internet service,No internet service,No internet service,No internet service,No internet service,Two year,No,Mailed check,599.25,No
0334-ZFJSR,Female,No,Yes,No,55,66.05,Yes,Yes,DSL,Yes,Yes,No,Yes,No,No,One year,Yes,Credit card (automatic),3462.1,No
2894-QOJRX,Female,No,Yes,No,25,34.0,No,No phone service,DSL,No,No,No,No,Yes,No,Month-to-month,Yes,Bank transfer (automatic),853.0,Yes
5747-PMBSQ,Male,Yes,Yes,No,10,92.5,Yes,No,Fiber optic,No,Yes,Yes,Yes,Yes,No,Month-to-month,Yes,Mailed check,934.1,Yes
5583-EJXRD,Male,No,Yes,Yes,44,54.05,No,No phone service,DSL,Yes,Yes,Yes,Yes,No,Yes,Two year,Yes,Credit card (automatic),2375.2,No
4565-EVZMJ,Female,No,No,No,47,58.9,Yes,No,DSL,Yes,Yes,No,Yes,No,No,One year,Yes,Mailed check,2813.05,No
3143-JQEGI,Female,No,Yes,Yes,13,88.35,Yes,No,Fiber optic,No,No,No,No,Yes,Yes,Month-to-month,No,Electronic check,1222.8,Yes
6386-SZZKH,Female,No,Yes,Yes,49,107.95,Yes,Yes,Fiber optic,No,Yes,Yes,Yes,Yes,Yes,Two year,Yes,Bank transfer (automatic),5293.2,Yes
3327-YBAKM,Female,No,Yes,No,64,96.9,Yes,No,Fiber optic,Yes,No,No,Yes,Yes,Yes,One year,Yes,Mailed check,6314.35,No
9441-QHEVC,Male,No,No,No,1,19.1,Yes,No,No,No internet service,No internet service,No internet service,No internet service,No internet service,No internet service,Month-to-month,No,Mailed check,19.1,No
6705-LNMDD,Male,No,No,No,20,50.0,Yes,No,DSL,No,No,No,Yes,No,No,Month-to-month,No,Mailed check,1003.05,No
2580-ASVVY,Female,No,Yes,No,37,45.4,No,No phone service,DSL,Yes,No,No,Yes,Yes,No,Two year,No,Electronic check,1593.1,No
3370-GQEAL,Male,No,Yes,Yes,30,85.45,Yes,Yes,Fiber optic,No,No,No,No,Yes,No,Month-to-month,No,Electronic check,2509.95,No
5032-USPKF,Female,No,No,No,38,84.1,Yes,Yes,DSL,Yes,Yes,Yes,No,Yes,Yes,One year,No,Bank transfer (automatic),3187.65,No
2982-IHMFT,Female,Yes,No,No,1,74.45,Yes,Yes,Fiber optic,No,No,No,No,No,No,Month-to-month,Yes,Mailed check,74.45,Yes
3521-SYVOR,Female,No,No,No,37,64.75,Yes,No,DSL,No,No,No,No,Yes,Yes,Month-to-month,Yes,Electronic check,2345.2,Yes
4254-QPEDE,Female,No,Yes,No,52,66.25,No,No phone service,DSL,Yes,Yes,Yes,Yes,Yes,Yes,Two year,No,Credit card (automatic),3330.1,No
6283-GITPX,Male,No,No,Yes,71,76.9,Yes,No,DSL,Yes,Yes,Yes,Yes,Yes,No,Two year,Yes,Credit card (automatic),5522.7,No
9526-JAWYF,Male,No,No,No,26,89.8,Yes,No,Fiber optic,No,Yes,Yes,No,Yes,No,Month-to-month,No,Electronic check,2335.3,Yes
0771-CHWSK,Male,No,No,No,66,74.6,Yes,Yes,DSL,Yes,Yes,Yes,No,No,Yes,Two year,Yes,Credit card (automatic),4798.4,No
9788-HNGUT,Male,No,Yes,No,72,116.95,Yes,Yes,Fiber optic,Yes,Yes,Yes,Yes,Yes,Yes,Two year,Yes,Credit card (automatic),8594.4,No
9495-REDIY,Male,No,No,Yes,25,40.65,No,No phone service,DSL,Yes,No,No,No,Yes,No,One year,Yes,Credit card (automatic),970.55,No
5375-XLDOF,Male,No,Yes,Yes,69,114.35,Yes,Yes,Fiber optic,Yes,Yes,Yes,Yes,Yes,Yes,Two year,Yes,Bank transfer (automatic),7665.8,No
1172-VIYBP,Male,No,Yes,Yes,53,69.7,Yes,Yes,DSL,Yes,Yes,No,No,No,Yes,Two year,No,Bank transfer (automatic),3686.05,No
5649-VUKMC,Female,No,No,No,12,95.5,Yes,No,Fiber optic,No,No,Yes,No,Yes,Yes,One year,No,Mailed check,1115.15,Yes
6559-PDZLR,Male,No,No,No,26,98.65,Yes,No,Fiber optic,No,No,Yes,Yes,Yes,Yes,Month-to-month,Yes,Electronic check,2537.0,No
8992-OBVDG,Male,No,No,No,21,61.65,Yes,No,DSL,No,No,Yes,No,No,Yes,Month-to-month,No,Mailed check,1393.6,No
4273-MBHYA,Female,No,No,Yes,1,89.35,Yes,No,Fiber optic,No,No,No,No,Yes,Yes,Month-to-month,Yes,Electronic check,89.35,No
4724-WXVWF,Male,No,No,No,48,95.4,Yes,Yes,Fiber optic,Yes,No,No,Yes,No,Yes,Month-to-month,Yes,Electronic check,4445.3,No
5701-GUXDC,Female,No,Yes,No,26,35.4,No,No phone service,DSL,Yes,No,Yes,No,No,No,One year,No,Credit card (automatic),978.6,No
1460-UZPRJ,Male,No,Yes,No,60,19.95,Yes,No,No,No internet service,No internet service,No internet service,No internet service,No internet service,No internet service,Two year,No,Mailed check,1258.15,No
6082-GLJIX,Male,No,No,No,18,19.25,Yes,No,No,No internet service,No internet service,No internet service,No internet service,No internet service,No internet service,Month-to-month,No,Mailed check,331.35,No
5143-EGQFK,Female,Yes,No,No,10,29.65,No,No phone service,DSL,No,No,No,Yes,No,No,Month-to-month,Yes,Electronic check,291.4,Yes
4919-IKATY,Male,No,Yes,Yes,5,84.5,Yes,Yes,Fiber optic,Yes,No,Yes,No,No,No,Month-to-month,Yes,Electronic check,453.75,Yes
2495-TTHBQ,Female,No,No,Yes,4,20.4,Yes,No,No,No internet service,No internet service,No internet service,No internet service,No internet service,No internet service,One year,Yes,Mailed check,84.75,No
0485-ZBSLN,Male,No,Yes,Yes,65,24.75,Yes,Yes,No,No internet service,No internet service,No internet service,No internet service,No internet service,No internet service,Two year,No,Credit card (automatic),1715.1,No
3810-PJUHR,Male,No,Yes,Yes,70,25.35,Yes,Yes,No,No internet service,No internet service,No internet service,No internet service,No internet service,No internet service,Two year,No,Mailed check,1715.15,No
9050-QLROH,Male,No,No,No,18,90.7,Yes,Yes,Fiber optic,No,No,Yes,No,No,Yes,Month-to-month,Yes,Credit card (automatic),1597.25,Yes
0847-HGRML,Male,No,No,Yes,62,20.0,Yes,No,No,No internet service,No internet service,No internet service,No internet service,No internet service,No internet service,Two year,No,Bank transfer (automatic),1250.1,No
8232-CTLKO,Female,No,Yes,Yes,66,59.75,Yes,No,DSL,Yes,No,No,No,Yes,No,Two year,Yes,Electronic check,3996.8,No
9227-YBAXE,Female,No,Yes,Yes,65,82.5,Yes,Yes,DSL,Yes,Yes,No,Yes,Yes,Yes,Two year,Yes,Bank transfer (automatic),5215.1,No
6168-WFVVF,Female,Yes,No,No,3,70.3,Yes,No,Fiber optic,No,No,No,No,No,No,Month-to-month,Yes,Electronic check,235.5,Yes
9860-LISIZ,Female,No,No,No,34,20.35,Yes,No,No,No internet service,No internet service,No internet service,No internet service,No internet service,No internet service,Month-to-month,No,Mailed check,673.2,No
0112-QAWRZ,Male,No,Yes,Yes,16,90.8,Yes,Yes,Fiber optic,No,No,Yes,No,Yes,No,Month-to-month,Yes,Bank transfer (automatic),1442.2,No
0877-SDMBN,Female,No,No,No,54,103.95,Yes,Yes,Fiber optic,Yes,No,Yes,No,Yes,Yes,One year,Yes,Bank transfer (automatic),5639.05,Yes
2786-GCDPI,Female,Yes,No,No,50,104.95,Yes,Yes,Fiber optic,No,No,Yes,Yes,Yes,Yes,Month-to-month,Yes,Electronic check,5222.35,No
4043-MKDTV,Male,No,Yes,No,71,105.25,Yes,No,Fiber optic,No,Yes,Yes,Yes,Yes,Yes,Two year,Yes,Electronic check,7291.75,No
8065-YKXKD,Female,No,No,No,10,74.75,Yes,Yes,Fiber optic,No,No,No,No,No,No,Month-to-month,Yes,Electronic check,799.65,Yes
9637-EIHEQ,Female,No,No,No,1,50.8,Yes,No,DSL,No,No,No,Yes,No,No,Month-to-month,Yes,Electronic check,50.8,Yes
9229-RQABD,Male,No,No,No,18,23.75,Yes,Yes,No,No internet service,No internet service,No internet service,No internet service,No internet service,No internet service,One year,No,Mailed check,424.5,No
8313-KTIHG,Male,No,No,No,4,61.3,Yes,No,DSL,No,No,No,Yes,Yes,No,Month-to-month,Yes,Electronic check,249.4,No
5320-BRKGK,Female,No,Yes,Yes,58,75.8,Yes,Yes,DSL,Yes,No,Yes,Yes,Yes,No,Two year,No,Mailed check,4415.75,No
6284-KMNUF,Female,No,Yes,No,56,98.0,Yes,Yes,Fiber optic,Yes,No,No,No,Yes,Yes,One year,Yes,Electronic check,5270.6,No
9689-PTNPG,Male,No,No,No,2,80.25,Yes,No,Fiber optic,No,No,No,No,Yes,No,Month-to-month,Yes,Electronic check,144.55,Yes
9465-RWMXL,Male,No,Yes,No,32,78.9,Yes,Yes,Fiber optic,No,No,Yes,No,No,No,Month-to-month,Yes,Electronic check,2447.95,Yes
6229-UOLQL,Male,No,Yes,Yes,56,52.0,No,No phone service,DSL,Yes,Yes,No,Yes,Yes,No,One year,Yes,Mailed check,2884.9,No
2362-IBOOY,Male,No,No,No,36,84.75,Yes,Yes,Fiber optic,No,No,No,No,No,Yes,Month-to-month,Yes,Electronic check,3050.15,Yes
3137-LUPIX,Female,No,No,No,4,64.4,Yes,Yes,DSL,No,No,No,Yes,Yes,No,Month-to-month,Yes,Mailed check,253.0,No
0843-WTBXE,Male,No,No,No,53,85.45,Yes,Yes,Fiber optic,No,No,No,No,Yes,No,Month-to-month,No,Bank transfer (automatic),4517.25,Yes
6143-JQKEA,Male,No,No,No,10,45.8,Yes,No,DSL,No,No,No,No,No,No,Month-to-month,Yes,Credit card (automatic),436.2,No
8676-OOQEJ,Male,No,No,No,4,30.5,No,No phone service,DSL,No,No,No,Yes,No,No,Month-to-month,No,Electronic check,118.4,No
5515-IDEJJ,Male,No,Yes,Yes,1,19.9,Yes,No,No,No internet service,No internet service,No internet service,No internet service,No internet service,No internet service,Month-to-month,No,Mailed check,19.9,Yes
9701-CDXHR,Female,No,Yes,No,51,69.15,Yes,No,Fiber optic,No,No,No,No,No,No,Month-to-month,No,Mailed check,3649.6,No
7450-NWRTR,Male,Yes,No,No,12,99.45,Yes,Yes,Fiber optic,No,No,Yes,No,Yes,Yes,Month-to-month,Yes,Electronic check,1200.15,Yes
8124-NZVGJ,Female,No,No,No,6,49.25,No,No phone service,DSL,No,No,No,Yes,Yes,Yes,One year,Yes,Mailed check,255.6,No
2162-FRZAA,Male,No,Yes,Yes,63,39.35,No,No phone service,DSL,No,Yes,Yes,Yes,No,No,Two year,No,Bank transfer (automatic),2395.05,No
5376-DEQCP,Female,No,No,No,1,70.6,Yes,No,Fiber optic,No,No,No,No,No,No,Month-to-month,Yes,Electronic check,70.6,Yes
5118-MUEYH,Female,No,Yes,No,48,105.1,Yes,Yes,Fiber optic,No,Yes,No,Yes,Yes,Yes,Month-to-month,Yes,Credit card (automatic),5083.55,No
9095-HFAFX,Female,No,No,No,5,81.0,Yes,No,Fiber optic,No,No,No,No,Yes,No,Month-to-month,Yes,Credit card (automatic),389.6,Yes
5627-TVBPP,Female,No,No,Yes,35,20.1,Yes,No,No,No internet service,No internet service,No internet service,No internet service,No internet service,No internet service,One year,Yes,Credit card (automatic),644.5,No
2379-ENZGV,Male,No,No,No,6,84.85,Yes,No,Fiber optic,No,Yes,No,No,Yes,No,Month-to-month,Yes,Electronic check,523.5,Yes
3936-QQFLL,Male,No,No,No,2,19.75,Yes,No,No,No internet service,No internet service,No internet service,No internet service,No internet service,No internet service,Month-to-month,No,Mailed check,39.3,No
2589-AYCRP,Female,No,No,No,50,19.75,Yes,No,No,No internet service,No internet service,No internet service,No internet service,No internet service,No internet service,One year,No,Bank transfer (automatic),989.05,No
4067-HLYQI,Female,No,No,No,33,70.4,Yes,No,Fiber optic,No,No,No,No,No,No,Month-to-month,Yes,Bank transfer (automatic),2406.1,No
5124-EOGYE,Male,No,No,No,31,20.45,Yes,No,No,No internet service,No internet service,No internet service,No internet service,No internet service,No internet service,Two year,No,Mailed check,638.55,No
5057-RKGLH,Female,No,Yes,Yes,9,20.35,Yes,No,No,No internet service,No internet service,No internet service,No internet service,No internet service,No internet service,Two year,No,Mailed check,191.1,No
0292-WEGCH,Female,No,Yes,Yes,54,86.2,Yes,Yes,DSL,No,Yes,Yes,Yes,Yes,Yes,Month-to-month,Yes,Electronic check,4524.05,No
8910-ICHIU,Female,No,No,No,46,95.65,Yes,No,Fiber optic,Yes,Yes,Yes,No,Yes,No,One year,Yes,Credit card (automatic),4664.2,No
4097-YODCF,Male,No,No,Yes,34,103.8,Yes,Yes,Fiber optic,Yes,Yes,No,No,Yes,Yes,One year,Yes,Electronic check,3470.8,No
9715-WZCLW,Male,No,Yes,Yes,71,97.2,Yes,Yes,Fiber optic,Yes,No,No,No,Yes,Yes,Two year,Yes,Electronic check,6910.3,No
9786-YWNHU,Female,No,Yes,Yes,63,63.55,Yes,No,DSL,Yes,Yes,Yes,Yes,No,No,Two year,No,Mailed check,4014.2,No
6407-GSJNL,Female,No,No,No,51,24.95,Yes,Yes,No,No internet service,No internet service,No internet service,No internet service,No internet service,No internet service,Two year,No,Bank transfer (automatic),1288.0,No
6005-OBZPH,Female,Yes,No,No,26,89.15,Yes,Yes,Fiber optic,No,Yes,No,No,Yes,No,Month-to-month,Yes,Electronic check,2277.65,Yes
4049-ZPALD,Female,No,Yes,No,64,99.0,Yes,No,Fiber optic,Yes,No,Yes,No,Yes,Yes,Two year,Yes,Bank transfer (automatic),6375.8,No
7932-WPTDS,Female,Yes,Yes,No,1,24.8,No,No phone service,DSL,No,No,No,No,No,No,Month-to-month,Yes,Electronic check,24.8,Yes
3733-UOCWF,Male,Yes,Yes,No,61,85.55,Yes,Yes,Fiber optic,No,Yes,No,Yes,No,No,One year,Yes,Bank transfer (automatic),5251.75,No
6833-JMZYP,Female,No,No,No,15,94.0,Yes,No,Fiber optic,No,No,Yes,No,Yes,Yes,Month-to-month,Yes,Credit card (automatic),1505.45,No
2722-VOJQL,Male,No,No,No,64,105.65,Yes,Yes,Fiber optic,No,Yes,No,Yes,Yes,Yes,One year,Yes,Credit card (automatic),6903.1,Yes
1310-QRITU,Female,No,No,No,18,50.3,Yes,Yes,DSL,No,No,No,No,No,No,Month-to-month,Yes,Electronic check,913.3,No
8961-QDZZJ,Female,No,Yes,Yes,57,95.0,Yes,No,Fiber optic,No,Yes,No,No,Yes,Yes,One year,Yes,Electronic check,5535.8,No
9715-SBVSU,Male,No,Yes,Yes,14,61.4,Yes,No,DSL,Yes,Yes,No,No,No,Yes,Two year,Yes,Bank transfer (automatic),815.55,No
8490-BXHEO,Male,Yes,No,No,18,80.55,Yes,Yes,Fiber optic,No,Yes,No,No,No,No,Month-to-month,Yes,Credit card (automatic),1411.65,No
7173-TETGO,Female,Yes,Yes,No,72,78.5,Yes,Yes,Fiber optic,Yes,No,No,No,No,No,Two year,No,Bank transfer (automatic),5602.25,No
7929-SKFGK,Male,No,Yes,No,70,114.3,Yes,Yes,Fiber optic,Yes,Yes,Yes,Yes,Yes,Yes,Two year,No,Credit card (automatic),8244.3,No
2300-RQGOI,Female,No,No,No,38,20.05,Yes,No,No,No internet service,No internet service,No internet service,No internet service,No internet service,No internet service,Two year,No,Mailed check,741.5,No
3563-SVYLG,Male,No,Yes,Yes,68,62.65,Yes,No,DSL,Yes,Yes,Yes,Yes,No,No,Two year,No,Credit card (automatic),4375.8,No
5228-EXCET,Male,No,No,No,13,80.85,Yes,No,Fiber optic,No,No,No,No,No,Yes,Month-to-month,Yes,Electronic check,1008.7,Yes
6435-VWCCY,Male,Yes,Yes,No,65,92.7,Yes,Yes,Fiber optic,Yes,Yes,No,No,Yes,No,Two year,Yes,Credit card (automatic),5968.4,No
4998-IKFSE,Female,No,No,No,30,100.45,Yes,Yes,Fiber optic,No,No,Yes,No,Yes,Yes,Month-to-month,No,Electronic check,3096.9,No
8630-QSGXK,Male,No,Yes,No,51,75.2,Yes,Yes,DSL,No,No,No,Yes,Yes,Yes,Two year,Yes,Bank transfer (automatic),3901.25,No
2455-USLMV,Female,No,No,No,31,84.75,Yes,Yes,Fiber optic,Yes,No,Yes,No,No,No,Month-to-month,Yes,Credit card (automatic),2613.4,No
7394-FKDNK,Female,No,Yes,No,9,89.45,Yes,No,Fiber optic,No,No,No,No,Yes,Yes,Month-to-month,No,Electronic check,853.1,Yes
9488-FVZCC,Female,No,Yes,Yes,72,79.5,Yes,Yes,DSL,Yes,Yes,Yes,Yes,No,Yes,Two year,Yes,Bank transfer (automatic),5661.7,No
6331-LWDTQ,Male,No,No,No,10,72.15,Yes,Yes,DSL,No,No,No,No,Yes,Yes,Month-to-month,Yes,Credit card (automatic),794.25,Yes
5995-WWKKG,Female,No,No,No,37,19.8,Yes,No,No,No internet service,No internet service,No internet service,No internet service,No internet service,No internet service,One year,Yes,Electronic check,695.05,No
1597-FZREH,Female,No,No,No,2,76.4,Yes,No,DSL,No,No,Yes,Yes,Yes,Yes,Month-to-month,No,Electronic check,160.8,Yes
7879-CGSFV,Male,No,No,No,55,100.9,Yes,No,Fiber optic,Yes,Yes,No,No,Yes,Yes,One year,Yes,Mailed check,5552.05,No
9921-EZKBY,Male,No,No,Yes,33,95.3,Yes,Yes,Fiber optic,Yes,No,Yes,No,No,Yes,Month-to-month,Yes,Bank transfer (automatic),3275.15,No
7432-FFVAR,Female,No,Yes,Yes,46,90.95,Yes,No,Fiber optic,No,No,Yes,Yes,No,Yes,One year,No,Bank transfer (automatic),4236.6,No
7246-ZGQDF,Female,No,No,Yes,1,54.5,Yes,No,DSL,Yes,No,No,Yes,No,No,Month-to-month,No,Electronic check,54.5,No
7000-WCEVQ,Female,Yes,No,No,20,61.6,Yes,Yes,DSL,No,No,No,No,No,Yes,Month-to-month,Yes,Mailed check,1174.35,Yes
0727-IWKVK,Male,No,Yes,No,9,79.9,Yes,No,Fiber optic,No,Yes,Yes,No,No,No,Month-to-month,Yes,Electronic check,741.7,Yes
5959-BELXA,Male,Yes,No,No,32,96.15,Yes,Yes,Fiber optic,No,No,No,No,Yes,Yes,Month-to-month,Yes,Credit card (automatic),3019.25,Yes
4456-RHSNB,Female,No,Yes,Yes,19,49.6,Yes,No,DSL,No,No,Yes,No,No,No,Month-to-month,Yes,Bank transfer (automatic),962.9,No
3512-IZIKN,Female,No,Yes,No,70,65.3,Yes,Yes,DSL,Yes,No,Yes,Yes,No,No,Two year,No,Credit card (automatic),4759.75,Yes
2481-SBOYW,Female,No,No,Yes,61,25.0,Yes,Yes,No,No internet service,No internet service,No internet service,No internet service,No internet service,No internet service,Two year,Yes,Credit card (automatic),1498.35,No
7109-MFBYV,Male,No,No,No,26,45.45,Yes,No,DSL,No,No,No,No,No,No,Month-to-month,No,Electronic check,1233.15,No
1833-TCXKK,Male,No,Yes,No,45,107.75,Yes,Yes,Fiber optic,No,Yes,Yes,No,Yes,Yes,Month-to-month,Yes,Bank transfer (automatic),4882.8,No
1832-PEUTS,Male,No,Yes,Yes,62,89.1,Yes,Yes,Fiber optic,No,No,Yes,No,Yes,No,Two year,Yes,Credit card (automatic),5411.65,No
6141-OOXUQ,Male,No,No,No,1,19.65,Yes,No,No,No internet service,No internet service,No internet service,No internet service,No internet service,No internet service,Month-to-month,No,Mailed check,19.65,Yes
8660-BUETV,Female,No,No,No,3,44.75,Yes,No,DSL,No,No,No,No,No,No,Month-to-month,No,Mailed check,148.05,No
0580-PIQHM,Female,No,Yes,Yes,41,101.6,Yes,Yes,Fiber optic,Yes,Yes,Yes,No,No,Yes,One year,Yes,Bank transfer (automatic),3930.55,No
5696-CEIQJ,Male,No,Yes,Yes,67,103.15,Yes,No,Fiber optic,No,Yes,Yes,Yes,Yes,Yes,Two year,No,Bank transfer (automatic),6895.5,No
7503-ZGUZJ,Male,No,No,No,1,84.65,Yes,Yes,Fiber optic,No,No,No,No,Yes,No,Month-to-month,Yes,Mailed check,84.65,Yes
1696-HXOWK,Female,No,Yes,No,71,95.65,Yes,Yes,Fiber optic,Yes,Yes,No,No,Yes,No,One year,No,Mailed check,6856.95,No
3026-ATZYV,Female,No,Yes,Yes,37,75.1,Yes,No,DSL,Yes,Yes,No,No,Yes,Yes,One year,No,Bank transfer (automatic),2658.8,No
4012-YCFAI,Male,No,Yes,No,60,61.35,Yes,No,DSL,Yes,Yes,No,Yes,No,No,Two year,Yes,Mailed check,3766.2,No
2506-TNFCO,Female,Yes,Yes,No,1,69.55,Yes,No,Fiber optic,No,No,No,No,No,No,Month-to-month,Yes,Electronic check,69.55,Yes
9970-QBCDA,Female,No,No,No,6,19.7,Yes,No,No,No internet service,No internet service,No internet service,No internet service,No internet service,No internet service,Month-to-month,No,Credit card (automatic),129.55,No
8718-PTMEZ,Female,No,No,No,13,31.05,No,No phone service,DSL,No,Yes,No,No,No,No,Month-to-month,Yes,Electronic check,347.25,Yes
9496-IVVRP,Female,No,Yes,Yes,11,51.0,Yes,No,DSL,Yes,No,No,No,No,No,Month-to-month,No,Bank transfer (automatic),581.7,No
2207-OBZNX,Male,No,No,No,7,51.0,Yes,No,DSL,Yes,No,No,No,No,No,Month-to-month,Yes,Mailed check,354.05,Yes
2657-VPXTA,Female,No,Yes,Yes,10,88.85,Yes,No,Fiber optic,No,No,No,No,Yes,Yes,Month-to-month,Yes,Electronic check,929.45,No
6551-VLJMV,Male,No,Yes,No,34,20.05,Yes,No,No,No internet service,No internet service,No internet service,No internet service,No internet service,No internet service,Two year,No,Credit card (automatic),679.0,No
1221-GHZEP,Female,No,No,No,62,65.1,Yes,No,DSL,Yes,No,No,Yes,No,Yes,Two year,Yes,Mailed check,3846.75,No
9289-LBQVU,Male,No,Yes,No,64,70.15,Yes,Yes,DSL,No,Yes,No,Yes,No,Yes,One year,Yes,Mailed check,4480.7,No
6142-VSJQO,Female,No,Yes,Yes,1,44.35,Yes,No,DSL,No,No,No,No,No,No,Month-to-month,Yes,Bank transfer (automatic),44.35,Yes
3458-IDMFK,Male,No,No,No,25,20.75,Yes,No,No,No internet service,No internet service,No internet service,No internet service,No internet service,No internet service,Two year,Yes,Mailed check,499.4,No
6933-FHBZC,Female,No,No,No,26,56.05,Yes,No,DSL,No,Yes,Yes,No,No,No,One year,Yes,Mailed check,1553.2,No
0221-NAUXK,Male,No,No,Yes,10,19.95,Yes,No,No,No internet service,No internet service,No internet service,No internet service,No internet service,No internet service,One year,Yes,Bank transfer (automatic),219.5,No
9770-KXGQU,Female,No,No,No,53,98.6,Yes,Yes,Fiber optic,Yes,Yes,Yes,No,Yes,No,One year,No,Mailed check,5311.85,No
6437-UKHMV,Female,No,No,No,7,79.7,Yes,No,Fiber optic,No,No,No,No,Yes,No,Month-to-month,Yes,Electronic check,586.05,Yes
6538-POCHL,Male,No,No,No,33,79.0,Yes,No,Fiber optic,No,Yes,Yes,No,No,No,Month-to-month,Yes,Credit card (automatic),2576.8,No
6726-NNFWD,Female,Yes,Yes,No,71,89.45,Yes,No,Fiber optic,No,Yes,Yes,No,No,Yes,Two year,No,Credit card (automatic),6435.25,No
3002-WQZWT,Female,No,No,No,29,74.2,Yes,Yes,Fiber optic,No,No,No,No,No,No,Month-to-month,Yes,Electronic check,1993.25,No
4277-UDIEF,Male,No,Yes,Yes,24,81.0,Yes,Yes,DSL,Yes,No,No,Yes,Yes,Yes,Month-to-month,No,Bank transfer (automatic),1923.85,No
1208-NBVFH,Male,No,Yes,Yes,20,49.6,Yes,No,DSL,No,No,Yes,No,No,No,Month-to-month,Yes,Electronic check,939.8,No
4912-PIGUY,Female,No,No,No,1,84.6,Yes,Yes,Fiber optic,No,No,No,No,Yes,No,Month-to-month,Yes,Electronic check,84.6,No
1114-CENIM,Male,No,No,Yes,54,55.0,Yes,Yes,DSL,No,Yes,No,No,No,No,Month-to-month,Yes,Credit card (automatic),3092.65,Yes
6060-DRTNL,Female,Yes,No,No,5,84.85,Yes,No,Fiber optic,No,No,Yes,No,Yes,No,Month-to-month,Yes,Mailed check,415.55,Yes
2725-TTRIQ,Female,No,Yes,Yes,72,84.2,Yes,Yes,DSL,Yes,No,Yes,Yes,Yes,Yes,Two year,Yes,Bank transfer (automatic),5986.55,No
3374-TTZTK,Male,No,Yes,No,52,106.3,Yes,No,Fiber optic,Yes,Yes,Yes,Yes,Yes,Yes,Two year,Yes,Electronic check,5487.0,No
8990-ZXLSU,Female,No,No,No,9,69.05,Yes,No,Fiber optic,No,No,No,No,No,No,Month-to-month,No,Electronic check,651.5,No
2275-RBYQS,Female,No,No,No,1,45.4,Yes,No,DSL,No,No,No,No,No,No,Month-to-month,Yes,Mailed check,45.4,No
8473-VUVJN,Male,Yes,No,No,1,73.65,Yes,Yes,Fiber optic,No,No,No,No,No,No,Month-to-month,Yes,Electronic check,73.65,Yes
6289-CPNLD,Male,No,Yes,Yes,33,73.9,Yes,No,DSL,No,No,Yes,Yes,Yes,Yes,One year,Yes,Mailed check,2405.05,Yes
5536-SLHPM,Female,No,Yes,No,55,77.75,Yes,Yes,Fiber optic,No,No,Yes,No,No,No,Month-to-month,Yes,Electronic check,4458.15,Yes
4419-UJMUS,Male,No,Yes,Yes,69,99.35,Yes,Yes,Fiber optic,No,No,No,Yes,Yes,Yes,Two year,Yes,Electronic check,6856.45,No
7794-JASDG,Male,No,No,No,1,50.75,Yes,No,DSL,Yes,No,No,No,No,No,Month-to-month,Yes,Mailed check,50.75,No
7609-YBPXG,Male,No,No,No,54,87.1,Yes,Yes,DSL,Yes,No,Yes,Yes,Yes,Yes,Two year,No,Bank transfer (automatic),4735.2,No
5519-TEEUH,Male,No,No,Yes,33,20.15,Yes,No,No,No internet service,No internet service,No internet service,No internet service,No internet service,No internet service,One year,Yes,Mailed check,682.15,No
7856-GANIL,Male,Yes,Yes,No,45,98.7,Yes,Yes,Fiber optic,No,Yes,Yes,Yes,Yes,No,One year,Yes,Bank transfer (automatic),4525.8,No
0804-XBFBV,Female,No,No,Yes,11,25.2,No,No phone service,DSL,No,No,No,No,No,No,Month-to-month,No,Electronic check,321.05,No
2676-OXPPQ,Male,No,No,No,6,55.7,Yes,No,DSL,Yes,Yes,No,No,No,No,Month-to-month,Yes,Bank transfer (automatic),335.65,No
3703-TTEPD,Male,No,No,No,21,65.35,Yes,No,DSL,Yes,No,Yes,No,Yes,No,Month-to-month,No,Bank transfer (automatic),1424.4,No
2799-TSLAG,Female,No,Yes,Yes,65,25.3,Yes,Yes,No,No internet service,No internet service,No internet service,No internet service,No internet service,No internet service,Two year,Yes,Bank transfer (automatic),1748.55,No
0196-VULGZ,Female,Yes,Yes,No,6,84.35,Yes,Yes,Fiber optic,No,No,No,No,No,Yes,Month-to-month,Yes,Electronic check,474.9,Yes
8837-VVWLQ,Female,No,No,No,8,84.95,Yes,No,Fiber optic,Yes,No,No,No,Yes,No,Month-to-month,No,Electronic check,668.4,Yes
2696-NARTR,Male,No,No,No,11,73.85,Yes,No,Fiber optic,No,No,No,Yes,No,No,Month-to-month,Yes,Electronic check,926.25,Yes
2208-NKVVH,Male,No,Yes,Yes,43,24.25,Yes,Yes,No,No internet service,No internet service,No internet service,No internet service,No internet service,No internet service,Two year,No,Mailed check,1077.95,No
7614-QVWQL,Male,No,Yes,Yes,49,51.8,No,No phone service,DSL,No,Yes,No,No,Yes,Yes,One year,Yes,Bank transfer (automatic),2541.25,Yes
1976-CFOCS,Female,Yes,Yes,No,1,46.0,Yes,No,DSL,No,No,No,No,No,No,Month-to-month,No,Electronic check,46.0,Yes
4631-OACRM,Male,Yes,No,No,15,79.4,Yes,No,Fiber optic,No,No,No,No,No,Yes,Month-to-month,Yes,Electronic check,1156.1,Yes
7139-JZFVG,Male,No,Yes,Yes,60,60.5,Yes,No,DSL,Yes,Yes,Yes,No,No,No,Two year,No,Bank transfer (automatic),3694.45,No
4987-GQWPO,Male,No,No,No,17,25.1,No,No phone service,DSL,No,No,No,No,No,No,Month-to-month,No,Credit card (automatic),382.8,No
3755-JBMNH,Male,Yes,Yes,No,16,71.8,Yes,No,Fiber optic,No,No,No,No,No,No,Month-to-month,Yes,Bank transfer (automatic),1167.8,Yes
1757-TCATG,Male,No,Yes,Yes,35,20.05,Yes,No,No,No internet service,No internet service,No internet service,No internet service,No internet service,No internet service,One year,No,Bank transfer (automatic),746.75,No
6345-ULYRW,Male,Yes,Yes,No,44,88.4,Yes,Yes,Fiber optic,No,Yes,No,No,No,Yes,One year,No,Mailed check,3912.9,Yes
4776-XSKYQ,Female,No,Yes,Yes,12,30.25,No,No phone service,DSL,No,No,No,Yes,No,No,One year,No,Credit card (automatic),368.85,No
8048-DSDFQ,Male,No,No,No,1,20.2,Yes,No,No,No internet service,No internet service,No internet service,No internet service,No internet service,No internet service,Month-to-month,No,Mailed check,20.2,No
5753-QQWPW,Female,No,No,No,28,59.9,Yes,No,DSL,Yes,Yes,No,Yes,No,No,One year,Yes,Electronic check,1654.7,No
6010-DDPPW,Male,No,Yes,No,70,25.15,Yes,Yes,No,No internet service,No internet service,No internet service,No internet service,No internet service,No internet service,Two year,No,Bank transfer (automatic),1940.85,No
1809-DMJHQ,Female,No,No,Yes,5,46.0,Yes,No,DSL,No,No,No,No,No,No,Month-to-month,No,Mailed check,221.7,Yes
6693-FRIRW,Male,No,No,No,18,101.3,Yes,No,Fiber optic,No,Yes,Yes,No,Yes,Yes,Month-to-month,No,Credit card (automatic),1794.65,No
6586-MYGKD,Male,No,Yes,No,70,76.95,Yes,Yes,DSL,Yes,No,No,Yes,Yes,Yes,Two year,Yes,Credit card (automatic),5289.8,No
3173-NVMPX,Female,No,Yes,Yes,9,55.3,Yes,Yes,DSL,No,Yes,No,No,No,No,Month-to-month,Yes,Mailed check,501.2,No
0248-PGHBZ,Female,Yes,No,No,67,92.45,Yes,No,Fiber optic,Yes,Yes,No,Yes,Yes,No,Two year,Yes,Bank transfer (automatic),6140.85,No
0623-GDISB,Female,No,No,No,1,48.45,Yes,No,DSL,Yes,No,No,No,No,No,Month-to-month,Yes,Bank transfer (automatic),48.45,No
2892-GESUL,Female,No,Yes,Yes,18,19.35,Yes,No,No,No internet service,No internet service,No internet service,No internet service,No internet service,No internet service,Two year,No,Mailed check,309.25,No
6923-EFPNL,Male,No,No,No,4,51.75,Yes,Yes,DSL,No,No,No,No,No,No,Month-to-month,No,Credit card (automatic),201.1,Yes
7472-EQOAV,Male,Yes,Yes,Yes,71,86.7,Yes,No,Fiber optic,Yes,Yes,Yes,No,No,No,One year,Yes,Bank transfer (automatic),6179.35,No
9574-RKJIF,Male,No,Yes,Yes,30,94.4,Yes,Yes,Fiber optic,Yes,Yes,No,No,Yes,No,Month-to-month,Yes,Electronic check,2838.7,Yes
2043-WVTQJ,Male,No,Yes,No,1,55.7,Yes,No,DSL,Yes,No,Yes,No,No,No,Month-to-month,No,Mailed check,55.7,No
8034-RYTVV,Female,No,No,No,55,84.25,Yes,Yes,Fiber optic,Yes,No,Yes,No,No,No,One year,Yes,Credit card (automatic),4589.85,No
3863-QSTYI,Male,No,No,No,59,64.65,Yes,No,DSL,No,No,Yes,Yes,Yes,No,Month-to-month,Yes,Electronic check,3735.45,No
2619-WFQWU,Female,No,No,No,1,70.15,Yes,No,Fiber optic,No,No,No,No,No,No,Month-to-month,Yes,Mailed check,70.15,Yes
5044-LRQAQ,Female,No,Yes,No,7,69.2,Yes,No,Fiber optic,No,No,No,No,No,No,Month-to-month,Yes,Bank transfer (automatic),477.55,No
1716-LSAMB,Male,No,Yes,Yes,45,54.65,Yes,No,DSL,Yes,No,No,Yes,No,No,Two year,No,Bank transfer (automatic),2553.7,No
1333-PBMXB,Female,No,Yes,Yes,54,24.75,Yes,Yes,No,No internet service,No internet service,No internet service,No internet service,No internet service,No internet service,One year,Yes,Bank transfer (automatic),1342.15,No
6546-OPBBH,Male,No,Yes,Yes,51,23.95,Yes,Yes,No,No internet service,No internet service,No internet service,No internet service,No internet service,No internet service,One year,Yes,Mailed check,1216.35,No
5985-BEHZK,Female,Yes,Yes,No,72,105.0,Yes,Yes,Fiber optic,No,Yes,Yes,No,Yes,Yes,One year,No,Credit card (automatic),7578.05,No
9127-QRZMH,Male,No,Yes,No,44,59.85,Yes,No,DSL,Yes,Yes,No,Yes,No,No,One year,Yes,Bank transfer (automatic),2603.95,No
5919-VCZYM,Male,No,No,No,2,20.05,Yes,No,No,No internet service,No internet service,No internet service,No internet service,No internet service,No internet service,Month-to-month,No,Mailed check,42.7,No
9644-KVCNC,Female,No,No,No,66,92.15,Yes,Yes,Fiber optic,No,No,Yes,No,Yes,No,One year,Yes,Bank transfer (automatic),6056.9,No
2137-DQMEV,Male,No,Yes,Yes,68,44.8,No,No phone service,DSL,Yes,Yes,No,No,Yes,No,One year,No,Mailed check,2983.65,No
8174-LNWMW,Female,No,No,No,31,20.9,Yes,No,No,No internet service,No internet service,No internet service,No internet service,No internet service,No internet service,Two year,No,Credit card (automatic),689.35,No
9279-CJEOJ,Female,Yes,No,No,21,95.4,Yes,Yes,Fiber optic,No,No,No,No,Yes,Yes,Month-to-month,Yes,Bank transfer (automatic),2025.1,No
7964-VEXDG,Male,No,No,Yes,21,80.35,Yes,Yes,Fiber optic,Yes,No,No,No,No,No,Month-to-month,No,Electronic check,1747.2,No
2404-JIBFC,Female,No,Yes,Yes,55,85.1,Yes,Yes,DSL,Yes,No,Yes,Yes,Yes,Yes,Two year,Yes,Bank transfer (automatic),4657.95,No
0778-NELLA,Male,No,No,No,9,34.7,No,No phone service,DSL,No,No,No,No,Yes,No,Month-to-month,Yes,Credit card (automatic),296.1,Yes
8029-XYPWT,Male,Yes,Yes,No,71,115.05,Yes,Yes,Fiber optic,Yes,Yes,Yes,Yes,Yes,Yes,Two year,Yes,Bank transfer (automatic),8016.6,No
4614-NUVZD,Female,No,No,No,1,81.1,Yes,No,Fiber optic,No,No,No,No,No,Yes,Month-to-month,Yes,Electronic check,81.1,Yes
4632-PAOYU,Male,No,Yes,Yes,22,19.95,Yes,No,No,No internet service,No internet service,No internet service,No internet service,No internet service,No internet service,One year,No,Mailed check,433.5,No
3803-KMQFW,Female,No,Yes,Yes,1,20.55,Yes,No,No,No internet service,No internet service,No internet service,No internet service,No internet service,No internet service,Month-to-month,No,Mailed check,20.55,Yes
6804-GDMOI,Female,No,No,No,61,106.6,Yes,Yes,Fiber optic,No,No,Yes,Yes,Yes,Yes,Two year,Yes,Electronic check,6428.4,Yes
2990-OGYTD,Female,No,Yes,No,67,86.15,Yes,Yes,DSL,No,Yes,Yes,Yes,Yes,Yes,Two year,No,Bank transfer (automatic),5883.85,No
6646-JPPHA,Female,Yes,No,No,14,78.85,Yes,No,Fiber optic,Yes,Yes,No,No,No,No,Month-to-month,No,Electronic check,1043.8,No
9572-MTILT,Male,No,Yes,No,59,106.75,Yes,Yes,Fiber optic,Yes,Yes,Yes,Yes,Yes,No,Month-to-month,Yes,Electronic check,6252.9,Yes
7658-UYUQS,Male,Yes,Yes,No,21,86.55,Yes,No,Fiber optic,No,No,Yes,No,Yes,No,Month-to-month,No,Bank transfer (automatic),1857.25,No
7880-XSOJX,Male,No,No,No,4,42.4,No,No phone service,DSL,Yes,Yes,No,Yes,No,No,Month-to-month,No,Mailed check,146.4,No
9611-CTWIH,Female,No,No,No,3,89.45,Yes,No,Fiber optic,No,No,No,No,Yes,Yes,Month-to-month,Yes,Electronic check,240.45,Yes
4589-IUAJB,Male,No,Yes,No,70,24.25,Yes,Yes,No,No internet service,No internet service,No internet service,No internet service,No internet service,No internet service,Two year,No,Bank transfer (automatic),1724.15,No
0329-GTIAJ,Female,No,No,No,3,97.9,Yes,No,Fiber optic,No,Yes,No,Yes,Yes,Yes,Month-to-month,Yes,Electronic check,315.3,Yes
8746-BFOAJ,Male,Yes,No,No,21,20.5,Yes,No,No,No internet service,No internet service,No internet service,No internet service,No internet service,No internet service,One year,No,Bank transfer (automatic),429.55,No
8457-XIGKN,Male,No,No,No,20,19.6,Yes,No,No,No internet service,No internet service,No internet service,No internet service,No internet service,No internet service,Month-to-month,Yes,Credit card (automatic),356.15,No
6072-NUQCB,Male,No,Yes,Yes,22,20.25,Yes,No,No,No internet service,No internet service,No internet service,No internet service,No internet service,No internet service,One year,No,Bank transfer (automatic),488.25,No
6629-CZTTH,Male,No,No,No,1,55.7,Yes,No,DSL,No,No,No,No,No,Yes,Month-to-month,Yes,Mailed check,55.7,Yes
8838-GPHZP,Female,No,No,No,63,20.6,Yes,No,No,No internet service,No internet service,No internet service,No internet service,No internet service,No internet service,Two year,Yes,Mailed check,1298.7,No
8750-QWZAJ,Female,No,Yes,Yes,70,19.8,Yes,No,No,No internet service,No internet service,No internet service,No internet service,No internet service,No internet service,Two year,No,Bank transfer (automatic),1378.75,No
5364-EVNIB,Male,No,No,No,13,79.8,Yes,No,Fiber optic,No,Yes,Yes,No,No,No,Month-to-month,Yes,Electronic check,973.45,Yes
6918-UMQCG,Female,No,No,No,5,80.2,Yes,No,Fiber optic,No,No,No,No,Yes,No,Month-to-month,No,Electronic check,384.25,No
0675-NCDYU,Female,No,Yes,Yes,72,116.4,Yes,Yes,Fiber optic,Yes,Yes,Yes,Yes,Yes,Yes,Two year,Yes,Credit card (automatic),8543.25,No
6339-DKLMK,Female,No,No,No,13,31.65,No,No phone service,DSL,No,Yes,No,No,No,No,Month-to-month,Yes,Electronic check,389.95,No
1346-PJWTK,Male,No,Yes,No,61,94.15,Yes,No,Fiber optic,No,Yes,Yes,Yes,No,Yes,Month-to-month,No,Credit card (automatic),5731.85,No
5088-QZLRL,Male,No,No,No,1,20.65,Yes,No,No,No internet service,No internet service,No internet service,No internet service,No internet service,No internet service,Month-to-month,No,Electronic check,20.65,No
8023-QHAIO,Female,Yes,Yes,No,56,76.85,Yes,Yes,Fiber optic,No,No,No,Yes,No,No,Month-to-month,Yes,Bank transfer (automatic),4275.75,No
4397-FRLTA,Female,No,No,No,4,20.15,Yes,No,No,No internet service,No internet service,No internet service,No internet service,No internet service,No internet service,Month-to-month,No,Mailed check,84.5,No
3057-VJJQE,Male,No,No,No,35,55.25,Yes,Yes,DSL,Yes,No,No,No,No,No,Two year,No,Mailed check,1924.1,No
5087-SUURX,Female,No,Yes,No,18,39.05,No,No phone service,DSL,No,No,Yes,No,Yes,No,Month-to-month,Yes,Electronic check,669.85,Yes
2302-OUZXB,Male,No,Yes,No,72,82.15,Yes,Yes,DSL,No,Yes,Yes,No,Yes,Yes,Two year,No,Bank transfer (automatic),5784.3,No
8133-ANHHJ,Female,Yes,No,No,49,103.0,Yes,Yes,Fiber optic,Yes,Yes,Yes,Yes,No,Yes,One year,No,Bank transfer (automatic),5166.2,No
2270-CHBFN,Female,No,Yes,No,44,95.1,Yes,Yes,Fiber optic,Yes,Yes,Yes,Yes,No,No,Month-to-month,Yes,Credit card (automatic),4060.55,No
0013-EXCHZ,Female,Yes,Yes,No,3,83.9,Yes,No,Fiber optic,No,No,No,Yes,Yes,No,Month-to-month,Yes,Mailed check,267.4,Yes
5982-FPVQN,Female,No,Yes,Yes,37,95.15,Yes,Yes,Fiber optic,No,Yes,Yes,No,No,Yes,Month-to-month,Yes,Electronic check,3532.85,No
9107-UKCKY,Male,No,Yes,No,61,79.8,Yes,Yes,DSL,No,Yes,Yes,No,Yes,Yes,One year,Yes,Electronic check,4914.8,No
4654-ULTTN,Male,No,Yes,No,70,74.8,Yes,Yes,DSL,Yes,No,Yes,Yes,No,Yes,Two year,Yes,Credit card (automatic),5315.8,No
5550-VFRLC,Female,Yes,No,No,1,69.85,Yes,No,Fiber optic,No,No,No,No,No,No,Month-to-month,Yes,Electronic check,69.85,Yes
5546-BYZSM,Female,No,No,No,41,20.45,Yes,No,No,No internet service,No internet service,No internet service,No internet service,No internet service,No internet service,Month-to-month,No,Electronic check,775.6,No
1492-KGETH,Male,No,Yes,Yes,70,78.35,Yes,Yes,DSL,Yes,Yes,Yes,Yes,No,Yes,One year,No,Bank transfer (automatic),5445.95,No
4929-BSTRX,Female,No,No,No,1,53.55,Yes,No,DSL,No,No,No,No,Yes,No,Month-to-month,Yes,Mailed check,53.55,Yes
4163-HFTUK,Male,No,No,No,51,19.1,Yes,No,No,No internet service,No internet service,No internet service,No internet service,No internet service,No internet service,One year,No,Electronic check,1007.8,No
8215-NGSPE,Female,No,Yes,Yes,42,20.0,Yes,No,No,No internet service,No internet service,No internet service,No internet service,No internet service,No internet service,Two year,No,Mailed check,833.55,No
2225-ZRGSG,Female,No,Yes,Yes,70,93.9,Yes,Yes,Fiber optic,Yes,Yes,Yes,Yes,No,No,Two year,No,Bank transfer (automatic),6579.05,Yes
8859-YSTWS,Male,No,No,No,48,19.95,Yes,No,No,No internet service,No internet service,No internet service,No internet service,No internet service,No internet service,One year,No,Bank transfer (automatic),1004.5,No
5271-YNWVR,Male,No,Yes,Yes,68,113.15,Yes,Yes,Fiber optic,Yes,Yes,Yes,Yes,Yes,Yes,Two year,Yes,Electronic check,7856.0,Yes
7601-DHFWZ,Female,No,No,No,48,24.0,Yes,Yes,No,No internet service,No internet service,No internet service,No internet service,No internet service,No internet service,Two year,No,Credit card (automatic),1183.05,No
2657-ALMWY,Female,Yes,Yes,No,26,84.95,Yes,No,Fiber optic,No,Yes,No,No,No,Yes,Month-to-month,No,Electronic check,2169.75,Yes
6330-JKLPC,Male,No,Yes,No,11,80.5,Yes,Yes,Fiber optic,No,Yes,No,No,No,No,Month-to-month,Yes,Bank transfer (automatic),896.9,Yes
4667-OHGKG,Male,No,No,No,1,19.3,Yes,No,No,No internet service,No internet service,No internet service,No internet service,No internet service,No internet service,Month-to-month,Yes,Mailed check,19.3,Yes
1998-VHJHK,Female,No,No,No,27,19.15,Yes,No,No,No internet service,No internet service,No internet service,No internet service,No internet service,No internet service,One year,No,Mailed check,501.35,No
1707-HABPF,Female,Yes,No,No,46,91.3,Yes,No,Fiber optic,No,Yes,Yes,No,Yes,No,One year,Yes,Bank transfer (automatic),4126.35,No
1660-HSOOQ,Male,No,No,No,1,49.65,Yes,No,DSL,No,No,Yes,No,No,No,Month-to-month,Yes,Mailed check,49.65,Yes
7253-UVNDW,Female,No,No,No,46,54.35,Yes,No,DSL,No,No,Yes,Yes,No,No,Two year,No,Credit card (automatic),2460.15,Yes
0487-VVUVK,Male,No,Yes,Yes,25,19.15,Yes,No,No,No internet service,No internet service,No internet service,No internet service,No internet service,No internet service,Month-to-month,Yes,Mailed check,477.6,No
7228-OMTPN,Male,No,No,No,4,88.45,Yes,No,Fiber optic,No,No,No,No,Yes,Yes,Month-to-month,Yes,Electronic check,370.65,Yes
5063-IUOKK,Male,No,No,No,13,19.75,Yes,No,No,No internet service,No internet service,No internet service,No internet service,No internet service,No internet service,Two year,No,Mailed check,265.75,No
4508-OEBEY,Male,No,Yes,No,31,75.5,Yes,No,DSL,Yes,Yes,Yes,Yes,No,Yes,One year,Yes,Credit card (automatic),2424.45,No
0027-KWYKW,Female,No,Yes,Yes,23,83.75,Yes,Yes,Fiber optic,No,No,No,No,Yes,No,Month-to-month,Yes,Electronic check,1849.95,No
2308-STERM,Female,No,No,No,2,19.4,Yes,No,No,No internet service,No internet service,No internet service,No internet service,No internet service,No internet service,Month-to-month,No,Mailed check,61.05,No
5982-XMDEX,Female,No,No,No,65,26.5,Yes,Yes,No,No internet service,No internet service,No internet service,No internet service,No internet service,No internet service,Two year,No,Bank transfer (automatic),1698.55,No
6284-AHOOQ,Male,Yes,No,No,22,90.5,Yes,Yes,Fiber optic,No,No,No,Yes,Yes,No,Month-to-month,Yes,Bank transfer (automatic),1910.6,Yes
6051-PTVNS,Female,No,Yes,Yes,55,19.15,Yes,No,No,No internet service,No internet service,No internet service,No internet service,No internet service,No internet service,One year,No,Credit card (automatic),998.1,No
2344-JMOGN,Male,No,Yes,No,9,94.85,Yes,No,Fiber optic,No,Yes,Yes,Yes,Yes,No,Month-to-month,Yes,Mailed check,890.6,Yes
3799-ISUZQ,Male,No,Yes,Yes,7,69.95,Yes,No,Fiber optic,No,No,No,No,No,No,Month-to-month,Yes,Bank transfer (automatic),529.5,Yes
2877-VDUER,Female,No,Yes,Yes,35,40.9,No,No phone service,DSL,No,No,No,Yes,Yes,No,One year,No,Mailed check,1383.6,No
9152-AMKAK,Male,No,No,No,6,80.25,Yes,No,DSL,Yes,No,Yes,Yes,Yes,Yes,Two year,Yes,Mailed check,493.4,No
1794-HBQTJ,Female,No,No,No,1,48.6,Yes,No,DSL,Yes,No,No,No,No,No,Month-to-month,Yes,Credit card (automatic),48.6,Yes
9432-VOFYX,Male,No,No,No,17,70.8,Yes,No,Fiber optic,No,No,No,No,No,No,Month-to-month,Yes,Electronic check,1207.0,No
8049-WJCLQ,Male,No,Yes,Yes,10,60.2,Yes,No,DSL,No,No,Yes,No,Yes,No,Month-to-month,No,Mailed check,563.5,No
6586-PSJOX,Male,No,No,Yes,15,55.2,Yes,No,DSL,No,No,Yes,Yes,No,No,One year,No,Credit card (automatic),864.55,No
2460-FPSYH,Female,Yes,No,No,40,55.8,No,No phone service,DSL,Yes,Yes,No,No,Yes,Yes,Month-to-month,Yes,Electronic check,2109.35,Yes
9705-ZJBCG,Female,No,Yes,Yes,13,54.15,Yes,No,DSL,Yes,No,No,Yes,No,No,One year,No,Bank transfer (automatic),701.05,No
4818-DRBQT,Male,No,Yes,No,29,80.15,Yes,Yes,Fiber optic,No,Yes,No,No,No,No,Month-to-month,Yes,Bank transfer (automatic),2265.25,Yes
1320-HTRDR,Female,No,No,No,3,75.5,Yes,Yes,Fiber optic,No,No,No,No,No,No,Month-to-month,Yes,Electronic check,220.6,Yes
6847-KJLTS,Female,Yes,Yes,No,58,100.4,Yes,Yes,Fiber optic,No,No,No,Yes,Yes,Yes,Month-to-month,Yes,Bank transfer (automatic),5749.8,No
9670-BPNXF,Female,No,No,No,45,62.55,Yes,No,DSL,Yes,Yes,No,Yes,No,No,One year,Yes,Credit card (automatic),2796.45,No
3913-FCUUW,Female,No,Yes,Yes,72,70.45,Yes,Yes,DSL,Yes,Yes,Yes,Yes,No,No,Two year,Yes,Bank transfer (automatic),5165.7,No
3301-VKTGC,Male,No,Yes,Yes,68,85.5,Yes,Yes,Fiber optic,Yes,Yes,No,No,No,No,One year,Yes,Bank transfer (automatic),5696.6,No
1493-AMTIE,Male,No,No,No,1,20.2,Yes,No,No,No internet service,No internet service,No internet service,No internet service,No internet service,No internet service,Month-to-month,Yes,Bank transfer (automatic),20.2,Yes
9555-SAHUZ,Female,No,Yes,Yes,38,54.5,Yes,No,DSL,Yes,Yes,No,No,No,No,Month-to-month,No,Electronic check,2076.05,No
0816-TSPHQ,Male,No,No,No,2,20.75,Yes,No,No,No internet service,No internet service,No internet service,No internet service,No internet service,No internet service,Month-to-month,No,Mailed check,44.2,No
9932-WBWIK,Male,No,No,No,11,20.35,Yes,No,No,No internet service,No internet service,No internet service,No internet service,No internet service,No internet service,Month-to-month,No,Mailed check,215.25,No
4619-EVPHY,Female,Yes,Yes,No,20,91.0,Yes,No,Fiber optic,No,No,No,No,Yes,Yes,One year,Yes,Bank transfer (automatic),1859.5,No
5286-YHCVC,Male,No,Yes,No,72,104.8,Yes,Yes,Fiber optic,No,Yes,Yes,No,Yes,Yes,Two year,Yes,Bank transfer (automatic),7470.1,No
6424-ELEYH,Female,No,Yes,No,3,74.75,Yes,Yes,Fiber optic,No,No,No,No,No,No,Month-to-month,Yes,Credit card (automatic),229.5,Yes
4391-RESHN,Male,No,No,No,23,104.05,Yes,Yes,Fiber optic,No,No,Yes,Yes,Yes,Yes,Month-to-month,Yes,Mailed check,2470.1,Yes
9115-YQHGA,Male,No,No,No,40,51.1,Yes,No,DSL,No,No,No,Yes,No,No,Month-to-month,Yes,Electronic check,2092.9,No
4462-CYWMH,Male,Yes,Yes,No,62,89.8,Yes,Yes,Fiber optic,No,Yes,No,No,No,Yes,Month-to-month,Yes,Bank transfer (automatic),5629.55,No
8963-MQVYN,Female,No,No,Yes,22,20.55,Yes,No,No,No internet service,No internet service,No internet service,No internet service,No internet service,No internet service,Month-to-month,Yes,Electronic check,469.85,No
2458-EOMRE,Female,No,No,No,11,64.05,Yes,No,DSL,Yes,No,Yes,No,No,Yes,Month-to-month,No,Bank transfer (automatic),733.95,No
9334-GWGOW,Male,Yes,Yes,No,7,74.85,Yes,Yes,Fiber optic,No,No,No,No,No,No,Month-to-month,Yes,Electronic check,485.25,No
6821-BUXUX,Female,No,No,No,13,96.65,Yes,Yes,Fiber optic,Yes,Yes,No,No,Yes,No,Month-to-month,Yes,Electronic check,1244.5,Yes
5028-HTLJB,Male,Yes,No,No,1,20.05,Yes,No,No,No internet service,No internet service,No internet service,No internet service,No internet service,No internet service,Month-to-month,No,Mailed check,20.05,Yes
9801-GDWGV,Female,No,No,No,39,103.45,Yes,Yes,Fiber optic,No,Yes,Yes,No,Yes,Yes,Month-to-month,Yes,Electronic check,3994.45,Yes
6542-LWGXJ,Male,No,Yes,No,3,25.0,No,No phone service,DSL,No,No,No,No,No,No,Month-to-month,No,Mailed check,78.25,No
5567-GZKQY,Male,No,No,No,58,20.3,Yes,No,No,No internet service,No internet service,No internet service,No internet service,No internet service,No internet service,Two year,No,Credit card (automatic),1131.5,No
1222-LRYKO,Male,No,No,Yes,6,26.35,Yes,Yes,No,No internet service,No internet service,No internet service,No internet service,No internet service,No internet service,Month-to-month,No,Mailed check,184.05,No
2320-JRSDE,Female,No,Yes,Yes,1,19.9,Yes,No,No,No internet service,No internet service,No internet service,No internet service,No internet service,No internet service,Month-to-month,Yes,Electronic check,19.9,Yes
2087-QAREY,Female,No,Yes,No,22,54.7,Yes,No,DSL,No,Yes,Yes,No,No,No,Month-to-month,Yes,Mailed check,1178.75,No
0601-WZHJF,Male,No,Yes,No,14,46.35,No,No phone service,DSL,No,No,No,No,Yes,Yes,Month-to-month,No,Electronic check,667.7,Yes
4423-JWZJN,Male,No,Yes,Yes,64,90.25,Yes,Yes,Fiber optic,No,No,Yes,No,No,Yes,One year,No,Credit card (automatic),5629.15,No
5143-WMWOG,Male,No,No,No,1,19.95,Yes,No,No,No internet service,No internet service,No internet service,No internet service,No internet service,No internet service,Month-to-month,No,Electronic check,19.95,Yes
6490-FGZAT,Male,No,No,No,6,20.65,Yes,No,No,No internet service,No internet service,No internet service,No internet service,No internet service,No internet service,Month-to-month,No,Mailed check,109.3,No
5393-RXQSZ,Male,No,No,No,1,79.6,Yes,No,Fiber optic,No,No,No,No,No,Yes,Month-to-month,No,Electronic check,79.6,Yes
7452-FOLON,Male,No,No,Yes,39,25.45,Yes,Yes,No,No internet service,No internet service,No internet service,No internet service,No internet service,No internet service,One year,No,Bank transfer (automatic),958.45,No
2320-TZRRH,Female,No,No,No,20,19.5,Yes,No,No,No internet service,No internet service,No internet service,No internet service,No internet service,No internet service,One year,No,Mailed check,403.15,No
0231-LXVAP,Male,No,No,No,1,75.9,Yes,No,Fiber optic,No,No,No,Yes,No,No,Month-to-month,Yes,Electronic check,75.9,Yes
9444-JTXHZ,Male,No,Yes,No,1,76.2,Yes,No,Fiber optic,No,No,Yes,No,No,No,Month-to-month,No,Electronic check,76.2,Yes
4942-VZZOM,Male,No,Yes,No,64,66.15,Yes,Yes,DSL,Yes,No,No,No,Yes,No,One year,Yes,Credit card (automatic),4392.5,No
5510-BOIUJ,Male,No,No,Yes,1,19.25,Yes,No,No,No internet service,No internet service,No internet service,No internet service,No internet service,No internet service,Month-to-month,No,Mailed check,19.25,Yes
7502-BNYGS,Female,No,Yes,No,46,69.1,Yes,No,DSL,No,Yes,No,No,Yes,Yes,Month-to-month,Yes,Credit card (automatic),3168.0,No
4291-HYEBC,Female,Yes,Yes,Yes,28,39.1,No,No phone service,DSL,No,Yes,No,No,No,Yes,One year,Yes,Electronic check,1096.6,No
6147-CBCRA,Female,No,Yes,No,33,20.05,Yes,No,No,No internet service,No internet service,No internet service,No internet service,No internet service,No internet service,Month-to-month,No,Mailed check,669.45,No
6047-SUHPR,Male,No,Yes,Yes,39,59.8,Yes,No,DSL,Yes,Yes,Yes,No,No,No,One year,No,Electronic check,2343.85,No
4471-KXAUH,Female,No,Yes,No,42,84.3,Yes,Yes,Fiber optic,No,No,Yes,Yes,No,No,Month-to-month,Yes,Electronic check,3588.4,Yes
9752-ZNQUT,Female,No,No,No,1,48.6,Yes,No,DSL,No,Yes,No,No,No,No,Month-to-month,Yes,Electronic check,48.6,No
7638-QVMVY,Female,No,No,No,7,79.0,Yes,No,Fiber optic,No,No,No,No,Yes,No,Month-to-month,Yes,Electronic check,522.95,Yes
1576-PFZIW,Male,Yes,Yes,No,70,105.35,Yes,No,Fiber optic,Yes,Yes,Yes,No,Yes,Yes,Two year,No,Credit card (automatic),7511.9,No
5666-MBJPT,Male,No,No,No,65,25.1,Yes,Yes,No,No internet service,No internet service,No internet service,No internet service,No internet service,No internet service,Two year,Yes,Bank transfer (automatic),1725.0,No
7312-XSBAT,Male,No,No,No,1,49.75,Yes,No,DSL,Yes,No,No,No,No,No,Month-to-month,No,Electronic check,49.75,No
3096-GKWEB,Male,No,Yes,No,18,94.75,Yes,Yes,Fiber optic,No,No,No,No,Yes,Yes,Month-to-month,Yes,Electronic check,1691.9,No
2371-JQHZZ,Male,No,Yes,No,24,93.0,Yes,Yes,Fiber optic,No,No,No,No,Yes,Yes,Month-to-month,Yes,Electronic check,2248.05,No
0674-GCDXG,Male,No,No,No,63,71.9,Yes,Yes,DSL,Yes,No,Yes,Yes,No,Yes,Two year,Yes,Bank transfer (automatic),4479.2,No
1121-QSIVB,Female,No,No,Yes,44,77.55,Yes,Yes,DSL,No,Yes,No,No,Yes,Yes,One year,Yes,Mailed check,3471.1,No
4396-KLSEH,Male,No,No,No,4,19.85,Yes,No,No,No internet service,No internet service,No internet service,No internet service,No internet service,No internet service,Month-to-month,Yes,Electronic check,63.0,No
3244-DCJWY,Female,No,No,No,1,70.25,Yes,No,Fiber optic,No,No,No,No,No,No,Month-to-month,Yes,Electronic check,70.25,Yes
2824-MYYBN,Female,No,Yes,Yes,37,95.25,Yes,Yes,Fiber optic,No,No,No,No,Yes,Yes,Month-to-month,Yes,Electronic check,3314.15,No
0875-CABNR,Female,Yes,No,No,10,84.6,Yes,No,Fiber optic,No,No,Yes,No,No,Yes,Month-to-month,Yes,Credit card (automatic),865.55,Yes
6345-HOVES,Male,No,No,No,34,25.05,No,No phone service,DSL,No,No,No,No,No,No,Month-to-month,Yes,Bank transfer (automatic),852.7,No
8318-LCNBW,Male,No,Yes,No,35,53.15,No,No phone service,DSL,Yes,No,Yes,No,Yes,Yes,One year,No,Credit card (automatic),1930.9,No
6469-QJKZW,Female,No,Yes,No,4,20.15,Yes,No,No,No internet service,No internet service,No internet service,No internet service,No internet service,No internet service,Month-to-month,No,Electronic check,91.4,No
0147-ESWWR,Female,Yes,Yes,No,39,101.25,Yes,Yes,Fiber optic,No,No,No,Yes,Yes,Yes,Month-to-month,Yes,Electronic check,3949.15,No
1217-VASWC,Male,Yes,Yes,No,43,100.55,Yes,No,Fiber optic,No,Yes,Yes,No,Yes,Yes,One year,Yes,Bank transfer (automatic),4304.0,No
7812-FZHPE,Female,No,Yes,Yes,17,24.1,Yes,Yes,No,No internet service,No internet service,No internet service,No internet service,No internet service,No internet service,Month-to-month,No,Mailed check,409.9,Yes
6370-ZVHDV,Female,No,Yes,No,61,25.3,Yes,Yes,No,No internet service,No internet service,No internet service,No internet service,No internet service,No internet service,Two year,No,Bank transfer (automatic),1554.9,No
5915-DGNVC,Female,No,Yes,No,49,71.8,Yes,Yes,DSL,Yes,Yes,Yes,No,No,Yes,One year,No,Electronic check,3472.05,No
6260-XLACS,Male,No,No,No,4,19.7,Yes,No,No,No internet service,No internet service,No internet service,No internet service,No internet service,No internet service,One year,No,Mailed check,117.8,No
3566-CAAYU,Female,No,Yes,Yes,64,49.85,No,No phone service,DSL,No,Yes,Yes,Yes,No,Yes,Two year,No,Electronic check,3210.35,No
4983-CCWMC,Male,No,No,No,3,69.6,Yes,No,Fiber optic,No,No,No,No,No,No,Month-to-month,Yes,Mailed check,207.4,No
9103-CXVOK,Male,No,Yes,Yes,1,19.75,Yes,No,No,No internet service,No internet service,No internet service,No internet service,No internet service,No internet service,Month-to-month,No,Electronic check,19.75,No
2896-TBNBE,Male,No,Yes,No,40,80.8,Yes,No,Fiber optic,No,Yes,Yes,No,No,No,One year,No,Electronic check,3132.75,No
4797-AXPXK,Female,No,No,Yes,1,60.0,Yes,No,DSL,Yes,Yes,No,Yes,No,No,Month-to-month,Yes,Electronic check,60.0,Yes
5229-PRWKT,Male,No,No,No,8,86.55,Yes,Yes,Fiber optic,No,No,No,No,No,Yes,Month-to-month,Yes,Electronic check,649.65,Yes
6982-UQZLY,Female,Yes,Yes,No,1,20.85,Yes,No,No,No internet service,No internet service,No internet service,No internet service,No internet service,No internet service,Month-to-month,Yes,Mailed check,20.85,Yes
2522-WLNSF,Female,Yes,Yes,No,34,64.2,Yes,No,DSL,No,No,Yes,Yes,Yes,No,One year,No,Bank transfer (automatic),2106.3,No
3841-CONLJ,Female,No,Yes,No,1,35.0,No,No phone service,DSL,No,No,No,No,No,Yes,Month-to-month,No,Electronic check,35.0,No
5057-LCOUI,Female,No,No,No,39,50.75,No,No phone service,DSL,No,No,Yes,No,Yes,Yes,Month-to-month,Yes,Electronic check,2011.4,Yes
0193-ESZXP,Female,Yes,Yes,No,58,105.5,Yes,No,Fiber optic,Yes,Yes,No,Yes,Yes,Yes,One year,Yes,Credit card (automatic),6205.5,Yes
4475-NVTLU,Male,No,Yes,Yes,45,19.2,Yes,No,No,No internet service,No internet service,No internet service,No internet service,No internet service,No internet service,Two year,No,Electronic check,903.7,No
4369-HTUIF,Male,Yes,No,No,6,85.15,Yes,No,Fiber optic,Yes,No,No,No,Yes,No,Month-to-month,Yes,Bank transfer (automatic),503.6,Yes
9386-LDCZR,Male,No,No,No,43,90.65,Yes,No,Fiber optic,Yes,Yes,Yes,Yes,No,No,One year,Yes,Credit card (automatic),3882.3,No
9585-KKMFD,Male,No,Yes,Yes,41,20.0,Yes,No,No,No internet service,No internet service,No internet service,No internet service,No internet service,No internet service,Two year,Yes,Mailed check,879.8,No
5399-ZIMKF,Male,No,No,No,5,74.65,Yes,No,Fiber optic,No,Yes,No,No,No,No,Month-to-month,Yes,Electronic check,383.65,No
0336-KXKFK,Male,No,No,No,72,61.2,No,No phone service,DSL,Yes,No,Yes,Yes,Yes,Yes,Two year,Yes,Credit card (automatic),4390.25,No
5619-XZZKR,Male,No,No,No,4,19.95,Yes,No,No,No internet service,No internet service,No internet service,No internet service,No internet service,No internet service,One year,No,Mailed check,68.2,No
3948-FVVRP,Male,No,Yes,Yes,9,54.8,Yes,No,DSL,No,Yes,No,Yes,No,No,Month-to-month,No,Mailed check,452.8,No
5327-XOKKY,Male,Yes,Yes,No,72,73.45,Yes,Yes,DSL,No,No,Yes,No,Yes,Yes,Two year,Yes,Credit card (automatic),5329.0,No
0983-TATYJ,Female,No,Yes,No,33,51.45,Yes,No,DSL,No,No,No,Yes,No,No,One year,Yes,Mailed check,1758.9,No
1813-JYWTO,Female,No,Yes,No,72,80.45,Yes,Yes,Fiber optic,Yes,No,No,No,No,No,Two year,No,Bank transfer (automatic),5737.6,No
0156-FVPTA,Male,No,Yes,No,22,54.2,Yes,No,DSL,Yes,No,No,Yes,No,No,Month-to-month,Yes,Electronic check,1152.7,Yes
1984-FCOWB,Female,No,Yes,No,70,109.5,Yes,Yes,Fiber optic,No,Yes,Yes,Yes,Yes,Yes,One year,Yes,Electronic check,7674.55,Yes
0654-HMSHN,Male,No,Yes,Yes,21,104.4,Yes,Yes,Fiber optic,No,Yes,Yes,No,Yes,Yes,Month-to-month,No,Electronic check,2157.95,Yes
6719-OXYBR,Male,No,No,No,15,85.3,Yes,No,Fiber optic,No,No,Yes,No,Yes,No,Month-to-month,No,Electronic check,1219.85,No
3312-ZWLGF,Male,Yes,Yes,No,29,79.3,Yes,Yes,Fiber optic,No,No,No,Yes,No,No,Month-to-month,Yes,Electronic check,2414.55,No
6476-YHMGA,Female,No,Yes,Yes,15,76.5,Yes,No,DSL,No,Yes,Yes,Yes,Yes,Yes,Month-to-month,No,Bank transfer (automatic),1155.6,No
5287-QWLKY,Male,Yes,Yes,Yes,71,105.1,Yes,Yes,Fiber optic,Yes,Yes,No,No,Yes,Yes,Month-to-month,Yes,Credit card (automatic),7548.1,Yes
0795-XCCTE,Male,Yes,No,No,72,25.4,Yes,Yes,No,No internet service,No internet service,No internet service,No internet service,No internet service,No internet service,Two year,No,Bank transfer (automatic),1809.35,No
0168-XZKBB,Female,No,Yes,No,19,86.85,Yes,Yes,Fiber optic,No,No,No,No,Yes,No,Month-to-month,Yes,Electronic check,1564.4,No
3785-NRHYR,Male,No,No,No,1,19.65,Yes,No,No,No internet service,No internet service,No internet service,No internet service,No internet service,No internet service,Month-to-month,No,Mailed check,19.65,No
5196-SGOAK,Female,No,No,No,1,75.7,Yes,No,Fiber optic,No,Yes,No,No,No,No,Month-to-month,Yes,Electronic check,75.7,Yes
4537-DKTAL,Female,No,No,No,2,45.55,Yes,No,DSL,No,No,No,No,No,No,Month-to-month,No,Electronic check,84.4,No
7072-MBHEV,Female,Yes,Yes,Yes,11,78.1,Yes,Yes,Fiber optic,No,No,Yes,No,No,No,Month-to-month,Yes,Credit card (automatic),864.85,No
5602-BVFMK,Female,No,No,No,12,19.3,Yes,No,No,No internet service,No internet service,No internet service,No internet service,No internet service,No internet service,One year,No,Mailed check,228.75,No
6297-NOOPG,Female,No,Yes,No,70,110.5,Yes,Yes,Fiber optic,No,Yes,Yes,Yes,Yes,Yes,Two year,Yes,Electronic check,7752.05,No
1891-UAWWU,Female,Yes,Yes,No,20,90.8,Yes,Yes,Fiber optic,No,No,Yes,No,Yes,No,Month-to-month,No,Electronic check,1951.0,Yes
8204-TIFGJ,Female,No,No,No,23,20.3,Yes,No,No,No internet service,No internet service,No internet service,No internet service,No internet service,No internet service,Month-to-month,Yes,Bank transfer (automatic),470.6,No
8050-DVOJX,Male,Yes,No,No,49,81.35,Yes,Yes,DSL,Yes,Yes,Yes,Yes,No,Yes,Two year,No,Credit card (automatic),4060.9,No
6108-OQZDQ,Female,No,Yes,Yes,4,97.95,Yes,Yes,Fiber optic,No,Yes,No,No,Yes,Yes,Month-to-month,Yes,Electronic check,384.5,Yes
0363-QJVFX,Male,No,No,No,32,108.15,Yes,Yes,Fiber optic,Yes,Yes,No,Yes,Yes,Yes,Month-to-month,Yes,Credit card (automatic),3432.9,Yes
8903-XEBGX,Male,No,No,Yes,2,55.3,Yes,No,DSL,No,No,No,No,No,Yes,Month-to-month,Yes,Electronic check,108.65,No
8169-SAEJD,Male,Yes,Yes,No,69,56.55,No,No phone service,DSL,Yes,Yes,No,No,Yes,Yes,Two year,No,Credit card (automatic),3952.65,No
9840-DVNDC,Male,No,No,No,6,80.5,Yes,No,Fiber optic,No,No,No,No,Yes,No,Month-to-month,Yes,Credit card (automatic),463.05,Yes
1089-XZWHH,Female,No,Yes,Yes,24,19.7,Yes,No,No,No internet service,No internet service,No internet service,No internet service,No internet service,No internet service,Two year,Yes,Mailed check,494.05,No
2325-WINES,Female,No,No,No,32,104.05,Yes,Yes,Fiber optic,No,Yes,Yes,No,Yes,Yes,One year,Yes,Credit card (automatic),3416.85,No
6064-ZATLR,Female,No,No,No,27,52.85,Yes,No,DSL,Yes,Yes,No,No,No,No,Two year,No,Bank transfer (automatic),1498.65,No
3096-JRDSO,Female,Yes,Yes,No,27,104.3,Yes,Yes,Fiber optic,Yes,No,No,Yes,Yes,Yes,Month-to-month,Yes,Bank transfer (automatic),2867.75,Yes
7824-PANSQ,Male,No,No,No,58,80.65,Yes,Yes,Fiber optic,No,No,No,Yes,No,No,Month-to-month,No,Bank transfer (automatic),4807.35,No
8042-JVNFH,Male,No,No,No,1,71.35,Yes,No,Fiber optic,No,No,No,No,No,No,Month-to-month,Yes,Mailed check,71.35,Yes
9648-BCHKM,Female,No,Yes,Yes,18,24.65,Yes,Yes,No,No internet service,No internet service,No internet service,No internet service,No internet service,No internet service,Two year,Yes,Credit card (automatic),471.35,No
2888-ADFAO,Female,No,Yes,Yes,47,21.3,Yes,No,No,No internet service,No internet service,No internet service,No internet service,No internet service,No internet service,Two year,Yes,Bank transfer (automatic),1041.8,No
8707-HOEDG,Female,No,Yes,Yes,70,110.2,Yes,Yes,Fiber optic,No,Yes,Yes,Yes,Yes,Yes,Two year,Yes,Electronic check,7689.8,No
3374-LXDEV,Female,No,No,No,13,89.4,Yes,Yes,Fiber optic,No,Yes,Yes,Yes,No,No,Month-to-month,No,Electronic check,1132.35,Yes
4072-IPYLT,Female,No,Yes,Yes,36,51.05,Yes,No,DSL,Yes,No,No,No,No,No,Month-to-month,No,Credit card (automatic),1815.0,No
7167-PCEYD,Male,No,No,No,67,19.8,Yes,No,No,No internet service,No internet service,No internet service,No internet service,No internet service,No internet service,Two year,Yes,Mailed check,1311.3,No
4936-YPJNK,Female,No,No,No,10,19.9,Yes,No,No,No internet service,No internet service,No internet service,No internet service,No internet service,No internet service,Month-to-month,Yes,Mailed check,199.45,No
1580-BMCMR,Male,Yes,No,No,19,87.3,Yes,No,Fiber optic,Yes,No,No,No,No,Yes,Month-to-month,Yes,Electronic check,1637.3,No
4817-KEQSP,Female,No,Yes,Yes,71,19.85,Yes,No,No,No internet service,No internet service,No internet service,No internet service,No internet service,No internet service,Two year,No,Bank transfer (automatic),1326.35,No
6408-WHTEF,Male,No,Yes,Yes,72,89.4,Yes,Yes,DSL,Yes,Yes,Yes,Yes,Yes,Yes,Two year,Yes,Mailed check,6376.55,No
9251-AWQGT,Female,No,Yes,Yes,48,20.0,Yes,No,No,No internet service,No internet service,No internet service,No internet service,No internet service,No internet service,Two year,No,Mailed check,935.9,No
8749-CLJXC,Male,No,No,No,1,20.05,Yes,No,No,No internet service,No internet service,No internet service,No internet service,No internet service,No internet service,Month-to-month,No,Mailed check,20.05,No
7989-VCQOH,Male,No,Yes,Yes,18,83.25,Yes,No,DSL,Yes,No,Yes,Yes,Yes,Yes,Month-to-month,No,Electronic check,1611.15,No
5049-GLYVG,Male,No,No,No,1,20.6,Yes,No,No,No internet service,No internet service,No internet service,No internet service,No internet service,No internet service,Month-to-month,No,Mailed check,20.6,Yes
4199-QHJNM,Male,Yes,Yes,No,67,102.9,Yes,Yes,Fiber optic,No,Yes,No,Yes,Yes,Yes,Two year,No,Bank transfer (automatic),6989.7,No
8882-TLVRW,Male,No,Yes,Yes,69,39.1,No,No phone service,DSL,Yes,No,Yes,Yes,No,No,Two year,No,Mailed check,2779.5,No
5883-GTGVD,Male,No,No,No,19,99.95,Yes,Yes,Fiber optic,No,Yes,No,No,Yes,Yes,Month-to-month,Yes,Electronic check,1931.75,Yes
5135-GRQJV,Male,Yes,Yes,No,72,114.5,Yes,Yes,Fiber optic,Yes,Yes,Yes,Yes,Yes,Yes,Two year,Yes,Mailed check,8331.95,No
2384-OVPSA,Female,Yes,No,No,38,20.2,Yes,No,No,No internet service,No internet service,No internet service,No internet service,No internet service,No internet service,Two year,No,Mailed check,735.9,No
1371-WEPDS,Male,Yes,Yes,No,40,55.8,Yes,No,DSL,No,No,No,No,No,Yes,One year,No,Electronic check,2283.3,No
3580-GICBM,Female,No,Yes,Yes,61,24.2,Yes,Yes,No,No internet service,No internet service,No internet service,No internet service,No internet service,No internet service,Two year,Yes,Mailed check,1445.2,No
4817-QRJSX,Female,No,No,No,10,81.0,Yes,Yes,Fiber optic,No,Yes,No,No,No,No,Month-to-month,Yes,Credit card (automatic),818.05,Yes
9730-DRTMJ,Male,No,Yes,No,32,72.8,Yes,Yes,DSL,Yes,No,No,Yes,Yes,No,One year,Yes,Credit card (automatic),2333.05,No
4686-UXDML,Female,No,No,No,21,99.85,Yes,Yes,Fiber optic,No,Yes,No,No,Yes,Yes,Month-to-month,Yes,Credit card (automatic),1992.55,No
3349-ANQNH,Female,Yes,No,No,59,99.5,Yes,Yes,Fiber optic,No,No,Yes,No,Yes,Yes,One year,Yes,Electronic check,5890.0,No
2398-YPMUR,Female,Yes,Yes,No,13,70.15,Yes,No,Fiber optic,No,No,No,No,No,No,Month-to-month,Yes,Electronic check,916.75,Yes
0932-YIXYU,Female,No,No,No,47,20.25,Yes,No,No,No internet service,No internet service,No internet service,No internet service,No internet service,No internet service,Two year,No,Credit card (automatic),1029.8,No
7480-SPLEF,Male,No,Yes,Yes,69,26.0,Yes,Yes,No,No internet service,No internet service,No internet service,No internet service,No internet service,No internet service,Two year,Yes,Bank transfer (automatic),1796.55,No
7636-XUHWW,Male,No,No,No,2,19.9,Yes,No,No,No internet service,No internet service,No internet service,No internet service,No internet service,No internet service,Month-to-month,Yes,Credit card (automatic),33.7,No
1431-CYWMH,Female,No,Yes,Yes,22,19.05,Yes,No,No,No internet service,No internet service,No internet service,No internet service,No internet service,No internet service,Month-to-month,No,Bank transfer (automatic),454.05,No
5937-EORGB,Male,Yes,Yes,No,15,96.5,Yes,Yes,Fiber optic,Yes,No,Yes,No,Yes,No,Month-to-month,Yes,Electronic check,1392.25,No
6349-JDHQP,Female,No,No,No,53,19.85,Yes,No,No,No internet service,No internet service,No internet service,No internet service,No internet service,No internet service,Two year,No,Credit card (automatic),1049.6,No
5539-HIVAK,Female,Yes,Yes,No,28,25.7,Yes,Yes,No,No internet service,No internet service,No internet service,No internet service,No internet service,No internet service,Month-to-month,No,Mailed check,734.6,No
5847-MXBEO,Male,No,No,No,22,20.3,Yes,No,No,No internet service,No internet service,No internet service,No internet service,No internet service,No internet service,One year,No,Mailed check,475.1,No
9985-MWVIX,Female,No,No,No,1,70.15,Yes,No,Fiber optic,No,No,No,No,No,No,Month-to-month,Yes,Mailed check,70.15,Yes
4583-PARNH,Male,Yes,Yes,No,16,91.55,Yes,No,Fiber optic,No,No,Yes,Yes,No,Yes,Month-to-month,Yes,Electronic check,1540.05,No
1116-FRYVH,Female,No,Yes,Yes,48,39.4,No,No phone service,DSL,Yes,Yes,No,Yes,No,No,Two year,No,Mailed check,1978.65,No
1421-HCERK,Male,Yes,Yes,No,30,105.7,Yes,Yes,Fiber optic,Yes,Yes,Yes,Yes,Yes,No,Month-to-month,Yes,Bank transfer (automatic),3181.8,No
9633-XQABV,Female,No,No,No,3,70.25,Yes,No,Fiber optic,No,No,No,No,No,No,Month-to-month,Yes,Electronic check,229.7,No
0716-BQNDX,Male,Yes,No,No,57,93.75,Yes,Yes,Fiber optic,Yes,No,No,Yes,No,Yes,Two year,No,Electronic check,5625.55,No
1265-XTECC,Female,Yes,Yes,No,68,96.55,Yes,Yes,Fiber optic,Yes,Yes,No,No,No,Yes,One year,Yes,Credit card (automatic),6581.9,Yes
1183-CANVH,Female,No,Yes,No,23,60.0,Yes,No,DSL,No,No,No,Yes,Yes,No,One year,No,Bank transfer (automatic),1347.15,No
1972-XMUWV,Female,No,Yes,No,65,59.8,Yes,No,DSL,No,No,No,Yes,Yes,No,Two year,Yes,Credit card (automatic),3808.2,No
8679-LZBMD,Male,No,Yes,No,44,90.65,Yes,No,Fiber optic,No,No,No,No,Yes,Yes,One year,Yes,Bank transfer (automatic),3974.15,No
3407-JMJQQ,Female,No,Yes,Yes,71,109.0,Yes,Yes,Fiber optic,Yes,Yes,Yes,No,Yes,Yes,Two year,Yes,Bank transfer (automatic),7661.8,No
6252-DFGTK,Female,No,Yes,No,37,68.1,Yes,Yes,DSL,Yes,No,Yes,Yes,No,No,One year,No,Credit card (automatic),2479.25,No
1539-LNKHM,Female,No,No,No,12,20.4,Yes,No,No,No internet service,No internet service,No internet service,No internet service,No internet service,No internet service,Month-to-month,No,Mailed check,266.6,No
8645-KOMJQ,Male,No,Yes,Yes,69,81.95,Yes,Yes,DSL,No,Yes,Yes,Yes,Yes,Yes,Two year,Yes,Bank transfer (automatic),5601.4,No
0289-IVARM,Female,No,No,No,35,60.55,Yes,No,DSL,Yes,Yes,Yes,No,No,No,Month-to-month,No,Electronic check,1982.6,No
9761-XUJWD,Male,No,No,No,5,65.6,Yes,No,DSL,No,Yes,No,Yes,No,Yes,Month-to-month,Yes,Bank transfer (automatic),339.9,No
4057-FKCZK,Male,No,Yes,Yes,58,82.5,Yes,Yes,Fiber optic,No,No,No,No,Yes,No,Two year,No,Bank transfer (automatic),4828.05,No
4291-TPNFG,Male,No,Yes,No,72,82.3,Yes,Yes,DSL,Yes,Yes,Yes,Yes,No,Yes,Two year,Yes,Bank transfer (automatic),5980.55,No
6087-YPWHO,Male,No,Yes,No,72,68.15,Yes,Yes,DSL,Yes,Yes,Yes,Yes,No,No,Two year,No,Mailed check,4808.7,No
3090-QFUVD,Female,No,No,No,1,20.3,Yes,No,No,No internet service,No internet service,No internet service,No internet service,No internet service,No internet service,Month-to-month,No,Credit card (automatic),20.3,No
2237-ZFSMY,Female,No,No,No,39,95.55,Yes,No,Fiber optic,Yes,No,Yes,Yes,Yes,No,One year,Yes,Electronic check,3692.85,Yes
1722-LDZJS,Male,No,Yes,Yes,53,20.2,Yes,No,No,No internet service,No internet service,No internet service,No internet service,No internet service,No internet service,One year,No,Credit card (automatic),1068.15,No
1818-ESQMW,Female,No,No,No,27,89.2,Yes,No,Fiber optic,No,No,Yes,Yes,No,Yes,Month-to-month,Yes,Electronic check,2383.6,No
4871-JTKJF,Female,Yes,No,No,1,69.65,Yes,No,Fiber optic,No,No,No,No,No,No,Month-to-month,Yes,Electronic check,69.65,Yes
1415-YFWLT,Female,Yes,No,No,1,89.3,Yes,No,Fiber optic,No,No,No,No,Yes,Yes,Month-to-month,Yes,Electronic check,89.3,Yes
7401-RUBNK,Female,No,Yes,No,18,74.8,Yes,No,Fiber optic,Yes,No,No,No,No,No,Month-to-month,No,Electronic check,1438.05,No
0506-YLVKJ,Male,No,Yes,Yes,46,20.2,Yes,No,No,No internet service,No internet service,No internet service,No internet service,No internet service,No internet service,Two year,Yes,Mailed check,917.45,No
8661-BOYNW,Female,No,Yes,No,72,84.4,Yes,Yes,DSL,Yes,No,Yes,Yes,Yes,Yes,Two year,Yes,Credit card (automatic),6096.45,No
6711-VTNRE,Female,No,No,No,36,87.55,Yes,No,Fiber optic,No,No,Yes,Yes,No,Yes,Month-to-month,Yes,Electronic check,3078.1,Yes
4815-GBTCD,Female,No,Yes,No,4,25.15,No,No phone service,DSL,No,No,No,No,No,No,Month-to-month,Yes,Electronic check,99.95,No
2805-AUFQN,Female,No,No,No,25,19.8,Yes,No,No,No internet service,No internet service,No internet service,No internet service,No internet service,No internet service,Two year,No,Credit card (automatic),475.2,No
0980-PVMRC,Female,No,Yes,Yes,40,50.85,No,No phone service,DSL,No,Yes,No,No,Yes,Yes,Month-to-month,Yes,Electronic check,2036.55,No
7233-DRTRF,Male,No,Yes,No,63,102.4,Yes,Yes,Fiber optic,No,Yes,Yes,No,Yes,Yes,Month-to-month,Yes,Electronic check,6444.05,No
3500-RMZLT,Female,Yes,No,No,15,96.3,Yes,No,Fiber optic,Yes,No,Yes,Yes,No,Yes,Month-to-month,Yes,Mailed check,1426.75,Yes
3873-NFTGI,Male,No,No,No,14,55.5,Yes,Yes,DSL,No,Yes,No,No,No,No,Month-to-month,Yes,Credit card (automatic),767.55,No
1162-ECVII,Male,Yes,Yes,No,72,109.75,Yes,Yes,Fiber optic,No,Yes,Yes,Yes,Yes,Yes,Two year,Yes,Bank transfer (automatic),7932.5,No
7048-GXDAY,Male,No,No,No,39,106.4,Yes,Yes,Fiber optic,Yes,Yes,No,No,Yes,Yes,Month-to-month,Yes,Electronic check,4040.65,No
8571-ZCMCX,Female,No,Yes,Yes,47,60.0,No,No phone service,DSL,Yes,Yes,Yes,No,Yes,Yes,Two year,Yes,Credit card (automatic),2768.65,No
1169-WCVAK,Male,No,Yes,No,19,88.8,Yes,Yes,Fiber optic,Yes,Yes,No,Yes,No,No,Month-to-month,Yes,Credit card (automatic),1672.35,No
4548-SDBKE,Female,No,No,No,5,85.2,Yes,Yes,Fiber optic,No,No,No,No,Yes,No,Month-to-month,Yes,Electronic check,474.8,Yes
8066-POXGX,Female,No,No,No,13,35.1,No,No phone service,DSL,No,No,No,No,No,Yes,Month-to-month,Yes,Electronic check,446.1,Yes
7129-CAKJW,Female,No,No,No,17,80.05,Yes,Yes,Fiber optic,No,No,Yes,No,No,No,Month-to-month,No,Bank transfer (automatic),1345.65,No
8695-ARGXZ,Male,Yes,Yes,No,34,75.55,Yes,Yes,Fiber optic,No,No,No,No,No,No,Month-to-month,Yes,Electronic check,2425.4,No
3570-YUEKJ,Female,No,No,No,42,49.55,Yes,No,DSL,No,Yes,No,No,No,No,Month-to-month,Yes,Electronic check,2077.95,No
4143-OOBWZ,Male,No,Yes,No,5,81.3,Yes,Yes,Fiber optic,No,Yes,No,No,No,No,Month-to-month,Yes,Electronic check,416.3,Yes
1555-HAPSU,Female,No,Yes,Yes,71,23.9,Yes,Yes,No,No internet service,No internet service,No internet service,No internet service,No internet service,No internet service,Two year,No,Credit card (automatic),1663.5,No
1697-NVVGY,Male,Yes,Yes,No,19,66.4,Yes,No,DSL,Yes,No,Yes,No,Yes,No,Month-to-month,No,Bank transfer (automatic),1286.05,No
7854-EKTJL,Female,No,No,Yes,2,19.6,Yes,No,No,No internet service,No internet service,No internet service,No internet service,No internet service,No internet service,Month-to-month,Yes,Electronic check,35.85,Yes
8464-EETCQ,Male,No,No,No,57,18.8,Yes,No,No,No internet service,No internet service,No internet service,No internet service,No internet service,No internet service,Two year,No,Credit card (automatic),1094.35,No
2419-FSORS,Male,No,Yes,No,72,108.4,Yes,Yes,Fiber optic,No,Yes,Yes,Yes,Yes,Yes,Two year,Yes,Electronic check,7719.5,No
8132-YPVBX,Female,No,No,No,6,85.95,Yes,No,Fiber optic,No,Yes,No,No,No,Yes,Month-to-month,Yes,Mailed check,514.6,No
9102-IAYHT,Female,No,Yes,Yes,17,85.45,Yes,Yes,Fiber optic,No,No,No,No,No,Yes,Month-to-month,Yes,Electronic check,1451.6,Yes
6754-LZUKA,Male,No,Yes,No,61,80.9,Yes,Yes,DSL,No,Yes,Yes,No,Yes,Yes,Two year,No,Bank transfer (automatic),4932.5,No
3422-LYEPQ,Male,No,Yes,Yes,1,71.0,Yes,No,Fiber optic,No,No,No,No,No,No,Month-to-month,Yes,Electronic check,71.0,Yes
8099-MZPUJ,Male,No,Yes,Yes,48,111.8,Yes,Yes,Fiber optic,Yes,Yes,Yes,Yes,Yes,Yes,Two year,No,Credit card (automatic),5443.65,No
0787-LHDYT,Male,No,No,No,16,20.6,Yes,No,No,No internet service,No internet service,No internet service,No internet service,No internet service,No internet service,Month-to-month,Yes,Credit card (automatic),330.25,No
2642-DTVCO,Male,Yes,No,No,9,85.05,Yes,Yes,Fiber optic,No,No,No,No,No,Yes,Month-to-month,Yes,Electronic check,746.5,Yes
0374-IOEGQ,Female,No,No,No,3,44.6,Yes,No,DSL,No,No,No,No,No,No,Month-to-month,No,Electronic check,122.7,No
4361-JEIVL,Male,No,No,Yes,1,44.4,Yes,No,DSL,No,No,No,No,No,No,Month-to-month,Yes,Electronic check,44.4,Yes
3197-NNYNB,Male,No,No,No,65,105.1,Yes,Yes,Fiber optic,No,Yes,Yes,No,Yes,Yes,Two year,No,Credit card (automatic),6631.85,No
3396-DKDEL,Female,No,Yes,Yes,70,115.15,Yes,Yes,Fiber optic,Yes,Yes,Yes,Yes,Yes,Yes,Two year,Yes,Credit card (automatic),8250.0,No
1752-OZXFY,Male,No,Yes,No,60,59.8,Yes,No,DSL,Yes,No,No,No,Yes,No,One year,Yes,Mailed check,3561.15,No
9066-QRSDU,Female,No,Yes,No,69,26.3,Yes,Yes,No,No internet service,No internet service,No internet service,No internet service,No internet service,No internet service,One year,Yes,Electronic check,1763.55,No
9112-WSNPU,Female,Yes,No,No,35,70.55,Yes,No,Fiber optic,No,No,No,No,No,No,Month-to-month,No,Electronic check,2419.0,No
9867-NNXLC,Female,No,No,No,22,20.05,Yes,No,No,No internet service,No internet service,No internet service,No internet service,No internet service,No internet service,Month-to-month,Yes,Mailed check,470.2,No
5321-NTRKC,Male,No,Yes,Yes,66,79.85,Yes,Yes,DSL,No,Yes,Yes,No,Yes,Yes,Two year,No,Bank transfer (automatic),5234.95,No
1363-TXLSL,Male,Yes,Yes,No,1,70.3,Yes,No,Fiber optic,No,No,No,No,No,No,Month-to-month,Yes,Electronic check,70.3,Yes
9507-EXLTT,Female,No,Yes,No,1,79.35,Yes,No,Fiber optic,No,No,No,No,Yes,No,Month-to-month,Yes,Bank transfer (automatic),79.35,Yes
3161-GETRM,Male,No,Yes,Yes,34,90.05,Yes,Yes,Fiber optic,No,No,Yes,No,No,Yes,Month-to-month,Yes,Credit card (automatic),3097.0,No
0402-OAMEN,Female,No,Yes,Yes,72,24.45,Yes,Yes,No,No internet service,No internet service,No internet service,No internet service,No internet service,No internet service,Two year,No,Bank transfer (automatic),1709.1,No
6933-VLYFX,Male,No,Yes,Yes,31,59.95,No,No phone service,DSL,Yes,No,Yes,Yes,Yes,Yes,One year,No,Electronic check,1848.8,No
6754-WKSHP,Male,No,No,Yes,30,25.35,Yes,Yes,No,No internet service,No internet service,No internet service,No internet service,No internet service,No internet service,One year,No,Bank transfer (automatic),723.3,No
9846-GKXAS,Female,No,No,No,9,90.8,Yes,No,Fiber optic,No,No,No,No,Yes,Yes,Month-to-month,Yes,Bank transfer (automatic),809.75,Yes
6017-PPLPX,Male,No,Yes,Yes,20,70.45,Yes,No,Fiber optic,No,No,No,No,No,No,Month-to-month,Yes,Electronic check,1470.95,Yes
4976-LNFVV,Male,Yes,Yes,No,19,34.3,No,No phone service,DSL,No,Yes,Yes,No,No,No,Month-to-month,Yes,Credit card (automatic),577.15,No
5055-MGMGF,Female,No,Yes,No,65,105.05,Yes,Yes,Fiber optic,Yes,No,Yes,No,Yes,Yes,Month-to-month,Yes,Electronic check,6914.95,No
4641-FROLU,Female,No,Yes,Yes,30,19.3,Yes,No,No,No internet service,No internet service,No internet service,No internet service,No internet service,No internet service,Two year,No,Mailed check,602.9,No
2862-JVEOY,Male,No,No,No,6,19.15,Yes,No,No,No internet service,No internet service,No internet service,No internet service,No internet service,No internet service,One year,No,Mailed check,124.4,No
2969-QWUBZ,Female,No,No,No,2,51.4,No,No phone service,DSL,No,Yes,No,No,Yes,Yes,Month-to-month,No,Electronic check,96.8,No
9822-BIIGN,Male,No,Yes,Yes,53,71.85,Yes,Yes,DSL,Yes,No,No,Yes,No,Yes,Month-to-month,No,Electronic check,3827.9,No
2077-MPJQO,Male,Yes,Yes,No,7,75.4,Yes,Yes,Fiber optic,No,No,No,No,No,No,Month-to-month,Yes,Electronic check,533.05,No
1534-OULXE,Female,No,Yes,Yes,61,49.7,Yes,No,DSL,Yes,No,No,No,No,No,One year,Yes,Bank transfer (automatic),2961.4,No
7136-RVDTZ,Male,Yes,No,No,70,45.25,No,No phone service,DSL,No,No,No,No,Yes,Yes,One year,Yes,Electronic check,3264.45,Yes
2971-SGAFL,Female,No,No,No,13,78.75,Yes,Yes,DSL,Yes,No,Yes,No,Yes,Yes,Month-to-month,Yes,Electronic check,995.35,No
1480-IVEVR,Male,Yes,Yes,No,35,81.6,Yes,Yes,Fiber optic,No,No,Yes,No,No,No,One year,Yes,Bank transfer (automatic),2815.25,No
2905-KFQUV,Female,No,Yes,No,2,70.4,Yes,No,Fiber optic,No,No,No,No,No,No,Month-to-month,Yes,Credit card (automatic),154.8,No
4581-SSPWD,Female,No,No,No,3,75.8,Yes,Yes,Fiber optic,No,No,No,No,No,No,Month-to-month,Yes,Electronic check,246.3,Yes
3370-HXOPH,Female,No,No,No,3,76.1,Yes,Yes,Fiber optic,No,No,No,No,No,No,Month-to-month,No,Electronic check,257.6,No
9391-YZEJW,Female,No,No,No,62,94.0,Yes,Yes,Fiber optic,No,No,No,No,Yes,Yes,One year,Yes,Bank transfer (automatic),5757.2,No
9958-MEKUC,Male,No,Yes,Yes,72,103.95,Yes,Yes,Fiber optic,Yes,Yes,Yes,Yes,No,Yes,Two year,No,Credit card (automatic),7517.7,No
0281-CNTZX,Male,No,Yes,No,63,19.95,Yes,No,No,No internet service,No internet service,No internet service,No internet service,No internet service,No internet service,Two year,Yes,Bank transfer (automatic),1234.8,No
6927-WTFIV,Male,Yes,No,No,20,71.3,Yes,No,Fiber optic,No,No,No,No,No,No,Month-to-month,No,Credit card (automatic),1389.2,Yes
4118-CEVPF,Female,Yes,No,No,35,110.8,Yes,Yes,Fiber optic,Yes,Yes,Yes,Yes,Yes,Yes,One year,Yes,Bank transfer (automatic),3836.3,No
3398-ZOUAA,Male,Yes,Yes,No,21,69.1,Yes,No,Fiber optic,No,No,No,No,No,No,Month-to-month,Yes,Electronic check,1474.75,Yes
9114-VEPUF,Male,No,Yes,No,62,96.1,Yes,Yes,Fiber optic,Yes,Yes,No,No,No,Yes,One year,No,Electronic check,6001.45,No
7876-BEUTG,Female,No,No,No,15,48.8,Yes,Yes,DSL,No,No,No,No,No,No,Month-to-month,Yes,Mailed check,720.1,No
2338-BQEZT,Female,No,No,No,55,50.55,Yes,No,DSL,Yes,No,No,No,No,No,Month-to-month,Yes,Credit card (automatic),2832.75,No
9873-MNDKV,Female,No,No,No,11,44.65,Yes,No,DSL,No,No,No,No,No,No,Month-to-month,Yes,Mailed check,472.25,No
0378-NHQXU,Female,No,Yes,Yes,17,88.25,Yes,Yes,Fiber optic,No,No,Yes,No,Yes,No,Month-to-month,No,Electronic check,1460.65,Yes
8241-JUIQO,Female,No,No,No,61,19.45,Yes,No,No,No internet service,No internet service,No internet service,No internet service,No internet service,No internet service,One year,No,Bank transfer (automatic),1336.35,No
2194-IIQOF,Female,No,Yes,No,71,89.3,Yes,Yes,DSL,Yes,Yes,Yes,Yes,Yes,Yes,Two year,No,Credit card (automatic),6388.65,No
4512-ZUIYL,Female,No,No,No,2,70.0,Yes,No,Fiber optic,No,No,No,No,No,No,Month-to-month,No,Bank transfer (automatic),153.05,Yes
9631-RXVJM,Male,No,No,No,35,19.25,Yes,No,No,No internet service,No internet service,No internet service,No internet service,No internet service,No internet service,Two year,No,Mailed check,677.9,No
9584-EXCDZ,Female,No,No,No,17,70.5,Yes,No,Fiber optic,No,No,No,No,No,No,Month-to-month,No,Bank transfer (automatic),1165.6,No
7969-AULMZ,Female,No,No,No,21,97.35,Yes,Yes,Fiber optic,No,No,No,No,Yes,Yes,Month-to-month,Yes,Electronic check,2119.5,Yes
5093-FEGLU,Female,No,Yes,No,47,19.65,Yes,No,No,No internet service,No internet service,No internet service,No internet service,No internet service,No internet service,Two year,No,Bank transfer (automatic),921.55,No
2621-UDNLU,Female,No,Yes,No,3,20.85,Yes,No,No,No internet service,No internet service,No internet service,No internet service,No internet service,No internet service,Month-to-month,No,Mailed check,72.0,No
7526-IVLYU,Male,No,No,No,3,19.65,Yes,No,No,No internet service,No internet service,No internet service,No internet service,No internet service,No internet service,Month-to-month,Yes,Mailed check,68.35,No
2428-HYUNX,Male,Yes,Yes,No,44,19.35,Yes,No,No,No internet service,No internet service,No internet service,No internet service,No internet service,No internet service,Two year,Yes,Credit card (automatic),847.25,No
9214-EKVXR,Female,No,No,No,1,44.0,Yes,No,DSL,No,No,No,No,No,No,Month-to-month,Yes,Mailed check,44.0,No
3410-MHHUM,Female,No,Yes,Yes,44,94.4,Yes,Yes,Fiber optic,No,Yes,Yes,No,No,Yes,One year,No,Electronic check,4295.35,No
0568-ONFPC,Male,No,Yes,Yes,5,25.9,Yes,Yes,No,No internet service,No internet service,No internet service,No internet service,No internet service,No internet service,Month-to-month,Yes,Bank transfer (automatic),135.0,Yes
0733-VUNUW,Male,No,No,No,24,55.65,Yes,Yes,DSL,Yes,No,No,No,No,No,Month-to-month,Yes,Bank transfer (automatic),1400.55,Yes
4550-EVXNY,Female,No,No,Yes,1,69.65,Yes,No,Fiber optic,No,No,No,No,No,No,Month-to-month,Yes,Electronic check,69.65,Yes
2122-YWVYA,Female,No,No,No,18,75.4,Yes,No,Fiber optic,Yes,No,No,No,No,No,Month-to-month,Yes,Electronic check,1380.4,No
2968-SSGAA,Female,No,No,No,10,100.6,Yes,Yes,Fiber optic,No,No,Yes,No,Yes,Yes,Month-to-month,Yes,Electronic check,1060.2,Yes
2296-DKZFP,Female,No,Yes,No,65,71.0,Yes,No,DSL,Yes,Yes,Yes,No,No,Yes,Two year,No,Bank transfer (automatic),4386.2,No
4844-JJWUY,Female,Yes,No,No,1,86.0,Yes,No,Fiber optic,No,Yes,No,No,No,Yes,Month-to-month,Yes,Electronic check,86.0,Yes
6777-TGHTM,Female,No,No,No,53,106.95,Yes,Yes,Fiber optic,Yes,No,Yes,No,Yes,Yes,One year,Yes,Credit card (automatic),5785.5,Yes
8909-BOLNL,Male,No,No,No,3,21.2,Yes,No,No,No internet service,No internet service,No internet service,No internet service,No internet service,No internet service,One year,No,Mailed check,52.05,No
6603-YRDCJ,Male,No,Yes,No,33,61.05,Yes,No,DSL,Yes,Yes,No,Yes,No,No,Two year,Yes,Mailed check,2018.4,No
3538-WZPHD,Male,No,No,No,3,29.6,No,No phone service,DSL,No,Yes,No,No,No,No,Month-to-month,Yes,Electronic check,79.45,Yes
3229-USWAR,Female,No,No,No,34,79.95,Yes,No,DSL,Yes,No,Yes,Yes,Yes,Yes,One year,Yes,Bank transfer (automatic),2727.3,No
2138-VFAPZ,Female,No,Yes,Yes,14,19.7,Yes,No,No,No internet service,No internet service,No internet service,No internet service,No internet service,No internet service,Two year,Yes,Mailed check,263.65,No
6131-JLWZM,Female,No,No,No,13,20.3,Yes,No,No,No internet service,No internet service,No internet service,No internet service,No internet service,No internet service,Month-to-month,Yes,Mailed check,275.4,No
4785-QRJHC,Male,Yes,Yes,No,46,59.9,No,No phone service,DSL,No,Yes,Yes,Yes,Yes,Yes,One year,Yes,Bank transfer (automatic),2816.65,Yes
0269-XFESX,Male,No,Yes,Yes,23,24.35,Yes,Yes,No,No internet service,No internet service,No internet service,No internet service,No internet service,No internet service,One year,No,Mailed check,538.5,No
1709-EJDOX,Female,No,Yes,Yes,47,19.75,Yes,No,No,No internet service,No internet service,No internet service,No internet service,No internet service,No internet service,Two year,No,Mailed check,948.9,No
4316-XCSLJ,Male,No,No,Yes,17,50.3,Yes,No,DSL,Yes,No,No,No,No,No,Month-to-month,Yes,Mailed check,846.8,No
8610-WFCJF,Female,No,Yes,Yes,49,95.6,Yes,Yes,Fiber optic,No,No,No,No,Yes,Yes,Month-to-month,Yes,Electronic check,4783.5,Yes
9693-XMUOB,Male,Yes,Yes,No,59,50.25,No,No phone service,DSL,No,Yes,No,No,Yes,Yes,Month-to-month,Yes,Electronic check,2997.45,No
0383-CLDDA,Female,No,No,No,69,85.35,Yes,Yes,DSL,Yes,No,Yes,Yes,Yes,Yes,Two year,Yes,Credit card (automatic),5897.4,No
4905-JEFDW,Male,No,No,No,11,41.6,No,No phone service,DSL,No,No,Yes,No,Yes,No,One year,Yes,Electronic check,470.6,Yes
2709-UQGNP,Male,No,No,No,10,51.65,Yes,No,DSL,Yes,No,No,No,No,No,Month-to-month,Yes,Mailed check,524.5,No
3549-ZTMNH,Male,No,Yes,Yes,12,24.0,Yes,Yes,No,No internet service,No internet service,No internet service,No internet service,No internet service,No internet service,Two year,Yes,Bank transfer (automatic),269.65,No
7881-INRLC,Male,No,No,No,45,100.85,Yes,Yes,Fiber optic,No,Yes,No,No,Yes,Yes,Month-to-month,Yes,Credit card (automatic),4740.0,Yes
8033-ATFAS,Female,No,Yes,Yes,39,59.85,Yes,No,DSL,No,No,Yes,No,Yes,No,Month-to-month,Yes,Mailed check,2341.5,No
1635-NZATJ,Male,Yes,Yes,No,71,25.45,Yes,Yes,No,No internet service,No internet service,No internet service,No internet service,No internet service,No internet service,Two year,No,Credit card (automatic),1789.65,No
0562-HKHML,Male,No,Yes,Yes,71,23.9,Yes,Yes,No,No internet service,No internet service,No internet service,No internet service,No internet service,No internet service,Two year,No,Credit card (automatic),1626.4,No
8277-RVRSV,Female,No,Yes,Yes,33,24.15,Yes,Yes,No,No internet service,No internet service,No internet service,No internet service,No internet service,No internet service,One year,No,Credit card (automatic),800.3,No
9943-VSZUV,Male,Yes,No,No,67,75.7,Yes,Yes,Fiber optic,No,No,No,No,No,No,Month-to-month,Yes,Mailed check,5060.85,No
0117-LFRMW,Male,No,Yes,Yes,37,40.2,No,No phone service,DSL,Yes,Yes,Yes,No,No,No,Month-to-month,No,Bank transfer (automatic),1448.8,Yes
6172-FECYY,Male,No,Yes,Yes,49,84.5,Yes,Yes,Fiber optic,No,No,No,No,Yes,No,Month-to-month,No,Electronic check,4254.85,Yes
7054-ENNGU,Female,No,Yes,No,9,50.85,Yes,No,DSL,No,Yes,No,No,No,No,Month-to-month,No,Mailed check,466.6,No
1455-HFBXA,Male,No,Yes,No,52,91.6,Yes,Yes,Fiber optic,Yes,No,Yes,Yes,No,No,Two year,Yes,Credit card (automatic),4627.8,No
9402-CXWPL,Female,No,No,No,70,98.9,Yes,Yes,Fiber optic,No,Yes,No,No,Yes,Yes,One year,No,Electronic check,6838.6,No
1628-BIZYP,Male,No,No,No,1,85.0,Yes,No,Fiber optic,No,Yes,No,No,No,Yes,Month-to-month,Yes,Electronic check,85.0,No
1965-AKTSX,Female,Yes,No,No,14,78.95,Yes,Yes,Fiber optic,No,Yes,No,No,No,No,Month-to-month,Yes,Electronic check,1101.85,Yes
0082-LDZUE,Male,No,No,No,1,44.3,Yes,No,DSL,No,No,No,No,No,No,Month-to-month,Yes,Mailed check,44.3,No
4786-UKSNZ,Male,No,No,No,1,20.2,Yes,No,No,No internet service,No internet service,No internet service,No internet service,No internet service,No internet service,Month-to-month,No,Mailed check,20.2,Yes
5343-SGUBI,Female,No,No,No,52,80.2,Yes,Yes,Fiber optic,No,Yes,No,No,No,No,One year,Yes,Mailed check,4297.6,No
0856-NAOES,Male,No,No,No,6,60.9,Yes,No,DSL,No,No,Yes,No,Yes,No,Month-to-month,No,Mailed check,414.1,No
1976-AZZPJ,Male,No,Yes,No,7,34.2,No,No phone service,DSL,Yes,Yes,No,No,No,No,Month-to-month,No,Mailed check,256.6,No
7248-VZQLC,Female,Yes,No,No,47,85.2,Yes,Yes,Fiber optic,No,Yes,Yes,No,No,No,Month-to-month,Yes,Bank transfer (automatic),3969.35,Yes
6156-UZDLF,Female,No,No,No,26,87.15,Yes,No,Fiber optic,Yes,No,Yes,Yes,No,No,One year,Yes,Credit card (automatic),2274.1,No
3099-OONVS,Male,No,Yes,Yes,25,54.3,Yes,No,DSL,Yes,No,No,Yes,No,No,Month-to-month,No,Electronic check,1296.8,No
9500-WBGRP,Male,No,No,No,69,19.1,Yes,No,No,No internet service,No internet service,No internet service,No internet service,No internet service,No internet service,Two year,Yes,Mailed check,1268.85,No
5183-KLYEM,Female,No,No,No,72,112.75,Yes,Yes,Fiber optic,Yes,Yes,Yes,Yes,Yes,Yes,Two year,Yes,Credit card (automatic),8192.6,No
5144-PQCDZ,Male,No,No,No,4,19.95,Yes,No,No,No internet service,No internet service,No internet service,No internet service,No internet service,No internet service,Month-to-month,Yes,Mailed check,59.25,No
8514-VZHEB,Male,No,Yes,Yes,59,19.5,Yes,No,No,No internet service,No internet service,No internet service,No internet service,No internet service,No internet service,Two year,No,Mailed check,1147.85,No
6625-IUTTT,Male,No,No,No,67,65.55,Yes,No,DSL,Yes,No,Yes,No,No,Yes,Two year,No,Bank transfer (automatic),4361.55,No
9355-NPPFS,Female,Yes,No,No,26,78.8,Yes,No,Fiber optic,No,No,No,No,No,Yes,Month-to-month,Yes,Electronic check,2006.1,No
0068-FIGTF,Female,No,No,No,27,78.2,Yes,No,DSL,No,Yes,Yes,Yes,Yes,Yes,One year,No,Mailed check,2078.95,No
5965-GGPRW,Male,No,Yes,Yes,72,105.25,Yes,Yes,Fiber optic,Yes,No,Yes,No,Yes,Yes,Two year,No,Bank transfer (automatic),7609.75,No
8035-PWSEV,Female,No,No,No,6,89.25,Yes,No,Fiber optic,No,No,Yes,Yes,No,Yes,Month-to-month,Yes,Electronic check,487.05,No
2236-HILPA,Male,No,Yes,Yes,62,20.65,Yes,No,No,No internet service,No internet service,No internet service,No internet service,No internet service,No internet service,Two year,No,Credit card (automatic),1218.45,No
1840-BIUOG,Male,No,No,No,20,68.7,Yes,Yes,DSL,No,Yes,No,Yes,Yes,No,One year,Yes,Electronic check,1416.2,No
1356-MKYSK,Male,No,No,No,6,78.65,Yes,No,DSL,Yes,No,Yes,Yes,Yes,Yes,Month-to-month,No,Credit card (automatic),483.3,No
6080-LNESI,Male,No,No,No,51,24.75,Yes,Yes,No,No internet service,No internet service,No internet service,No internet service,No internet service,No internet service,Two year,No,Mailed check,1234.6,No
1830-IPXVJ,Female,No,Yes,Yes,61,19.75,Yes,No,No,No internet service,No internet service,No internet service,No internet service,No internet service,No internet service,Two year,No,Credit card (automatic),1311.6,No
5828-DWPIL,Male,Yes,Yes,No,62,89.1,Yes,Yes,Fiber optic,Yes,Yes,Yes,No,No,No,Month-to-month,Yes,Electronic check,5618.3,No
8398-TBIYD,Female,No,No,No,72,84.7,Yes,Yes,Fiber optic,Yes,No,No,Yes,No,No,Two year,Yes,Bank transfer (automatic),6185.15,No
0011-IGKFF,Male,Yes,Yes,No,13,98.0,Yes,No,Fiber optic,No,Yes,Yes,No,Yes,Yes,Month-to-month,Yes,Electronic check,1237.85,Yes
4192-GORJT,Male,No,Yes,No,5,94.45,Yes,No,Fiber optic,No,No,Yes,No,Yes,Yes,Month-to-month,Yes,Electronic check,498.1,Yes
6496-SLWHQ,Male,Yes,No,No,3,105.0,Yes,Yes,Fiber optic,No,Yes,Yes,No,Yes,Yes,Month-to-month,Yes,Electronic check,294.45,Yes
9912-GVSEQ,Female,Yes,Yes,No,26,93.85,Yes,Yes,Fiber optic,No,Yes,Yes,No,No,Yes,Month-to-month,Yes,Electronic check,2381.55,Yes
2931-FSOHN,Male,Yes,No,No,13,59.9,Yes,No,DSL,No,Yes,No,No,Yes,No,Month-to-month,Yes,Electronic check,788.35,No
9418-RUKPH,Female,No,Yes,Yes,38,19.95,Yes,No,No,No internet service,No internet service,No internet service,No internet service,No internet service,No internet service,Two year,Yes,Mailed check,756.4,No
5383-MMTWC,Female,Yes,Yes,No,8,84.0,Yes,Yes,Fiber optic,No,No,No,No,No,Yes,Month-to-month,Yes,Electronic check,613.4,Yes
9971-ZWPBF,Male,Yes,Yes,Yes,34,108.9,Yes,Yes,Fiber optic,No,Yes,Yes,Yes,Yes,Yes,Month-to-month,Yes,Electronic check,3625.2,No
4712-AUQZO,Male,No,No,No,18,33.6,No,No phone service,DSL,Yes,No,Yes,No,No,No,Month-to-month,No,Mailed check,550.35,No
9711-FJTBX,Male,No,Yes,Yes,56,85.85,Yes,No,Fiber optic,No,Yes,Yes,Yes,No,No,One year,Yes,Mailed check,4793.8,No
2908-ZTPNF,Female,No,No,No,36,34.85,No,No phone service,DSL,No,Yes,No,Yes,No,No,Month-to-month,Yes,Bank transfer (automatic),1267.2,No
7240-ETPTR,Female,No,Yes,No,9,48.75,No,No phone service,DSL,No,No,Yes,No,Yes,Yes,Month-to-month,Yes,Electronic check,442.2,Yes
2202-CUYXZ,Male,No,No,No,1,84.85,Yes,No,Fiber optic,No,No,Yes,No,Yes,No,Month-to-month,Yes,Electronic check,84.85,Yes
5995-OIGLP,Male,No,No,No,12,56.65,Yes,No,DSL,Yes,No,No,Yes,No,No,Month-to-month,No,Mailed check,654.85,Yes
8421-WZOOW,Female,Yes,Yes,Yes,57,95.3,Yes,No,Fiber optic,No,Yes,Yes,Yes,Yes,No,Month-to-month,Yes,Credit card (automatic),5567.45,No
6261-RCVNS,Female,No,No,No,42,73.9,Yes,No,DSL,Yes,Yes,Yes,Yes,No,Yes,One year,No,Credit card (automatic),3160.55,Yes
7951-QKZPL,Female,No,Yes,Yes,33,24.5,Yes,Yes,No,No internet service,No internet service,No internet service,No internet service,No internet service,No internet service,Two year,Yes,Mailed check,740.3,Yes
1414-YADCW,Male,No,Yes,No,70,84.6,Yes,No,Fiber optic,Yes,Yes,No,Yes,No,No,Two year,No,Bank transfer (automatic),5706.2,No
8756-RDDLT,Female,No,No,No,68,44.95,No,No phone service,DSL,No,Yes,No,Yes,No,Yes,Month-to-month,No,Electronic check,3085.35,No
2862-PFNIK,Male,No,No,Yes,1,24.7,No,No phone service,DSL,No,No,No,No,No,No,Month-to-month,Yes,Electronic check,24.7,No
5816-QVHRX,Female,No,No,No,37,100.3,Yes,Yes,Fiber optic,No,No,No,Yes,Yes,Yes,Month-to-month,No,Credit card (automatic),3541.4,No
4430-YHXGG,Female,No,No,Yes,4,25.45,Yes,Yes,No,No internet service,No internet service,No internet service,No internet service,No internet service,No internet service,Month-to-month,Yes,Mailed check,84.2,No
6888-SBYAI,Male,No,No,No,1,50.7,Yes,No,DSL,Yes,No,No,No,No,No,Month-to-month,Yes,Mailed check,50.7,No
7395-XWZOY,Male,No,No,No,20,55.0,No,No phone service,DSL,Yes,Yes,Yes,Yes,Yes,No,Month-to-month,Yes,Credit card (automatic),1165.55,No
7169-YWAMK,Male,No,Yes,Yes,72,68.4,Yes,No,DSL,Yes,Yes,No,Yes,Yes,No,Two year,No,Bank transfer (automatic),4855.35,No
3640-PHQXK,Female,No,No,No,31,89.9,Yes,Yes,Fiber optic,No,No,Yes,No,No,Yes,Month-to-month,Yes,Electronic check,2806.9,Yes
6877-LGWXO,Male,Yes,Yes,No,18,78.55,Yes,No,Fiber optic,No,No,No,No,No,Yes,Month-to-month,No,Electronic check,1422.65,Yes
6859-RKMZJ,Male,No,Yes,No,11,55.05,Yes,No,DSL,No,No,No,No,Yes,No,Month-to-month,Yes,Bank transfer (automatic),608.15,No
2729-VNVAP,Female,No,Yes,Yes,33,19.8,Yes,No,No,No internet service,No internet service,No internet service,No internet service,No internet service,No internet service,Two year,No,Credit card (automatic),641.35,No
2957-JIRMN,Female,Yes,No,No,62,84.45,Yes,Yes,Fiber optic,No,No,No,No,Yes,No,One year,No,Electronic check,4959.15,No
2049-BAFNW,Female,No,No,No,1,35.9,No,No phone service,DSL,No,No,Yes,Yes,No,No,Month-to-month,No,Mailed check,35.9,No
3842-QTGDL,Male,No,Yes,No,16,80.75,Yes,No,Fiber optic,Yes,Yes,No,No,No,No,Month-to-month,No,Bank transfer (automatic),1321.3,No
7163-OCEQI,Male,No,Yes,Yes,22,78.65,Yes,Yes,DSL,No,No,Yes,Yes,Yes,Yes,One year,Yes,Mailed check,1663.75,No
9782-LGXMC,Female,No,Yes,Yes,49,61.75,Yes,No,DSL,Yes,No,Yes,Yes,No,No,Month-to-month,No,Bank transfer (automatic),3024.15,No
5975-BAICR,Male,No,Yes,Yes,36,63.7,Yes,No,DSL,Yes,No,Yes,No,No,Yes,One year,Yes,Credit card (automatic),2188.5,No
8019-ENHXU,Male,No,Yes,No,42,99.45,Yes,Yes,Fiber optic,No,Yes,Yes,Yes,No,Yes,Month-to-month,Yes,Electronic check,4138.05,Yes
5167-GBFRE,Male,Yes,No,No,4,25.2,No,No phone service,DSL,No,No,No,No,No,No,Month-to-month,Yes,Bank transfer (automatic),102.5,Yes
9033-EOXWV,Female,No,No,No,12,74.05,Yes,Yes,DSL,No,No,No,Yes,Yes,Yes,One year,No,Mailed check,872.65,Yes
4673-KKSLS,Female,No,No,No,31,87.6,Yes,No,Fiber optic,Yes,No,Yes,Yes,No,No,Month-to-month,No,Electronic check,2724.25,No
4853-OITSN,Male,No,Yes,No,5,89.15,Yes,Yes,Fiber optic,Yes,No,No,No,No,Yes,Month-to-month,Yes,Electronic check,413.25,No
9800-OUIGR,Male,No,Yes,Yes,66,20.0,Yes,No,No,No internet service,No internet service,No internet service,No internet service,No internet service,No internet service,Two year,No,Credit card (automatic),1374.2,No
1324-NLTJE,Female,Yes,No,No,15,55.0,Yes,Yes,DSL,No,No,No,Yes,No,No,Month-to-month,No,Credit card (automatic),757.1,Yes
2324-EFHVG,Male,No,No,No,64,104.4,Yes,Yes,Fiber optic,No,Yes,Yes,No,Yes,Yes,Two year,Yes,Bank transfer (automatic),6692.65,No
7094-MSZAO,Male,No,Yes,Yes,10,20.05,Yes,No,No,No internet service,No internet service,No internet service,No internet service,No internet service,No internet service,Month-to-month,Yes,Credit card (automatic),218.5,No
1522-VVDMG,Male,No,Yes,Yes,7,89.75,Yes,No,Fiber optic,No,Yes,No,Yes,Yes,No,Month-to-month,Yes,Electronic check,608.8,Yes
6907-CQGPN,Male,No,No,No,29,34.3,No,No phone service,DSL,No,Yes,No,Yes,No,No,Month-to-month,No,Electronic check,1004.75,No
0780-XNZFN,Male,No,No,No,57,20.65,Yes,No,No,No internet service,No internet service,No internet service,No internet service,No internet service,No internet service,Two year,No,Bank transfer (automatic),1125.6,No
0239-OXEXL,Female,No,No,No,46,84.25,Yes,Yes,Fiber optic,Yes,Yes,No,No,No,No,Month-to-month,No,Mailed check,3847.6,No
2675-IJRGJ,Male,No,No,No,53,19.65,Yes,No,No,No internet service,No internet service,No internet service,No internet service,No internet service,No internet service,Two year,No,Bank transfer (automatic),978.0,No
7049-GKVZY,Female,No,No,No,17,79.85,Yes,No,DSL,Yes,Yes,No,Yes,Yes,Yes,One year,No,Credit card (automatic),1387.35,No
8577-QSOCG,Female,No,Yes,Yes,38,20.2,Yes,No,No,No internet service,No internet service,No internet service,No internet service,No internet service,No internet service,Two year,Yes,Mailed check,746.05,No
3721-CNZHX,Male,No,No,No,15,19.8,Yes,No,No,No internet service,No internet service,No internet service,No internet service,No internet service,No internet service,One year,No,Mailed check,304.6,No
0212-ISBBF,Female,No,No,No,22,50.35,No,No phone service,DSL,No,Yes,No,No,Yes,Yes,Month-to-month,Yes,Electronic check,1098.85,No
9185-TQCVP,Male,No,Yes,No,14,85.15,Yes,Yes,Fiber optic,No,No,No,No,No,Yes,Month-to-month,Yes,Electronic check,1139.2,Yes
3585-YNADK,Female,No,Yes,No,57,74.6,Yes,Yes,DSL,No,Yes,Yes,Yes,Yes,No,One year,No,Bank transfer (automatic),4368.95,No
5271-DBYSJ,Male,Yes,No,No,11,79.15,Yes,No,Fiber optic,No,No,No,No,No,Yes,Month-to-month,Yes,Credit card (automatic),827.7,No
1099-GODLO,Female,No,Yes,Yes,1,20.35,Yes,No,No,No internet service,No internet service,No internet service,No internet service,No internet service,No internet service,Two year,No,Mailed check,20.35,No
6828-HMKWP,Male,No,Yes,Yes,12,21.05,Yes,No,No,No internet service,No internet service,No internet service,No internet service,No internet service,No internet service,Two year,No,Bank transfer (automatic),262.05,No
5567-WSELE,Male,Yes,Yes,No,3,94.6,Yes,Yes,Fiber optic,No,No,No,No,Yes,Yes,Month-to-month,Yes,Electronic check,279.55,Yes
1472-TNCWL,Male,No,No,Yes,36,94.7,Yes,No,Fiber optic,No,Yes,No,No,Yes,Yes,Month-to-month,Yes,Electronic check,3512.5,No
8063-RJYNF,Male,No,No,No,16,94.25,Yes,No,Fiber optic,Yes,No,No,No,Yes,Yes,Month-to-month,Yes,Electronic check,1483.25,Yes
0687-ZVTHB,Male,No,Yes,Yes,65,72.45,Yes,Yes,DSL,Yes,Yes,Yes,No,No,Yes,One year,No,Credit card (automatic),4653.85,Yes
2080-GKCWQ,Male,No,No,No,2,74.95,Yes,No,Fiber optic,No,Yes,No,No,No,No,Month-to-month,No,Electronic check,151.75,No
9661-ACXBS,Female,No,No,No,42,105.2,Yes,Yes,Fiber optic,Yes,No,Yes,No,Yes,Yes,Month-to-month,Yes,Electronic check,4400.75,Yes
2193-SFWQW,Male,No,Yes,Yes,72,111.95,Yes,No,Fiber optic,Yes,Yes,Yes,Yes,Yes,Yes,Two year,No,Bank transfer (automatic),8033.1,No
5656-JAMLX,Male,No,No,No,62,19.85,Yes,No,No,No internet service,No internet service,No internet service,No internet service,No internet service,No internet service,Two year,No,Bank transfer (automatic),1253.65,No
3462-BJQQA,Female,No,No,No,6,89.75,Yes,Yes,Fiber optic,No,Yes,No,No,Yes,No,Month-to-month,Yes,Electronic check,552.65,No
0442-TDYUO,Male,No,Yes,No,48,20.05,Yes,No,No,No internet service,No internet service,No internet service,No internet service,No internet service,No internet service,Two year,Yes,Mailed check,1036.0,No
6733-LRIZX,Male,No,No,No,35,108.95,Yes,Yes,Fiber optic,Yes,No,Yes,Yes,Yes,Yes,Two year,Yes,Electronic check,4025.5,No
9503-XJUME,Male,No,No,Yes,52,19.65,Yes,No,No,No internet service,No internet service,No internet service,No internet service,No internet service,No internet service,One year,No,Credit card (automatic),928.4,No
4367-NHWMM,Female,No,No,No,1,24.9,No,No phone service,DSL,No,No,No,No,No,No,Month-to-month,Yes,Mailed check,24.9,No
3727-RJMEO,Male,No,Yes,No,6,82.85,Yes,Yes,Fiber optic,No,No,No,No,Yes,No,Month-to-month,Yes,Electronic check,460.25,Yes
3779-OSWCF,Female,No,Yes,No,71,93.2,Yes,Yes,DSL,Yes,Yes,Yes,Yes,Yes,Yes,Two year,No,Credit card (automatic),6506.15,No
6736-DHUQI,Female,No,Yes,Yes,67,84.8,Yes,No,Fiber optic,Yes,Yes,Yes,No,No,No,One year,No,Bank transfer (automatic),5598.3,No
3915-ODIYG,Male,Yes,No,No,60,71.75,Yes,Yes,DSL,Yes,Yes,No,No,No,Yes,One year,Yes,Electronic check,4374.55,No
1360-RCYRT,Male,No,Yes,Yes,23,30.35,No,No phone service,DSL,No,No,No,Yes,No,No,Month-to-month,Yes,Bank transfer (automatic),678.75,No
2724-FJDYW,Male,No,No,Yes,39,54.85,No,No phone service,DSL,No,No,Yes,Yes,Yes,Yes,One year,No,Bank transfer (automatic),2191.7,No
4451-RWASJ,Male,No,Yes,Yes,15,19.5,Yes,No,No,No internet service,No internet service,No internet service,No internet service,No internet service,No internet service,One year,Yes,Mailed check,239.75,No
6646-VRFOL,Male,Yes,Yes,No,53,103.85,Yes,Yes,Fiber optic,No,Yes,Yes,No,Yes,Yes,Month-to-month,Yes,Electronic check,5485.5,Yes
3460-TJBWI,Male,No,Yes,Yes,24,24.2,Yes,Yes,No,No internet service,No internet service,No internet service,No internet service,No internet service,No internet service,Two year,No,Mailed check,609.05,No
5917-HBSDW,Female,No,Yes,Yes,37,19.35,Yes,No,No,No internet service,No internet service,No internet service,No internet service,No internet service,No internet service,Month-to-month,No,Electronic check,683.75,No
5685-IIXLY,Female,No,Yes,Yes,5,83.6,Yes,No,Fiber optic,No,Yes,No,No,No,Yes,Month-to-month,Yes,Electronic check,404.2,Yes
5671-UUNXD,Female,Yes,Yes,No,50,100.65,Yes,Yes,Fiber optic,No,No,No,Yes,Yes,Yes,One year,Yes,Electronic check,5189.75,No
0956-ACVZC,Female,No,No,No,54,94.1,Yes,No,Fiber optic,No,No,Yes,No,Yes,Yes,One year,Yes,Credit card (automatic),5060.9,No
2325-NBPZG,Female,No,No,No,3,74.55,Yes,No,Fiber optic,Yes,No,No,No,No,No,Month-to-month,Yes,Electronic check,233.65,No
4250-ZBWLV,Male,No,No,No,68,108.45,Yes,Yes,Fiber optic,No,Yes,Yes,Yes,Yes,Yes,One year,No,Electronic check,7176.55,Yes
4482-FTFFX,Male,No,No,No,5,56.15,Yes,No,DSL,No,No,Yes,Yes,No,No,Month-to-month,No,Electronic check,291.45,No
8859-DZTGQ,Male,No,No,No,33,20.35,Yes,No,No,No internet service,No internet service,No internet service,No internet service,No internet service,No internet service,Two year,No,Mailed check,689.75,No
0440-MOGPM,Female,No,No,No,41,80.55,Yes,Yes,DSL,No,Yes,Yes,No,Yes,Yes,One year,Yes,Electronic check,3263.9,No
0020-JDNXP,Female,No,Yes,Yes,34,61.25,No,No phone service,DSL,Yes,No,Yes,Yes,Yes,Yes,One year,No,Mailed check,1993.2,No
3752-CQSJI,Female,No,Yes,Yes,13,20.45,Yes,No,No,No internet service,No internet service,No internet service,No internet service,No internet service,No internet service,Month-to-month,Yes,Mailed check,254.5,No
5025-GOOKI,Female,No,No,No,20,18.9,Yes,No,No,No internet service,No internet service,No internet service,No internet service,No internet service,No internet service,Month-to-month,Yes,Credit card (automatic),347.65,No
4698-KVLLG,Female,Yes,No,No,51,19.6,Yes,No,No,No internet service,No internet service,No internet service,No internet service,No internet service,No internet service,Two year,No,Credit card (automatic),967.9,No
5095-AESKG,Female,No,Yes,No,3,91.5,Yes,Yes,Fiber optic,No,Yes,No,No,No,Yes,Month-to-month,Yes,Credit card (automatic),242.95,Yes
2887-JPYLU,Female,No,No,Yes,41,45.2,Yes,No,DSL,No,No,No,No,No,No,Month-to-month,No,Bank transfer (automatic),1841.9,No
4770-QAZXN,Female,No,No,No,13,19.45,Yes,No,No,No internet service,No internet service,No internet service,No internet service,No internet service,No internet service,Month-to-month,No,Credit card (automatic),232.1,No
4896-CPRPF,Male,No,Yes,Yes,35,25.45,Yes,Yes,No,No internet service,No internet service,No internet service,No internet service,No internet service,No internet service,Two year,No,Bank transfer (automatic),809.25,No
1871-MOWRM,Male,No,Yes,No,12,80.85,Yes,No,Fiber optic,Yes,No,No,Yes,No,No,Month-to-month,No,Bank transfer (automatic),866.45,Yes
9714-EDSUC,Male,No,No,No,4,94.9,Yes,No,Fiber optic,Yes,Yes,No,Yes,No,Yes,Month-to-month,Yes,Mailed check,360.55,No
2027-OAQQC,Female,No,No,No,43,49.05,No,No phone service,DSL,No,No,Yes,No,Yes,Yes,Month-to-month,Yes,Bank transfer (automatic),2076.2,Yes
0282-NVSJS,Female,Yes,Yes,Yes,12,29.3,No,No phone service,DSL,No,No,No,Yes,No,No,Month-to-month,Yes,Mailed check,355.9,No
9090-SGQXL,Male,Yes,Yes,No,68,105.3,Yes,Yes,Fiber optic,No,Yes,Yes,No,Yes,Yes,Month-to-month,Yes,Electronic check,7299.65,Yes
6595-YGXIT,Male,Yes,No,No,25,88.95,Yes,Yes,Fiber optic,No,Yes,No,No,Yes,No,Month-to-month,Yes,Electronic check,2291.2,Yes
7353-YOWFP,Female,No,No,No,7,20.25,Yes,No,No,No internet service,No internet service,No internet service,No internet service,No internet service,No internet service,One year,No,Mailed check,129.15,No
9835-ZIITK,Male,Yes,Yes,No,66,110.85,Yes,Yes,Fiber optic,No,Yes,Yes,Yes,Yes,Yes,One year,Yes,Electronic check,7491.75,Yes
8008-ESFLK,Female,No,Yes,No,53,110.5,Yes,No,Fiber optic,Yes,Yes,Yes,Yes,Yes,Yes,One year,No,Electronic check,5835.5,No
7537-CBQUZ,Male,Yes,No,No,63,109.4,Yes,Yes,Fiber optic,Yes,Yes,Yes,No,Yes,Yes,Month-to-month,Yes,Bank transfer (automatic),7031.45,No
1555-DJEQW,Female,No,Yes,Yes,70,114.2,Yes,Yes,Fiber optic,Yes,Yes,Yes,Yes,Yes,Yes,Two year,Yes,Bank transfer (automatic),7723.9,Yes
5649-TJHOV,Male,Yes,Yes,No,27,36.5,No,No phone service,DSL,No,No,No,No,No,Yes,Month-to-month,No,Bank transfer (automatic),1032.0,Yes
0519-XUZJU,Female,No,No,No,1,70.75,Yes,No,Fiber optic,No,No,No,No,No,No,Month-to-month,No,Mailed check,70.75,Yes
3363-EWLGO,Female,No,No,No,5,19.95,Yes,No,No,No internet service,No internet service,No internet service,No internet service,No internet service,No internet service,Month-to-month,No,Mailed check,109.6,No
4750-UKWJK,Female,Yes,Yes,No,37,19.6,Yes,No,No,No internet service,No internet service,No internet service,No internet service,No internet service,No internet service,One year,No,Mailed check,727.8,No
6338-AVWCY,Male,No,No,No,3,40.15,No,No phone service,DSL,No,No,Yes,No,Yes,No,Month-to-month,Yes,Mailed check,130.75,Yes
1689-YQBYY,Female,No,No,Yes,12,76.6,Yes,Yes,Fiber optic,No,No,No,No,No,No,Month-to-month,Yes,Electronic check,893.0,No
4487-ZYJZK,Female,No,Yes,Yes,38,19.6,Yes,No,No,No internet service,No internet service,No internet service,No internet service,No internet service,No internet service,One year,No,Credit card (automatic),763.1,No
2959-FENLU,Female,No,No,No,9,85.3,Yes,No,Fiber optic,No,No,Yes,No,No,Yes,Month-to-month,Yes,Credit card (automatic),781.4,No
0708-LGSMF,Male,No,Yes,No,13,65.85,Yes,Yes,DSL,Yes,No,No,No,No,Yes,Month-to-month,Yes,Electronic check,902.25,No
9253-QXKBE,Male,Yes,Yes,No,29,94.45,Yes,Yes,Fiber optic,No,No,No,No,Yes,Yes,Month-to-month,Yes,Electronic check,2653.65,Yes
7634-HLQJR,Female,No,Yes,Yes,47,20.05,Yes,No,No,No internet service,No internet service,No internet service,No internet service,No internet service,No internet service,Two year,No,Credit card (automatic),1016.7,No
0487-RPVUM,Male,No,Yes,No,61,99.4,Yes,Yes,Fiber optic,Yes,No,Yes,Yes,Yes,No,Month-to-month,No,Bank transfer (automatic),5943.65,No
4079-ULGFR,Male,No,No,No,16,20.0,Yes,No,No,No internet service,No internet service,No internet service,No internet service,No internet service,No internet service,Month-to-month,No,Mailed check,275.7,No
2516-XSJKX,Female,No,Yes,Yes,41,78.45,Yes,No,DSL,Yes,Yes,No,Yes,Yes,Yes,Two year,No,Electronic check,3126.45,No
0057-QBUQH,Female,No,No,Yes,43,25.1,Yes,Yes,No,No internet service,No internet service,No internet service,No internet service,No internet service,No internet service,Two year,Yes,Electronic check,1070.15,No
9445-SZLCH,Female,No,Yes,Yes,36,97.35,Yes,Yes,Fiber optic,No,Yes,Yes,No,Yes,No,Month-to-month,Yes,Bank transfer (automatic),3457.9,Yes
6599-SFQVE,Female,No,No,No,6,55.0,Yes,No,DSL,No,No,No,No,No,Yes,Month-to-month,Yes,Electronic check,340.4,No
8331-ZXFOE,Female,No,No,No,58,71.1,Yes,Yes,DSL,Yes,Yes,Yes,Yes,No,No,One year,Yes,Credit card (automatic),4299.2,No
4003-FUSHP,Male,No,No,No,19,61.55,Yes,No,DSL,No,No,No,Yes,Yes,No,Month-to-month,Yes,Credit card (automatic),1093.2,No
0356-ERHVT,Male,No,Yes,No,11,45.9,Yes,No,DSL,No,No,No,No,No,No,Month-to-month,Yes,Bank transfer (automatic),521.9,No
7325-ENZFI,Female,No,No,No,39,40.3,No,No phone service,DSL,Yes,Yes,No,Yes,No,No,One year,Yes,Bank transfer (automatic),1630.4,No
4884-ZTHVF,Female,Yes,No,No,8,87.1,Yes,No,Fiber optic,No,Yes,No,No,Yes,No,Month-to-month,Yes,Electronic check,713.6,No
3920-HIHMQ,Female,No,No,Yes,26,49.5,Yes,Yes,DSL,No,No,No,No,No,No,Month-to-month,Yes,Mailed check,1265.65,No
3055-OYMSE,Female,Yes,No,No,53,73.8,Yes,No,Fiber optic,No,Yes,No,No,No,No,Month-to-month,Yes,Credit card (automatic),4003.85,No
0613-WUXUM,Female,No,Yes,Yes,70,19.2,Yes,No,No,No internet service,No internet service,No internet service,No internet service,No internet service,No internet service,Two year,Yes,Mailed check,1401.4,No
7568-PODML,Male,No,No,No,1,45.3,No,No phone service,DSL,No,No,No,No,Yes,Yes,Month-to-month,Yes,Mailed check,45.3,Yes
4458-KVRBJ,Male,No,No,No,59,25.0,Yes,Yes,No,No internet service,No internet service,No internet service,No internet service,No internet service,No internet service,Two year,No,Mailed check,1510.5,No
5349-IECLD,Male,No,No,No,2,94.95,Yes,No,Fiber optic,No,No,Yes,No,Yes,Yes,Month-to-month,No,Electronic check,178.1,Yes
1397-XKKWR,Male,No,No,No,7,35.3,No,No phone service,DSL,Yes,No,Yes,No,No,No,One year,No,Mailed check,264.8,No
3945-GFWQL,Female,No,No,Yes,12,44.55,Yes,No,DSL,No,No,No,No,No,No,Month-to-month,Yes,Electronic check,480.6,Yes
8097-OMULG,Male,No,Yes,Yes,59,76.75,Yes,No,DSL,No,Yes,Yes,Yes,Yes,Yes,One year,No,Credit card (automatic),4541.9,No
6013-BHCAW,Male,No,Yes,Yes,61,81.0,Yes,Yes,DSL,No,No,Yes,Yes,Yes,Yes,Two year,Yes,Bank transfer (automatic),4976.15,No
0401-WDBXM,Male,No,Yes,Yes,72,105.55,Yes,Yes,Fiber optic,Yes,No,Yes,No,Yes,Yes,Two year,Yes,Bank transfer (automatic),7542.25,No
3387-PLKUI,Female,No,Yes,Yes,13,18.8,Yes,No,No,No internet service,No internet service,No internet service,No internet service,No internet service,No internet service,Month-to-month,No,Mailed check,251.25,No
6096-EGVTU,Female,No,Yes,Yes,64,24.9,Yes,Yes,No,No internet service,No internet service,No internet service,No internet service,No internet service,No internet service,One year,No,Mailed check,1595.5,No
3797-VTIDR,Male,No,Yes,No,1,23.45,No,No phone service,DSL,No,No,No,No,No,No,Month-to-month,Yes,Electronic check,23.45,Yes
5081-NWSUP,Female,No,No,No,10,64.9,Yes,No,DSL,No,Yes,No,Yes,No,Yes,One year,No,Mailed check,685.55,No
2580-ATZSQ,Female,No,Yes,Yes,65,61.35,Yes,No,DSL,Yes,Yes,Yes,No,No,No,One year,No,Bank transfer (automatic),3874.1,No
8085-MSNLK,Female,No,Yes,No,62,113.95,Yes,Yes,Fiber optic,Yes,Yes,Yes,Yes,Yes,Yes,Two year,No,Mailed check,6891.4,No
9691-HKOVS,Female,No,Yes,No,55,90.15,Yes,Yes,DSL,Yes,Yes,Yes,Yes,Yes,Yes,One year,Yes,Electronic check,4916.95,No
9881-VCZEP,Female,No,Yes,No,25,54.1,Yes,Yes,DSL,No,Yes,No,No,No,No,Month-to-month,No,Electronic check,1373.0,No
9526-BIHHD,Male,No,No,No,1,29.7,No,No phone service,DSL,Yes,No,No,No,No,No,Month-to-month,No,Mailed check,29.7,Yes
8757-TFHHJ,Male,No,No,No,1,49.8,Yes,No,DSL,Yes,No,No,No,No,No,Month-to-month,Yes,Credit card (automatic),49.8,No
4523-WXCEF,Female,No,Yes,No,59,101.1,Yes,Yes,Fiber optic,No,Yes,No,No,Yes,Yes,Month-to-month,No,Electronic check,6039.9,Yes
1468-DEFNC,Male,Yes,Yes,Yes,64,24.4,Yes,Yes,No,No internet service,No internet service,No internet service,No internet service,No internet service,No internet service,Two year,Yes,Bank transfer (automatic),1548.65,No
5119-KEPFY,Male,No,Yes,No,36,95.0,Yes,Yes,Fiber optic,No,No,No,No,Yes,Yes,Month-to-month,Yes,Bank transfer (automatic),3440.25,No
8364-TRMMK,Female,No,No,No,3,50.65,Yes,Yes,DSL,No,No,No,No,No,No,Month-to-month,Yes,Mailed check,151.3,Yes
0916-KNFAJ,Male,No,Yes,No,61,69.9,Yes,Yes,DSL,Yes,No,Yes,No,No,Yes,Two year,Yes,Mailed check,4226.7,No
8319-QBEHW,Male,No,No,Yes,26,39.95,No,No phone service,DSL,No,Yes,No,No,Yes,No,One year,Yes,Bank transfer (automatic),1023.75,No
3063-QFSZL,Female,No,No,No,1,55.4,Yes,No,DSL,No,No,No,No,No,Yes,Month-to-month,Yes,Electronic check,55.4,Yes
8775-LHDJH,Female,Yes,Yes,No,1,90.6,Yes,Yes,Fiber optic,No,Yes,No,No,Yes,No,Month-to-month,Yes,Electronic check,90.6,Yes
9625-QNLUX,Male,No,Yes,Yes,68,103.25,Yes,No,Fiber optic,Yes,Yes,Yes,No,Yes,Yes,Two year,Yes,Credit card (automatic),7074.4,No
3097-NQYSN,Male,Yes,Yes,No,2,86.85,Yes,Yes,Fiber optic,No,No,No,No,Yes,No,Month-to-month,Yes,Mailed check,156.35,Yes
4024-CSNBY,Female,No,Yes,No,72,94.25,Yes,Yes,Fiber optic,Yes,Yes,Yes,Yes,No,No,Two year,Yes,Bank transfer (automatic),6849.75,No
7110-BDTWG,Female,No,Yes,No,71,47.05,No,No phone service,DSL,No,No,Yes,Yes,No,Yes,Two year,Yes,Electronic check,3263.6,No
7493-GVFIO,Male,No,No,No,57,20.55,Yes,No,No,No internet service,No internet service,No internet service,No internet service,No internet service,No internet service,Two year,No,Credit card (automatic),1252.85,No
0690-SRQID,Male,No,No,No,4,19.65,Yes,No,No,No internet service,No internet service,No internet service,No internet service,No internet service,No internet service,Month-to-month,Yes,Mailed check,67.55,No
9605-WGJVW,Female,Yes,No,No,1,70.2,Yes,No,Fiber optic,No,No,No,No,No,No,Month-to-month,Yes,Electronic check,70.2,No
9114-DPSIA,Male,No,Yes,Yes,72,81.0,Yes,Yes,DSL,Yes,Yes,Yes,Yes,No,Yes,Two year,No,Credit card (automatic),5750.0,No
4700-UBQMV,Male,No,Yes,Yes,21,75.9,Yes,Yes,DSL,Yes,No,No,No,Yes,Yes,One year,Yes,Bank transfer (automatic),1549.75,No
7711-GQBZC,Female,No,Yes,Yes,71,24.7,Yes,Yes,No,No internet service,No internet service,No internet service,No internet service,No internet service,No internet service,Two year,No,Bank transfer (automatic),1810.55,No
3565-UNOCC,Female,Yes,Yes,No,29,99.05,Yes,Yes,Fiber optic,No,No,Yes,No,Yes,Yes,Month-to-month,Yes,Bank transfer (automatic),2952.85,Yes
4627-MIHJH,Female,Yes,No,No,69,110.25,Yes,Yes,Fiber optic,Yes,No,Yes,Yes,Yes,Yes,Two year,No,Credit card (automatic),7467.55,No
9795-NREXC,Female,No,Yes,No,64,85.0,Yes,Yes,DSL,Yes,No,Yes,Yes,Yes,Yes,Two year,Yes,Credit card (automatic),5484.4,No
8573-CGOCC,Male,No,No,No,16,19.75,Yes,No,No,No internet service,No internet service,No internet service,No internet service,No internet service,No internet service,Month-to-month,No,Credit card (automatic),294.9,No
7356-AYNJP,Female,No,No,No,4,23.9,Yes,Yes,No,No internet service,No internet service,No internet service,No internet service,No internet service,No internet service,One year,No,Electronic check,97.5,No
9249-FXSCK,Female,No,No,No,52,111.25,Yes,Yes,Fiber optic,Yes,Yes,No,Yes,Yes,Yes,One year,Yes,Credit card (automatic),5916.45,Yes
5493-SDRDQ,Male,No,No,No,2,55.1,Yes,No,DSL,Yes,No,Yes,No,No,No,Month-to-month,Yes,Mailed check,113.35,Yes
6286-SUUWT,Male,No,No,No,1,19.95,Yes,No,No,No internet service,No internet service,No internet service,No internet service,No internet service,No internet service,Month-to-month,No,Mailed check,19.95,No
4819-HJPIW,Male,No,No,No,18,25.15,No,No phone service,DSL,No,No,No,No,No,No,Month-to-month,No,Mailed check,476.8,No
8654-DHAOW,Female,No,No,No,2,54.15,Yes,Yes,DSL,No,Yes,No,No,No,No,Month-to-month,No,Mailed check,101.65,No
5438-QMDDL,Female,No,Yes,No,19,59.8,Yes,No,DSL,No,Yes,No,No,No,Yes,Month-to-month,Yes,Mailed check,1130.85,No
9812-GHVRI,Female,No,No,No,40,83.85,Yes,Yes,Fiber optic,No,No,No,No,No,Yes,Month-to-month,No,Bank transfer (automatic),3532.25,No
5553-AOINX,Female,Yes,Yes,Yes,66,104.9,Yes,Yes,Fiber optic,No,Yes,Yes,No,Yes,Yes,One year,Yes,Electronic check,6891.45,No
1228-ZLNBX,Male,No,No,No,21,75.3,Yes,Yes,Fiber optic,No,No,No,No,No,No,Month-to-month,No,Mailed check,1570.7,No
4226-KKDON,Male,No,No,No,8,66.65,Yes,No,DSL,No,Yes,No,Yes,Yes,No,Month-to-month,Yes,Electronic check,520.95,No
3831-YCPUO,Female,No,Yes,Yes,72,109.5,Yes,No,Fiber optic,Yes,Yes,Yes,Yes,Yes,Yes,Two year,Yes,Credit card (automatic),7854.9,No
7445-WMRBW,Female,No,No,No,48,73.85,Yes,Yes,DSL,No,Yes,Yes,Yes,Yes,No,One year,Yes,Bank transfer (automatic),3581.4,No
3308-DGHKL,Male,No,No,No,69,19.3,Yes,No,No,No internet service,No internet service,No internet service,No internet service,No internet service,No internet service,Two year,Yes,Bank transfer (automatic),1447.9,No
9924-JPRMC,Male,No,No,No,72,118.2,Yes,Yes,Fiber optic,Yes,Yes,Yes,Yes,Yes,Yes,Two year,Yes,Electronic check,8547.15,No
0080-EMYVY,Female,No,No,No,14,51.45,Yes,No,DSL,No,Yes,No,No,No,No,One year,No,Credit card (automatic),727.85,No
6218-KNUBD,Male,No,No,No,6,59.45,Yes,No,DSL,No,Yes,No,No,Yes,No,Month-to-month,No,Electronic check,357.6,No
7337-CINUD,Female,No,Yes,Yes,8,19.5,Yes,No,No,No internet service,No internet service,No internet service,No internet service,No internet service,No internet service,Two year,No,Bank transfer (automatic),159.35,No
7609-NRNCA,Female,No,No,No,17,19.55,Yes,No,No,No internet service,No internet service,No internet service,No internet service,No internet service,No internet service,One year,No,Mailed check,280.85,No
0623-EJQEG,Male,No,No,No,65,93.55,Yes,Yes,Fiber optic,Yes,No,No,Yes,No,Yes,One year,No,Electronic check,6069.25,No
7153-CHRBV,Female,No,Yes,Yes,57,59.3,Yes,No,DSL,Yes,No,Yes,Yes,No,No,One year,Yes,Mailed check,3274.35,No
0871-URUWO,Male,No,Yes,No,13,102.25,Yes,Yes,Fiber optic,No,No,Yes,No,Yes,Yes,Month-to-month,Yes,Credit card (automatic),1359.0,Yes
9190-MFJLN,Male,Yes,No,No,19,95.9,Yes,No,Fiber optic,No,No,Yes,No,Yes,Yes,Month-to-month,Yes,Credit card (automatic),1777.9,Yes
6198-PNNSZ,Female,No,Yes,No,56,109.8,Yes,Yes,Fiber optic,Yes,Yes,Yes,No,Yes,Yes,One year,No,Bank transfer (automatic),6109.65,No
3317-VLGQT,Female,No,Yes,No,14,78.1,Yes,No,Fiber optic,No,No,No,No,No,Yes,Month-to-month,Yes,Electronic check,1122.4,No
4132-POCZS,Male,No,Yes,No,52,39.9,No,No phone service,DSL,Yes,No,No,No,No,Yes,Month-to-month,Yes,Electronic check,2020.9,No
5614-DNZCE,Female,No,No,No,58,64.9,Yes,No,DSL,Yes,Yes,Yes,Yes,No,No,Two year,Yes,Credit card (automatic),3795.45,No
1095-JUDTC,Female,Yes,No,No,47,95.05,Yes,Yes,Fiber optic,No,Yes,No,Yes,Yes,No,Month-to-month,Yes,Electronic check,4504.55,Yes
3896-RCYYE,Female,No,No,No,67,53.4,No,No phone service,DSL,No,No,Yes,Yes,Yes,Yes,Month-to-month,Yes,Credit card (automatic),3579.15,No
9638-JIQYA,Male,No,No,No,2,24.9,No,No phone service,DSL,No,No,No,No,No,No,Month-to-month,Yes,Credit card (automatic),49.7,No
3258-SANFR,Male,Yes,No,No,6,44.7,Yes,No,DSL,No,No,No,No,No,No,Month-to-month,No,Credit card (automatic),276.5,No
3726-TBHQT,Male,No,Yes,Yes,71,114.0,Yes,Yes,Fiber optic,Yes,Yes,Yes,Yes,Yes,Yes,Two year,Yes,Bank transfer (automatic),8175.9,No
3190-ITQXP,Female,No,Yes,Yes,46,20.25,Yes,No,No,No internet service,No internet service,No internet service,No internet service,No internet service,No internet service,Two year,No,Bank transfer (automatic),890.35,No
0870-VEMYL,Female,No,No,No,5,53.85,Yes,No,DSL,Yes,No,No,Yes,No,No,Month-to-month,No,Credit card (automatic),259.8,Yes
4833-QTJNO,Male,Yes,Yes,No,67,83.85,Yes,Yes,Fiber optic,Yes,Yes,No,No,No,No,Month-to-month,No,Bank transfer (automatic),5588.8,No
3039-MJSLN,Male,No,No,Yes,3,20.2,Yes,No,No,No internet service,No internet service,No internet service,No internet service,No internet service,No internet service,Month-to-month,No,Bank transfer (automatic),50.6,No
0178-CIIKR,Female,No,No,No,3,19.95,Yes,No,No,No internet service,No internet service,No internet service,No internet service,No internet service,No internet service,Month-to-month,No,Mailed check,58.0,No
5385-SUIRI,Male,Yes,Yes,No,52,104.2,Yes,Yes,Fiber optic,Yes,No,Yes,No,Yes,Yes,Month-to-month,Yes,Electronic check,5568.35,Yes
3982-XWFZQ,Female,No,Yes,No,42,50.25,Yes,Yes,DSL,No,No,No,No,No,No,Month-to-month,Yes,Electronic check,2203.65,Yes
5774-QPLTF,Male,No,Yes,Yes,50,20.35,Yes,No,No,No internet service,No internet service,No internet service,No internet service,No internet service,No internet service,One year,Yes,Mailed check,938.95,No
2322-VCZHZ,Male,Yes,Yes,No,23,90.0,Yes,No,Fiber optic,Yes,Yes,No,No,No,Yes,Month-to-month,Yes,Electronic check,2024.1,No
5010-IPEAQ,Female,No,Yes,Yes,67,54.2,No,No phone service,DSL,Yes,Yes,Yes,Yes,Yes,No,Two year,No,Credit card (automatic),3623.95,No
4009-ALQFH,Female,No,No,No,25,99.5,Yes,No,Fiber optic,No,Yes,Yes,No,Yes,Yes,Month-to-month,Yes,Electronic check,2369.05,Yes
6383-ZTSIW,Female,Yes,Yes,No,39,99.1,Yes,No,Fiber optic,Yes,Yes,No,No,Yes,Yes,One year,No,Mailed check,3877.95,No
8990-YOZLV,Female,No,No,No,69,66.9,Yes,Yes,DSL,Yes,Yes,No,Yes,No,No,Two year,Yes,Mailed check,4577.9,No
3069-SSVSN,Female,No,No,No,1,25.85,No,No phone service,DSL,No,No,No,No,No,No,One year,No,Mailed check,25.85,No
5222-IMUKT,Male,No,No,No,32,91.05,Yes,No,Fiber optic,No,No,No,No,Yes,Yes,Month-to-month,No,Electronic check,2871.5,No
3627-FCRDW,Female,No,No,No,9,71.0,Yes,No,Fiber optic,No,No,No,No,No,No,Month-to-month,No,Electronic check,672.55,Yes
7562-GSUHK,Female,No,No,No,16,93.2,Yes,No,Fiber optic,No,Yes,Yes,No,No,Yes,Month-to-month,Yes,Credit card (automatic),1573.7,Yes
6685-XSHHU,Male,No,Yes,Yes,60,20.95,Yes,No,No,No internet service,No internet service,No internet service,No internet service,No internet service,No internet service,Two year,Yes,Bank transfer (automatic),1270.55,No
8901-UPRHR,Female,No,Yes,Yes,72,109.2,Yes,Yes,Fiber optic,No,Yes,Yes,Yes,Yes,Yes,Two year,Yes,Bank transfer (automatic),7711.45,No
4903-UYAVB,Male,No,Yes,No,5,19.35,Yes,No,No,No internet service,No internet service,No internet service,No internet service,No internet service,No internet service,Month-to-month,No,Mailed check,126.05,Yes
0118-JPNOY,Female,Yes,No,No,26,85.8,Yes,No,Fiber optic,Yes,No,No,No,Yes,No,Month-to-month,Yes,Credit card (automatic),2193.65,No
6776-TLWOI,Male,No,No,No,3,19.85,Yes,No,No,No internet service,No internet service,No internet service,No internet service,No internet service,No internet service,Month-to-month,No,Mailed check,64.55,Yes
3845-FXCYS,Male,No,No,No,2,19.65,Yes,No,No,No internet service,No internet service,No internet service,No internet service,No internet service,No internet service,Month-to-month,Yes,Electronic check,31.2,No
5857-XRECV,Female,No,No,Yes,2,20.5,Yes,No,No,No internet service,No internet service,No internet service,No internet service,No internet service,No internet service,One year,No,Bank transfer (automatic),38.25,No
0725-CXOTM,Female,No,No,No,36,89.65,Yes,Yes,DSL,Yes,No,Yes,Yes,Yes,Yes,One year,Yes,Credit card (automatic),3348.1,No
4343-EJVQB,Male,No,No,No,7,74.35,Yes,No,Fiber optic,Yes,No,No,No,No,No,Month-to-month,No,Mailed check,533.6,No
9000-PLFUZ,Female,Yes,Yes,No,60,49.45,No,No phone service,DSL,No,Yes,No,No,Yes,Yes,Two year,Yes,Credit card (automatic),2907.55,No
3427-GGZZI,Female,No,Yes,No,19,89.1,Yes,Yes,Fiber optic,No,Yes,No,No,No,Yes,Month-to-month,Yes,Electronic check,1620.8,No
7779-ORAEL,Male,Yes,Yes,No,45,75.15,Yes,Yes,DSL,Yes,No,Yes,Yes,No,Yes,Two year,No,Credit card (automatic),3480.35,No
0644-OQMDK,Male,Yes,No,No,4,70.65,Yes,No,Fiber optic,No,No,No,No,No,No,Month-to-month,Yes,Electronic check,293.85,No
4077-CROMM,Female,No,Yes,Yes,31,104.2,Yes,Yes,Fiber optic,No,No,Yes,Yes,Yes,Yes,Month-to-month,Yes,Electronic check,3243.45,Yes
3154-CFSZG,Male,No,Yes,Yes,47,90.05,Yes,No,Fiber optic,Yes,No,Yes,No,No,Yes,Month-to-month,No,Electronic check,4137.2,No
2868-MZAGQ,Male,No,No,No,1,79.25,Yes,No,Fiber optic,No,No,No,No,No,Yes,Month-to-month,Yes,Electronic check,79.25,Yes
4847-QNOKA,Female,No,No,No,1,44.9,Yes,No,DSL,No,No,No,No,No,No,Month-to-month,Yes,Bank transfer (automatic),44.9,Yes
2220-IAHLS,Female,No,No,No,1,19.4,Yes,No,No,No internet service,No internet service,No internet service,No internet service,No internet service,No internet service,Month-to-month,No,Credit card (automatic),19.4,No
1658-XUHBX,Female,Yes,Yes,Yes,59,88.75,Yes,Yes,Fiber optic,No,No,Yes,No,No,Yes,Month-to-month,Yes,Credit card (automatic),5348.65,No
6379-RXJRQ,Male,No,Yes,No,10,70.1,Yes,No,Fiber optic,No,No,No,No,No,No,Month-to-month,Yes,Electronic check,659.65,Yes
2378-HTWFW,Male,Yes,No,No,35,91.0,Yes,Yes,Fiber optic,Yes,No,No,No,No,Yes,Month-to-month,No,Credit card (automatic),3180.5,No
8650-RHRKE,Male,No,No,No,4,29.65,No,No phone service,DSL,No,No,Yes,No,No,No,Month-to-month,Yes,Electronic check,118.5,Yes
4377-VDHYI,Male,No,Yes,Yes,32,90.8,Yes,No,Fiber optic,Yes,Yes,No,No,No,Yes,One year,Yes,Electronic check,3023.85,No
0475-RIJEP,Male,No,No,No,43,77.85,Yes,Yes,Fiber optic,No,Yes,No,No,No,No,Month-to-month,Yes,Electronic check,3365.85,Yes
1260-TTRXI,Male,No,No,No,4,54.3,Yes,No,DSL,No,No,No,No,No,Yes,Month-to-month,No,Electronic check,195.3,Yes
3719-TDVQB,Female,Yes,Yes,No,54,18.95,Yes,No,No,No internet service,No internet service,No internet service,No internet service,No internet service,No internet service,Two year,Yes,Mailed check,1031.1,No
6328-ZPBGN,Female,Yes,No,No,11,95.15,Yes,Yes,Fiber optic,No,No,No,No,Yes,Yes,Month-to-month,Yes,Bank transfer (automatic),997.65,Yes
0201-MIBOL,Female,Yes,No,No,66,102.4,Yes,Yes,Fiber optic,Yes,No,No,No,Yes,Yes,Two year,Yes,Bank transfer (automatic),6471.85,No
4937-QPZPO,Male,No,Yes,Yes,61,99.9,Yes,Yes,Fiber optic,No,No,Yes,No,Yes,Yes,One year,Yes,Electronic check,6241.35,No
2925-VDZHY,Male,No,Yes,Yes,72,88.7,Yes,Yes,DSL,Yes,Yes,Yes,Yes,Yes,Yes,Two year,No,Credit card (automatic),6501.35,No
6981-TDRFT,Male,No,Yes,Yes,44,54.3,No,No phone service,DSL,No,No,Yes,Yes,Yes,Yes,One year,Yes,Electronic check,2317.1,No
3413-CSSTH,Male,No,No,No,41,55.7,Yes,Yes,DSL,No,No,Yes,No,No,No,Month-to-month,Yes,Bank transfer (automatic),2237.55,No
8033-VCZGH,Male,No,Yes,No,50,103.95,Yes,Yes,Fiber optic,Yes,No,Yes,No,Yes,Yes,One year,Yes,Electronic check,5231.3,No
4789-KWMXN,Male,No,Yes,No,47,110.85,Yes,Yes,Fiber optic,Yes,No,Yes,Yes,Yes,Yes,One year,Yes,Credit card (automatic),5275.8,Yes
0224-NIJLP,Male,No,Yes,Yes,8,20.15,Yes,No,No,No internet service,No internet service,No internet service,No internet service,No internet service,No internet service,Two year,No,Mailed check,165.5,No
7542-CYDDM,Male,No,No,No,18,20.05,Yes,No,No,No internet service,No internet service,No internet service,No internet service,No internet service,No internet service,Month-to-month,No,Mailed check,358.5,No
4718-WXBGI,Male,No,Yes,Yes,72,91.95,Yes,Yes,DSL,Yes,Yes,Yes,Yes,Yes,Yes,Two year,Yes,Credit card (automatic),6614.9,No
2867-UIMSS,Male,No,No,No,1,80.5,Yes,No,Fiber optic,No,No,No,No,No,Yes,Month-to-month,No,Electronic check,80.5,Yes
8495-PRWFH,Female,Yes,No,No,42,55.65,Yes,Yes,DSL,No,No,Yes,No,No,No,Month-to-month,No,Electronic check,2421.75,No
0439-IFYUN,Female,Yes,No,No,18,74.7,Yes,No,Fiber optic,No,Yes,No,No,No,No,Month-to-month,Yes,Electronic check,1294.6,No
5716-LIBJC,Female,No,No,Yes,13,104.15,Yes,Yes,Fiber optic,No,Yes,Yes,No,Yes,Yes,One year,Yes,Credit card (automatic),1299.1,No
2868-LLSKM,Female,No,Yes,Yes,68,83.65,Yes,Yes,Fiber optic,No,Yes,No,Yes,No,No,One year,Yes,Bank transfer (automatic),5733.4,No
8111-RKSPX,Male,No,No,No,4,72.2,Yes,Yes,Fiber optic,No,No,No,No,No,No,Month-to-month,Yes,Bank transfer (automatic),305.55,Yes
2988-QRAJY,Male,No,No,No,69,110.05,Yes,Yes,Fiber optic,Yes,Yes,Yes,No,Yes,Yes,Two year,Yes,Credit card (automatic),7430.75,No
1585-MQSSU,Male,No,No,No,17,51.5,Yes,No,DSL,No,No,No,Yes,No,No,Month-to-month,No,Mailed check,900.5,Yes
0071-NDAFP,Male,No,Yes,Yes,25,25.5,Yes,Yes,No,No internet service,No internet service,No internet service,No internet service,No internet service,No internet service,Two year,No,Credit card (automatic),630.6,No
2856-NNASM,Male,Yes,No,No,43,89.55,Yes,No,Fiber optic,No,No,No,No,Yes,Yes,Month-to-month,Yes,Mailed check,3856.75,Yes
7328-ZJAJO,Female,No,Yes,Yes,59,19.5,Yes,No,No,No internet service,No internet service,No internet service,No internet service,No internet service,No internet service,Two year,No,Credit card (automatic),1222.65,No
6458-CYIDZ,Female,Yes,No,No,5,80.7,Yes,No,Fiber optic,Yes,Yes,No,No,No,No,Month-to-month,No,Electronic check,374.8,No
8559-CIZFV,Male,No,Yes,Yes,21,77.5,Yes,Yes,DSL,Yes,Yes,No,Yes,Yes,No,One year,No,Mailed check,1625.0,Yes
1090-PYKCI,Female,No,Yes,Yes,69,105.1,Yes,Yes,Fiber optic,Yes,Yes,Yes,Yes,Yes,No,One year,Yes,Credit card (automatic),7234.8,No
3058-WQDRE,Male,No,No,No,13,25.15,No,No phone service,DSL,No,No,No,No,No,No,Month-to-month,Yes,Bank transfer (automatic),331.85,No
7547-EKNFS,Male,No,Yes,No,42,95.25,Yes,Yes,Fiber optic,No,Yes,Yes,No,Yes,No,Month-to-month,Yes,Bank transfer (automatic),3959.35,Yes
2279-AXJJK,Male,No,Yes,No,52,95.65,Yes,Yes,Fiber optic,No,Yes,No,Yes,No,Yes,Month-to-month,Yes,Credit card (automatic),5088.4,No
6769-DYBQN,Male,Yes,No,No,46,85.0,Yes,No,Fiber optic,Yes,No,No,No,No,Yes,Month-to-month,No,Electronic check,3969.4,Yes
0909-SELIE,Male,No,Yes,No,61,80.8,Yes,Yes,DSL,Yes,Yes,Yes,Yes,No,Yes,Two year,Yes,Bank transfer (automatic),4860.85,No
3417-TSCIC,Male,No,No,No,29,24.85,No,No phone service,DSL,No,No,No,No,No,No,One year,Yes,Mailed check,788.05,No
1042-HFUCW,Female,No,No,Yes,25,54.75,Yes,No,DSL,No,Yes,No,Yes,No,No,One year,Yes,Credit card (automatic),1266.35,No
4439-JMPMT,Female,No,Yes,Yes,5,85.75,Yes,No,Fiber optic,No,No,No,Yes,Yes,No,Month-to-month,Yes,Electronic check,470.95,Yes
6537-OTKMY,Male,No,No,No,15,50.75,No,No phone service,DSL,No,No,Yes,No,Yes,Yes,One year,No,Electronic check,688.2,No
8999-EXMNO,Female,No,Yes,Yes,19,20.15,Yes,No,No,No internet service,No internet service,No internet service,No internet service,No internet service,No internet service,Two year,No,Mailed check,387.7,No
6725-TPKJO,Male,No,No,No,44,20.05,Yes,No,No,No internet service,No internet service,No internet service,No internet service,No internet service,No internet service,Two year,No,Mailed check,845.25,No
2446-BEGGB,Female,Yes,No,No,6,98.25,Yes,Yes,Fiber optic,No,Yes,No,No,Yes,Yes,Month-to-month,Yes,Electronic check,560.6,Yes
7162-WPHPM,Male,No,Yes,Yes,58,71.6,Yes,Yes,DSL,Yes,Yes,Yes,Yes,No,No,Two year,No,Credit card (automatic),4230.25,No
1599-MMYRQ,Male,No,Yes,Yes,62,81.45,Yes,No,Fiber optic,Yes,Yes,No,No,No,No,One year,Yes,Credit card (automatic),4983.05,No
8821-KVZKQ,Female,No,Yes,Yes,70,58.4,No,No phone service,DSL,No,Yes,Yes,Yes,Yes,Yes,One year,Yes,Bank transfer (automatic),4113.15,No
1496-GGSUK,Female,Yes,No,No,1,25.7,No,No phone service,DSL,No,No,No,No,No,No,Month-to-month,Yes,Mailed check,25.7,Yes
6434-TTGJP,Male,No,Yes,Yes,10,53.7,No,No phone service,DSL,Yes,Yes,Yes,Yes,No,Yes,Two year,No,Credit card (automatic),521.0,No
0042-JVWOJ,Male,No,No,No,26,19.6,Yes,No,No,No internet service,No internet service,No internet service,No internet service,No internet service,No internet service,One year,Yes,Bank transfer (automatic),471.85,No
0130-SXOUN,Male,No,No,No,66,89.4,Yes,Yes,Fiber optic,No,Yes,No,No,No,Yes,Month-to-month,No,Credit card (automatic),5976.9,No
2575-GFSOE,Female,No,Yes,Yes,7,69.0,Yes,No,Fiber optic,No,No,No,No,No,No,Month-to-month,Yes,Electronic check,506.9,Yes
2330-PQGDQ,Male,No,Yes,Yes,51,84.2,Yes,Yes,Fiber optic,No,Yes,No,Yes,No,No,One year,No,Bank transfer (automatic),4299.75,No
1452-UZOSF,Male,No,Yes,Yes,72,106.1,Yes,Yes,Fiber optic,Yes,Yes,Yes,Yes,Yes,No,Two year,Yes,Credit card (automatic),7548.6,No
2097-YVPKN,Male,No,No,No,65,25.75,Yes,Yes,No,No internet service,No internet service,No internet service,No internet service,No internet service,No internet service,Two year,No,Mailed check,1654.75,No
2842-JTCCU,Male,No,No,No,2,46.05,Yes,No,DSL,No,No,No,No,No,No,Month-to-month,No,Bank transfer (automatic),80.35,Yes
8597-CTXVJ,Male,No,No,Yes,70,64.95,Yes,Yes,DSL,Yes,Yes,No,Yes,No,No,One year,No,Bank transfer (automatic),4551.5,No
6631-HMANX,Male,No,Yes,No,72,85.45,Yes,Yes,DSL,No,Yes,Yes,Yes,Yes,Yes,Two year,Yes,Credit card (automatic),6227.5,No
9962-BFPDU,Female,No,Yes,Yes,1,20.05,Yes,No,No,No internet service,No internet service,No internet service,No internet service,No internet service,No internet service,Month-to-month,No,Mailed check,20.05,No
3296-SILRA,Female,Yes,Yes,No,1,76.4,Yes,No,Fiber optic,No,Yes,No,No,No,No,Month-to-month,Yes,Mailed check,76.4,Yes
9681-OXGVC,Female,No,No,No,5,100.5,Yes,Yes,Fiber optic,No,No,Yes,No,Yes,Yes,Month-to-month,Yes,Electronic check,514.0,Yes
6394-HHHZM,Male,No,No,No,3,20.7,Yes,No,No,No internet service,No internet service,No internet service,No internet service,No internet service,No internet service,Month-to-month,No,Mailed check,57.5,No
5995-LFTLE,Male,No,No,No,58,25.3,Yes,Yes,No,No internet service,No internet service,No internet service,No internet service,No internet service,No internet service,Two year,Yes,Credit card (automatic),1474.35,No
5180-UCIIQ,Male,Yes,Yes,Yes,22,40.05,No,No phone service,DSL,Yes,No,No,No,No,Yes,Month-to-month,No,Mailed check,880.2,Yes
1932-UEDCX,Male,Yes,Yes,No,33,100.6,Yes,Yes,Fiber optic,No,Yes,No,No,Yes,Yes,Month-to-month,Yes,Bank transfer (automatic),3270.25,No
7153-OANIO,Male,No,No,No,1,69.95,Yes,No,Fiber optic,No,No,No,No,No,No,Month-to-month,No,Electronic check,69.95,Yes
5188-HGMLP,Male,Yes,Yes,No,54,74.0,Yes,Yes,Fiber optic,No,No,No,No,No,No,Month-to-month,No,Bank transfer (automatic),3919.15,No
0665-XHDJU,Male,No,Yes,No,72,99.4,Yes,Yes,Fiber optic,No,Yes,No,No,Yes,Yes,Two year,Yes,Electronic check,7285.7,No
6521-YYTYI,Male,No,No,Yes,1,93.3,Yes,Yes,Fiber optic,No,No,No,No,Yes,Yes,Month-to-month,Yes,Electronic check,93.3,Yes
8878-HMWBV,Male,No,No,No,3,49.15,Yes,No,DSL,No,No,Yes,No,No,No,Month-to-month,Yes,Electronic check,169.05,Yes
8265-HKSOW,Female,No,Yes,Yes,72,107.45,Yes,Yes,Fiber optic,Yes,Yes,Yes,Yes,No,Yes,Two year,No,Credit card (automatic),7658.3,No
3544-FBCAS,Female,No,Yes,Yes,72,83.6,Yes,Yes,DSL,Yes,Yes,Yes,No,Yes,Yes,Two year,Yes,Credit card (automatic),5959.3,No
5331-RGMTT,Male,Yes,Yes,No,54,99.05,Yes,Yes,Fiber optic,No,No,Yes,No,Yes,Yes,Month-to-month,Yes,Credit card (automatic),5295.7,No
4759-PXTAN,Female,No,Yes,No,59,80.1,Yes,Yes,DSL,No,Yes,No,Yes,Yes,Yes,One year,Yes,Electronic check,4693.2,No
7054-DMVAS,Male,No,No,No,54,65.3,Yes,No,DSL,Yes,Yes,No,No,Yes,No,Two year,Yes,Bank transfer (automatic),3512.9,No
3428-MMGUB,Male,No,No,No,60,89.55,Yes,Yes,Fiber optic,No,No,Yes,No,Yes,No,Two year,Yes,Electronic check,5231.2,No
6549-BTYPG,Female,No,Yes,No,60,60.8,No,No phone service,DSL,No,Yes,Yes,Yes,Yes,Yes,Two year,No,Credit card (automatic),3603.45,No
7823-JSOAG,Male,No,No,No,3,74.5,Yes,Yes,Fiber optic,No,No,No,No,No,No,Month-to-month,No,Electronic check,217.45,No
3705-RHRFR,Female,No,Yes,No,69,99.15,Yes,Yes,Fiber optic,Yes,No,No,No,Yes,Yes,Two year,No,Bank transfer (automatic),6875.35,No
9374-YOLBJ,Female,No,Yes,Yes,1,19.25,Yes,No,No,No internet service,No internet service,No internet service,No internet service,No internet service,No internet service,Month-to-month,No,Electronic check,19.25,No
9074-KGVOX,Male,No,Yes,Yes,50,39.45,No,No phone service,DSL,Yes,No,No,No,Yes,No,Month-to-month,Yes,Credit card (automatic),2021.35,No
6128-DAFVY,Female,No,No,No,56,44.85,No,No phone service,DSL,No,No,No,No,Yes,Yes,Month-to-month,Yes,Credit card (automatic),2564.95,No
9933-QRGTX,Female,No,Yes,No,60,97.2,Yes,No,Fiber optic,Yes,No,No,Yes,Yes,Yes,Two year,Yes,Electronic check,5611.75,No
4476-OSWTN,Male,Yes,Yes,No,69,110.55,Yes,Yes,Fiber optic,Yes,No,Yes,Yes,Yes,Yes,One year,Yes,Mailed check,7610.1,No
3751-KTZEL,Female,No,No,No,1,35.05,No,No phone service,DSL,No,No,No,No,No,Yes,Month-to-month,No,Mailed check,35.05,Yes
1977-STDKI,Female,Yes,No,No,1,73.0,Yes,No,Fiber optic,No,Yes,No,No,No,No,Month-to-month,Yes,Electronic check,73.0,Yes
5066-GFJMM,Female,No,Yes,No,3,19.9,Yes,No,No,No internet service,No internet service,No internet service,No internet service,No internet service,No internet service,Month-to-month,Yes,Mailed check,45.75,No
2661-GKBTK,Male,No,Yes,Yes,60,76.95,Yes,No,DSL,No,Yes,No,Yes,Yes,Yes,Two year,No,Bank transfer (automatic),4543.95,No
0458-HEUZG,Female,No,No,No,13,35.4,No,No phone service,DSL,No,No,Yes,Yes,No,No,Two year,No,Mailed check,450.4,No
7268-WNTCP,Male,No,Yes,Yes,62,20.45,Yes,No,No,No internet service,No internet service,No internet service,No internet service,No internet service,No internet service,Two year,No,Bank transfer (automatic),1297.35,No
0824-VWDPO,Female,No,No,No,45,96.75,Yes,Yes,Fiber optic,Yes,Yes,No,No,No,Yes,One year,No,Bank transfer (automatic),4442.75,No
8409-WQJUX,Female,No,No,No,25,54.2,No,No phone service,DSL,No,No,Yes,Yes,Yes,Yes,One year,No,Electronic check,1423.15,No
2578-JQPHZ,Male,No,No,No,44,100.1,Yes,No,Fiber optic,No,No,Yes,Yes,Yes,Yes,Two year,No,Bank transfer (automatic),4378.35,No
3278-FSIXX,Female,No,No,No,2,45.25,Yes,No,DSL,No,No,No,No,No,No,Month-to-month,Yes,Mailed check,74.2,No
5813-UECBU,Male,Yes,No,No,33,83.85,Yes,Yes,Fiber optic,No,Yes,Yes,No,No,No,Month-to-month,Yes,Credit card (automatic),2716.3,Yes
0328-GRPMV,Female,No,No,No,1,70.1,Yes,No,Fiber optic,No,No,No,No,No,No,Month-to-month,Yes,Electronic check,70.1,Yes
9746-UGFAC,Female,No,No,No,22,20.85,Yes,No,No,No internet service,No internet service,No internet service,No internet service,No internet service,No internet service,One year,No,Bank transfer (automatic),450.65,No
2946-KIQSP,Female,No,No,No,35,33.45,No,No phone service,DSL,No,No,Yes,Yes,No,No,Month-to-month,Yes,Mailed check,1175.85,No
0625-AFOHS,Female,No,Yes,Yes,29,20.2,Yes,No,No,No internet service,No internet service,No internet service,No internet service,No internet service,No internet service,Two year,No,Mailed check,558.8,No
6726-WEXXK,Male,Yes,Yes,No,27,85.9,Yes,Yes,Fiber optic,Yes,No,Yes,No,No,No,One year,Yes,Electronic check,2220.1,No
4636-OLWOE,Male,No,No,Yes,54,61.0,Yes,No,DSL,No,Yes,Yes,Yes,No,No,One year,Yes,Electronic check,3283.05,No
4342-HENTK,Female,Yes,No,No,2,70.65,Yes,No,Fiber optic,No,No,No,No,No,No,Month-to-month,Yes,Electronic check,142.35,Yes
4685-ERGHK,Male,No,No,No,57,86.9,Yes,Yes,Fiber optic,No,No,No,No,Yes,No,One year,Yes,Electronic check,4939.25,No
0885-HMGPY,Male,No,No,No,62,69.4,Yes,Yes,DSL,Yes,Yes,Yes,Yes,No,No,Two year,No,Bank transfer (automatic),4237.5,No
5003-OKNNK,Female,No,Yes,Yes,15,20.35,Yes,No,No,No internet service,No internet service,No internet service,No internet service,No internet service,No internet service,One year,No,Credit card (automatic),335.95,No
4195-SMMNX,Male,No,No,No,2,20.35,Yes,No,No,No internet service,No internet service,No internet service,No internet service,No internet service,No internet service,Month-to-month,No,Mailed check,33.2,Yes
7208-PSIHR,Female,No,Yes,No,70,104.3,Yes,Yes,Fiber optic,No,No,Yes,Yes,Yes,Yes,Two year,Yes,Bank transfer (automatic),7188.5,No
4012-ZTHBR,Female,No,Yes,Yes,21,44.95,Yes,No,DSL,No,No,No,No,No,No,Month-to-month,Yes,Electronic check,926.25,No
0489-WMEMG,Female,No,No,Yes,23,49.45,Yes,No,DSL,No,No,No,Yes,No,No,One year,Yes,Electronic check,1119.35,No
7435-ZNUYY,Male,No,No,No,6,20.6,Yes,No,No,No internet service,No internet service,No internet service,No internet service,No internet service,No internet service,One year,No,Mailed check,116.6,No
1354-YZFNB,Male,No,Yes,Yes,4,19.55,Yes,No,No,No internet service,No internet service,No internet service,No internet service,No internet service,No internet service,Two year,No,Credit card (automatic),68.8,No
6956-SMUCM,Female,No,No,No,3,99.0,Yes,No,Fiber optic,Yes,No,Yes,No,Yes,Yes,Month-to-month,Yes,Credit card (automatic),287.4,Yes
2985-FMWYF,Female,No,No,No,23,93.5,Yes,Yes,Fiber optic,No,No,No,No,Yes,Yes,Month-to-month,Yes,Electronic check,2341.55,No
2812-ENYMO,Male,No,No,No,26,54.55,No,No phone service,DSL,Yes,No,No,Yes,Yes,Yes,One year,No,Credit card (automatic),1362.85,No
2717-HVIZY,Female,No,No,Yes,8,20.05,Yes,No,No,No internet service,No internet service,No internet service,No internet service,No internet service,No internet service,Month-to-month,No,Mailed check,163.6,No
3223-WZWJM,Male,No,No,No,26,83.95,Yes,Yes,Fiber optic,No,No,No,No,No,Yes,Month-to-month,Yes,Electronic check,2254.2,Yes
3422-GALYP,Male,No,No,No,2,79.45,Yes,Yes,Fiber optic,No,Yes,No,No,No,No,Month-to-month,Yes,Electronic check,145.15,No
9053-JZFKV,Male,No,No,No,67,116.2,Yes,Yes,Fiber optic,Yes,Yes,Yes,Yes,Yes,Yes,Two year,No,Credit card (automatic),7752.3,Yes
2530-ENDWQ,Female,No,Yes,No,71,93.7,Yes,Yes,Fiber optic,No,No,No,No,Yes,Yes,Two year,Yes,Bank transfer (automatic),6585.35,Yes
2890-WFBHU,Female,No,No,No,59,79.85,Yes,Yes,DSL,Yes,Yes,Yes,Yes,No,Yes,One year,No,Credit card (automatic),4786.1,No
0327-WFZSY,Male,No,Yes,Yes,39,100.0,Yes,Yes,Fiber optic,No,No,Yes,No,Yes,Yes,One year,No,Electronic check,3835.55,No
7977-HXJKU,Male,No,No,Yes,21,19.6,Yes,No,No,No internet service,No internet service,No internet service,No internet service,No internet service,No internet service,Two year,No,Mailed check,397.0,No
6615-ZGEDR,Male,No,No,No,1,19.7,Yes,No,No,No internet service,No internet service,No internet service,No internet service,No internet service,No internet service,Month-to-month,No,Mailed check,19.7,Yes
7033-CLAMM,Female,No,Yes,Yes,48,20.2,Yes,No,No,No internet service,No internet service,No internet service,No internet service,No internet service,No internet service,Two year,No,Bank transfer (automatic),1027.25,No
4023-RTIQM,Female,Yes,Yes,No,31,50.4,No,No phone service,DSL,Yes,Yes,Yes,No,No,Yes,One year,Yes,Credit card (automatic),1580.1,No
0864-FVJNJ,Female,No,Yes,Yes,64,113.35,Yes,Yes,Fiber optic,Yes,Yes,Yes,Yes,Yes,Yes,One year,No,Electronic check,7222.75,No
7356-IWLFW,Male,No,Yes,Yes,46,80.0,Yes,Yes,Fiber optic,No,Yes,No,No,No,No,Month-to-month,Yes,Bank transfer (automatic),3769.7,No
9541-PWTWO,Female,No,No,No,52,80.95,Yes,Yes,DSL,No,No,Yes,Yes,Yes,Yes,Two year,Yes,Bank transfer (automatic),4233.95,No
3967-VQOGC,Female,No,Yes,Yes,67,24.9,Yes,Yes,No,No internet service,No internet service,No internet service,No internet service,No internet service,No internet service,Two year,Yes,Mailed check,1680.25,No
7872-RDDLZ,Female,Yes,No,No,67,54.9,Yes,Yes,DSL,No,Yes,No,No,No,No,Month-to-month,No,Electronic check,3725.5,No
9250-WYPLL,Female,No,No,No,5,75.55,Yes,Yes,Fiber optic,No,No,No,No,No,No,Month-to-month,No,Electronic check,413.65,Yes
6308-CQRBU,Female,No,Yes,No,71,109.25,Yes,Yes,Fiber optic,No,Yes,Yes,Yes,Yes,Yes,Two year,No,Electronic check,7707.7,No
2754-XBHTB,Female,No,No,No,9,77.65,Yes,No,Fiber optic,No,No,No,No,Yes,No,Month-to-month,Yes,Bank transfer (automatic),714.15,Yes
1597-LHYNC,Female,Yes,No,No,26,95.0,Yes,Yes,Fiber optic,Yes,Yes,No,No,No,Yes,Month-to-month,Yes,Electronic check,2497.2,Yes
0186-CAERR,Male,No,No,No,71,116.3,Yes,Yes,Fiber optic,Yes,Yes,Yes,Yes,Yes,Yes,One year,Yes,Bank transfer (automatic),8309.55,No
3043-SUDUA,Female,No,No,No,32,19.9,Yes,No,No,No internet service,No internet service,No internet service,No internet service,No internet service,No internet service,Month-to-month,No,Bank transfer (automatic),601.55,No
5442-BHQNG,Female,No,No,No,2,70.35,Yes,No,Fiber optic,No,No,No,No,No,No,Month-to-month,No,Electronic check,139.25,No
2169-RRLFW,Female,No,Yes,No,71,25.6,Yes,Yes,No,No internet service,No internet service,No internet service,No internet service,No internet service,No internet service,Two year,No,Credit card (automatic),1888.25,No
5872-OEQNH,Female,No,No,No,60,44.45,No,No phone service,DSL,Yes,No,Yes,No,No,Yes,One year,Yes,Electronic check,2773.9,No
3162-KKZXO,Female,Yes,No,No,55,100.15,Yes,Yes,Fiber optic,No,No,Yes,No,Yes,Yes,One year,Yes,Electronic check,5409.75,No
7055-VKGDA,Male,No,No,No,54,105.4,Yes,No,Fiber optic,Yes,Yes,No,Yes,Yes,Yes,One year,Yes,Credit card (automatic),5643.4,Yes
0754-UKWQP,Male,No,No,No,2,95.85,Yes,No,Fiber optic,No,No,Yes,No,Yes,Yes,Month-to-month,Yes,Electronic check,197.7,Yes
8873-GLDMH,Female,No,No,No,6,73.85,Yes,Yes,Fiber optic,No,No,No,No,No,No,Month-to-month,Yes,Mailed check,401.3,No
5696-JVVQY,Female,No,Yes,Yes,48,70.1,Yes,No,DSL,Yes,Yes,Yes,No,No,Yes,Two year,Yes,Credit card (automatic),3238.4,No
8946-BFWSG,Male,No,Yes,Yes,63,25.25,Yes,Yes,No,No internet service,No internet service,No internet service,No internet service,No internet service,No internet service,Two year,No,Mailed check,1573.05,No
7493-TPUWZ,Male,No,No,No,1,79.15,Yes,Yes,Fiber optic,No,Yes,No,No,No,No,Month-to-month,Yes,Electronic check,79.15,Yes
0547-HURJB,Male,No,No,Yes,12,21.05,Yes,No,No,No internet service,No internet service,No internet service,No internet service,No internet service,No internet service,Month-to-month,No,Credit card (automatic),235.8,No
8904-OPDCK,Male,Yes,Yes,No,54,24.95,No,No phone service,DSL,No,No,No,No,No,No,Month-to-month,Yes,Bank transfer (automatic),1364.75,No
8845-LWKGE,Female,No,Yes,Yes,30,64.5,Yes,No,DSL,No,No,Yes,Yes,Yes,No,One year,Yes,Electronic check,1985.15,No
1577-HKTFG,Female,No,Yes,No,30,19.65,Yes,No,No,No internet service,No internet service,No internet service,No internet service,No internet service,No internet service,Month-to-month,No,Bank transfer (automatic),655.85,Yes
8752-STIVR,Female,No,No,No,4,79.0,Yes,No,Fiber optic,No,No,No,No,Yes,No,Month-to-month,Yes,Electronic check,303.15,Yes
0691-NIKRI,Female,No,No,No,40,105.95,Yes,Yes,Fiber optic,No,No,Yes,Yes,Yes,Yes,One year,Yes,Credit card (automatic),4335.2,No
5022-JNQEQ,Female,No,Yes,Yes,9,75.85,Yes,No,Fiber optic,No,No,No,Yes,No,No,Month-to-month,Yes,Electronic check,647.5,No
4558-FANTW,Female,No,Yes,Yes,17,91.85,Yes,No,Fiber optic,Yes,No,No,Yes,Yes,No,Month-to-month,No,Electronic check,1574.45,Yes
3249-VHRIP,Female,No,No,No,62,43.6,No,No phone service,DSL,No,Yes,Yes,No,No,Yes,Two year,Yes,Credit card (automatic),2748.7,No
3736-BLEPA,Male,No,No,No,28,91.25,Yes,No,Fiber optic,No,Yes,No,Yes,Yes,No,One year,Yes,Bank transfer (automatic),2483.65,No
4701-LKOZD,Female,No,No,No,70,89.75,Yes,Yes,DSL,Yes,Yes,Yes,Yes,Yes,Yes,Two year,No,Credit card (automatic),6367.2,No
6603-QWSPR,Female,No,No,No,46,104.4,Yes,No,Fiber optic,No,Yes,Yes,Yes,Yes,Yes,Two year,Yes,Bank transfer (automatic),4904.2,No
9921-QFQUL,Female,No,Yes,No,23,90.15,Yes,Yes,Fiber optic,No,No,Yes,No,No,Yes,Month-to-month,No,Mailed check,2044.95,No
1929-ZCBHE,Male,No,Yes,Yes,47,40.3,No,No phone service,DSL,Yes,No,Yes,Yes,No,No,One year,No,Electronic check,1794.8,No
4378-MYPGO,Male,No,Yes,Yes,68,105.25,Yes,No,Fiber optic,Yes,Yes,Yes,No,Yes,Yes,Two year,Yes,Bank transfer (automatic),7173.15,No
8651-ENBZX,Female,Yes,No,No,60,106.0,Yes,Yes,Fiber optic,No,No,Yes,Yes,Yes,Yes,One year,Yes,Electronic check,6441.4,Yes
4129-LYCOI,Female,No,No,Yes,67,104.0,Yes,Yes,Fiber optic,No,Yes,No,Yes,Yes,Yes,Two year,Yes,Electronic check,7039.05,No
7798-JVXYM,Female,No,No,No,14,69.65,Yes,No,DSL,No,No,No,Yes,Yes,Yes,Month-to-month,Yes,Electronic check,921.4,No
8647-SDTWQ,Male,No,Yes,Yes,57,74.3,Yes,Yes,Fiber optic,No,No,No,No,No,No,Month-to-month,Yes,Electronic check,4018.35,No
2696-ECXKC,Female,No,Yes,Yes,55,100.9,Yes,Yes,Fiber optic,Yes,No,No,No,Yes,Yes,One year,No,Mailed check,5448.6,No
2081-KJSQF,Male,No,No,No,1,20.25,Yes,No,No,No internet service,No internet service,No internet service,No internet service,No internet service,No internet service,Month-to-month,Yes,Mailed check,20.25,No
7623-TRNQN,Male,No,No,Yes,1,49.9,Yes,No,DSL,No,No,No,Yes,No,No,Month-to-month,Yes,Mailed check,49.9,Yes
3323-CPBWR,Male,No,No,No,23,96.9,Yes,Yes,Fiber optic,No,No,Yes,Yes,Yes,No,Month-to-month,Yes,Credit card (automatic),2085.45,No
9330-IJWIO,Female,No,No,No,13,100.35,Yes,Yes,Fiber optic,Yes,No,No,No,Yes,Yes,Month-to-month,Yes,Electronic check,1358.85,Yes
3384-CTMSF,Male,No,Yes,No,47,104.1,Yes,Yes,Fiber optic,No,Yes,Yes,No,Yes,Yes,Month-to-month,Yes,Electronic check,5135.15,No
0902-RFHOF,Male,No,No,No,38,20.1,Yes,No,No,No internet service,No internet service,No internet service,No internet service,No internet service,No internet service,One year,No,Mailed check,730.1,No
9286-DOJGF,Female,Yes,Yes,No,38,74.95,Yes,Yes,Fiber optic,No,No,No,No,No,No,Month-to-month,Yes,Bank transfer (automatic),2869.85,Yes
6048-QBXKL,Female,Yes,No,No,2,56.55,Yes,Yes,DSL,No,Yes,No,No,No,No,Month-to-month,Yes,Credit card (automatic),118.25,No
9661-MHUMO,Male,Yes,Yes,Yes,1,49.25,Yes,No,DSL,No,No,No,Yes,No,No,Month-to-month,Yes,Credit card (automatic),49.25,Yes
7718-RXDGG,Male,No,Yes,No,15,68.6,Yes,No,Fiber optic,No,No,No,No,No,No,Month-to-month,Yes,Bank transfer (automatic),1108.6,No
1025-FALIX,Female,No,No,No,26,69.05,Yes,No,Fiber optic,No,No,No,No,No,No,Month-to-month,Yes,Credit card (automatic),1815.65,No
3451-VAWLI,Female,No,Yes,Yes,35,19.7,Yes,No,No,No internet service,No internet service,No internet service,No internet service,No internet service,No internet service,Two year,No,Credit card (automatic),730.4,No
3407-QGWLG,Male,No,No,Yes,3,20.05,Yes,No,No,No internet service,No internet service,No internet service,No internet service,No internet service,No internet service,Month-to-month,Yes,Mailed check,75.45,No
1842-EZJMK,Male,No,Yes,Yes,50,103.7,Yes,Yes,Fiber optic,No,Yes,No,Yes,Yes,Yes,Month-to-month,No,Electronic check,5071.05,Yes
2347-WKKAE,Male,No,Yes,No,42,94.4,Yes,Yes,Fiber optic,Yes,No,Yes,No,No,Yes,Month-to-month,Yes,Electronic check,4014.6,No
8735-DCXNF,Male,No,Yes,No,10,54.95,Yes,No,DSL,Yes,No,No,Yes,No,No,Month-to-month,Yes,Credit card (automatic),568.85,No
3214-IYUUQ,Female,No,Yes,No,61,93.7,Yes,No,Fiber optic,Yes,Yes,No,Yes,No,Yes,One year,No,Bank transfer (automatic),5860.7,No
1936-UAFEH,Female,No,No,No,68,110.25,Yes,Yes,Fiber optic,Yes,Yes,No,Yes,Yes,Yes,Two year,No,Credit card (automatic),7279.35,No
3587-PMCOY,Male,No,No,No,10,98.9,Yes,No,Fiber optic,Yes,No,Yes,No,Yes,Yes,One year,Yes,Electronic check,1064.95,No
8079-XRJRS,Male,No,Yes,No,65,89.75,Yes,Yes,Fiber optic,Yes,Yes,Yes,No,No,No,One year,No,Electronic check,5769.6,Yes
1027-LKKQQ,Female,No,Yes,Yes,72,80.45,Yes,No,DSL,Yes,No,Yes,Yes,Yes,Yes,Two year,Yes,Bank transfer (automatic),5886.85,No
7148-XZPHA,Male,No,Yes,Yes,55,79.4,Yes,No,Fiber optic,No,Yes,No,Yes,No,No,Month-to-month,No,Electronic check,4238.45,No
8073-IJDCM,Female,No,No,No,1,20.3,Yes,No,No,No internet service,No internet service,No internet service,No internet service,No internet service,No internet service,Month-to-month,Yes,Mailed check,20.3,Yes
5309-TAIKL,Female,No,No,No,7,62.8,Yes,No,DSL,No,No,Yes,Yes,No,Yes,Month-to-month,No,Bank transfer (automatic),418.3,No
6856-RAURS,Female,No,No,No,2,74.9,Yes,Yes,Fiber optic,No,No,No,No,No,No,Month-to-month,Yes,Mailed check,136.05,No
8778-LMWTJ,Female,No,No,No,9,74.85,Yes,No,Fiber optic,Yes,No,No,No,No,No,Month-to-month,Yes,Electronic check,708.2,No
9717-IOAAF,Male,No,No,Yes,27,25.85,Yes,Yes,No,No internet service,No internet service,No internet service,No internet service,No internet service,No internet service,Two year,Yes,Credit card (automatic),788.55,No
8884-ADFVN,Male,Yes,Yes,No,7,101.95,Yes,Yes,Fiber optic,No,No,Yes,No,Yes,Yes,Month-to-month,Yes,Electronic check,700.85,Yes
2845-KDHVX,Female,No,Yes,No,64,68.3,Yes,No,DSL,No,Yes,Yes,Yes,No,Yes,Two year,Yes,Mailed check,4378.8,No
0848-SOMKO,Male,No,No,No,70,48.4,No,No phone service,DSL,Yes,No,Yes,Yes,No,Yes,Two year,No,Bank transfer (automatic),3442.8,No
2720-WGKHP,Male,Yes,No,No,2,94.0,Yes,Yes,Fiber optic,No,No,No,No,Yes,Yes,Month-to-month,Yes,Electronic check,181.7,Yes
6734-FQAJX,Male,Yes,No,No,67,105.05,Yes,No,Fiber optic,Yes,Yes,No,Yes,Yes,Yes,Two year,Yes,Electronic check,7171.7,No
2869-ADAWR,Female,No,No,No,45,89.3,Yes,Yes,Fiber optic,No,Yes,No,No,Yes,No,Month-to-month,Yes,Credit card (automatic),4016.85,Yes
1535-VTJOQ,Female,No,No,No,24,25.15,Yes,Yes,No,No internet service,No internet service,No internet service,No internet service,No internet service,No internet service,Two year,No,Credit card (automatic),553.0,No
6368-TZZDT,Male,No,Yes,Yes,4,19.5,Yes,No,No,No internet service,No internet service,No internet service,No internet service,No internet service,No internet service,Two year,No,Credit card (automatic),96.85,No
0943-ZQPXH,Male,No,Yes,Yes,44,92.95,Yes,No,Fiber optic,No,No,Yes,No,Yes,Yes,Month-to-month,Yes,Bank transfer (automatic),4122.9,No
1293-BSEUN,Female,No,Yes,Yes,72,20.7,Yes,No,No,No internet service,No internet service,No internet service,No internet service,No internet service,No internet service,Two year,Yes,Mailed check,1482.3,No
9894-EZEWG,Female,No,No,No,1,74.3,Yes,No,Fiber optic,No,Yes,No,No,No,No,Month-to-month,Yes,Credit card (automatic),74.3,Yes
1302-TPUBN,Male,No,No,No,66,19.35,Yes,No,No,No internet service,No internet service,No internet service,No internet service,No internet service,No internet service,Two year,No,Bank transfer (automatic),1240.8,No
7851-FLGGQ,Male,No,No,No,1,44.65,No,No phone service,DSL,No,Yes,No,Yes,No,Yes,Month-to-month,Yes,Mailed check,44.65,Yes
0637-UBJRP,Male,No,Yes,Yes,13,84.05,Yes,No,Fiber optic,Yes,No,No,No,No,Yes,Month-to-month,No,Electronic check,1095.3,Yes
0940-OUQEC,Male,No,No,No,10,80.7,Yes,Yes,Fiber optic,No,Yes,No,No,No,No,Month-to-month,Yes,Bank transfer (automatic),788.8,Yes
2378-VTKDH,Male,Yes,Yes,No,65,104.35,Yes,Yes,Fiber optic,No,Yes,Yes,No,Yes,Yes,Month-to-month,Yes,Electronic check,6578.55,No
0927-CNGRH,Male,No,No,Yes,1,19.55,Yes,No,No,No internet service,No internet service,No internet service,No internet service,No internet service,No internet service,Month-to-month,No,Mailed check,19.55,No
8608-OZTLB,Male,No,Yes,Yes,38,74.05,Yes,No,DSL,Yes,Yes,Yes,Yes,Yes,No,One year,No,Electronic check,2802.3,No
2335-GSODA,Male,No,No,Yes,23,40.1,No,No phone service,DSL,Yes,No,Yes,Yes,No,No,Two year,No,Mailed check,857.75,No
1952-DVVSW,Female,No,Yes,No,10,20.1,Yes,No,No,No internet service,No internet service,No internet service,No internet service,No internet service,No internet service,One year,No,Mailed check,184.4,No
0702-PGIBZ,Male,No,No,Yes,4,101.7,Yes,Yes,Fiber optic,No,Yes,No,No,Yes,Yes,Month-to-month,Yes,Electronic check,364.55,Yes
6656-GULJQ,Male,No,Yes,Yes,72,83.55,Yes,Yes,DSL,Yes,No,Yes,Yes,Yes,Yes,Two year,Yes,Credit card (automatic),6093.3,No
9853-JFZDU,Female,No,Yes,No,35,56.85,Yes,No,DSL,No,Yes,No,Yes,No,No,Month-to-month,No,Electronic check,1861.1,No
1963-VAUKV,Female,No,No,No,1,20.4,Yes,No,No,No internet service,No internet service,No internet service,No internet service,No internet service,No internet service,Month-to-month,No,Mailed check,20.4,Yes
3777-XROBG,Female,No,Yes,Yes,58,19.55,Yes,No,No,No internet service,No internet service,No internet service,No internet service,No internet service,No internet service,Two year,No,Credit card (automatic),1079.65,No
6994-FGRHH,Male,No,Yes,Yes,70,106.15,Yes,No,Fiber optic,No,Yes,Yes,Yes,Yes,Yes,One year,Yes,Electronic check,7475.1,No
4000-VGMQP,Male,No,Yes,Yes,38,78.95,Yes,Yes,DSL,No,Yes,Yes,No,Yes,Yes,One year,No,Credit card (automatic),2862.55,No
3999-WRNGR,Female,No,Yes,Yes,60,49.75,No,No phone service,DSL,No,Yes,No,No,Yes,Yes,Month-to-month,Yes,Electronic check,3069.45,No
3466-RITXD,Male,No,No,No,26,92.4,Yes,Yes,Fiber optic,Yes,Yes,No,No,Yes,No,Month-to-month,Yes,Credit card (automatic),2349.8,No
2680-XKKNJ,Female,No,No,No,8,58.2,Yes,No,DSL,Yes,Yes,No,Yes,No,No,One year,No,Bank transfer (automatic),469.25,No
3058-HJCUY,Male,No,Yes,Yes,41,102.6,Yes,Yes,Fiber optic,No,No,Yes,Yes,Yes,Yes,One year,Yes,Electronic check,4213.35,Yes
2974-GGUXS,Female,Yes,Yes,No,36,91.95,Yes,Yes,Fiber optic,No,Yes,No,No,Yes,No,Month-to-month,Yes,Credit card (automatic),3301.05,No
7994-XIRTR,Male,Yes,No,No,54,65.25,Yes,No,DSL,No,No,Yes,Yes,No,Yes,One year,No,Bank transfer (automatic),3529.95,No
3259-FDWOY,Male,No,Yes,Yes,71,106.0,Yes,Yes,Fiber optic,No,Yes,Yes,No,Yes,Yes,Two year,Yes,Bank transfer (automatic),7723.7,Yes
2101-RANCD,Female,No,No,No,55,73.1,Yes,Yes,Fiber optic,No,No,No,No,No,No,Month-to-month,Yes,Electronic check,4144.9,No
7921-BEPCI,Female,No,No,No,72,59.75,Yes,Yes,DSL,Yes,Yes,No,No,No,No,Two year,No,Bank transfer (automatic),4265.0,No
0807-ZABDG,Female,No,No,Yes,3,55.1,Yes,No,DSL,Yes,No,No,Yes,No,No,Month-to-month,Yes,Mailed check,154.65,Yes
8510-TMWYB,Female,No,Yes,Yes,54,59.8,Yes,Yes,DSL,No,Yes,Yes,No,No,No,Two year,Yes,Bank transfer (automatic),3246.45,No
3258-ZKPAI,Male,No,Yes,Yes,72,116.6,Yes,Yes,Fiber optic,Yes,Yes,Yes,Yes,Yes,Yes,Two year,Yes,Bank transfer (automatic),8337.45,No
1428-IEDPR,Male,No,No,No,52,109.3,Yes,Yes,Fiber optic,Yes,No,Yes,Yes,Yes,Yes,Two year,Yes,Electronic check,5731.4,No
5298-GSTLM,Female,Yes,No,No,60,101.4,Yes,Yes,Fiber optic,Yes,No,No,No,Yes,Yes,One year,Yes,Bank transfer (automatic),6176.6,No
4450-YOOHP,Female,No,No,No,39,50.65,No,No phone service,DSL,No,No,Yes,No,Yes,Yes,Month-to-month,Yes,Credit card (automatic),1905.4,No
6728-CZFEI,Female,No,No,No,15,56.15,Yes,No,DSL,No,No,No,No,Yes,No,One year,No,Mailed check,931.9,No
5748-RNCJT,Male,No,No,No,69,106.5,Yes,Yes,Fiber optic,No,No,Yes,Yes,Yes,Yes,Two year,Yes,Bank transfer (automatic),7348.8,Yes
3653-NCRDJ,Male,No,Yes,Yes,43,19.2,Yes,No,No,No internet service,No internet service,No internet service,No internet service,No internet service,No internet service,One year,Yes,Mailed check,776.25,No
6121-TNHBO,Female,Yes,No,No,63,83.0,Yes,Yes,DSL,Yes,Yes,Yes,Yes,Yes,No,One year,No,Bank transfer (automatic),5243.05,No
5119-NZPTV,Male,Yes,Yes,No,2,70.1,Yes,No,Fiber optic,No,No,No,No,No,No,Month-to-month,No,Electronic check,141.65,No
6519-ZHPXP,Female,No,Yes,Yes,72,108.3,Yes,No,Fiber optic,Yes,Yes,Yes,Yes,Yes,Yes,Two year,Yes,Bank transfer (automatic),7679.65,No
7739-LAXOG,Female,No,Yes,Yes,32,91.05,Yes,Yes,Fiber optic,No,No,Yes,No,No,Yes,Month-to-month,Yes,Bank transfer (automatic),2954.5,Yes
3472-QPRCH,Male,No,Yes,Yes,40,25.25,Yes,Yes,No,No internet service,No internet service,No internet service,No internet service,No internet service,No internet service,Two year,No,Credit card (automatic),1006.9,No
8224-UAXBZ,Female,No,Yes,No,58,45.35,No,No phone service,DSL,Yes,Yes,No,No,Yes,No,One year,Yes,Electronic check,2540.1,No
9610-WCESF,Male,No,No,No,67,43.9,No,No phone service,DSL,Yes,No,No,Yes,Yes,No,Two year,No,Electronic check,3097.2,No
9776-CLUJA,Female,Yes,Yes,No,51,77.5,Yes,Yes,Fiber optic,Yes,No,No,No,No,No,Month-to-month,Yes,Electronic check,3807.35,Yes
2486-WYVVE,Male,No,Yes,No,31,79.3,Yes,Yes,DSL,No,No,Yes,Yes,Yes,Yes,One year,Yes,Mailed check,2484.0,No
3865-ZYKAD,Male,Yes,Yes,No,69,84.9,Yes,Yes,Fiber optic,Yes,Yes,No,No,No,No,Month-to-month,Yes,Credit card (automatic),5785.65,No
1422-DGUBX,Male,No,Yes,No,32,79.25,Yes,Yes,Fiber optic,No,No,No,Yes,No,No,One year,Yes,Electronic check,2619.15,No
2999-AANRQ,Female,No,No,No,21,71.05,Yes,No,DSL,Yes,Yes,No,Yes,Yes,No,Two year,No,Credit card (automatic),1524.85,No
8668-KNZTI,Male,No,No,No,52,53.75,Yes,No,DSL,Yes,No,Yes,No,No,No,One year,No,Electronic check,2790.65,No
0480-KYJVA,Female,No,Yes,Yes,72,24.25,Yes,Yes,No,No internet service,No internet service,No internet service,No internet service,No internet service,No internet service,Two year,No,Credit card (automatic),1784.5,No
6034-ZRYCV,Female,No,Yes,No,72,54.2,No,No phone service,DSL,No,Yes,Yes,No,Yes,Yes,Two year,Yes,Electronic check,3937.45,Yes
9746-YKGXB,Male,No,Yes,Yes,52,44.25,No,No phone service,DSL,Yes,No,Yes,No,No,Yes,One year,No,Bank transfer (automatic),2276.1,No
3926-YZVVX,Female,No,No,No,41,50.05,Yes,No,DSL,No,No,No,Yes,No,No,One year,No,Bank transfer (automatic),2029.05,No
6000-UKLWI,Male,No,No,No,41,20.15,Yes,No,No,No internet service,No internet service,No internet service,No internet service,No internet service,No internet service,Two year,No,Mailed check,802.35,No
2079-FBMZK,Female,No,No,No,6,69.25,Yes,No,Fiber optic,No,No,No,No,No,No,Month-to-month,Yes,Mailed check,418.4,Yes
6332-FBZRI,Male,No,Yes,Yes,67,69.35,Yes,Yes,DSL,Yes,Yes,Yes,Yes,No,No,One year,Yes,Credit card (automatic),4653.25,No
2096-XOTMO,Female,No,Yes,Yes,16,19.35,Yes,No,No,No internet service,No internet service,No internet service,No internet service,No internet service,No internet service,Month-to-month,No,Mailed check,275.9,No
3266-FTKHB,Male,No,No,No,17,19.15,Yes,No,No,No internet service,No internet service,No internet service,No internet service,No internet service,No internet service,Two year,No,Mailed check,343.45,No
8221-EQDGL,Male,No,Yes,No,35,61.0,Yes,No,DSL,Yes,Yes,Yes,No,No,No,Month-to-month,No,Mailed check,2130.45,No
2346-LOCWC,Female,No,Yes,Yes,58,20.5,Yes,No,No,No internet service,No internet service,No internet service,No internet service,No internet service,No internet service,Two year,No,Credit card (automatic),1191.4,No
6608-QQLVK,Male,No,No,No,1,50.5,Yes,No,DSL,No,No,Yes,No,No,No,Month-to-month,Yes,Electronic check,50.5,Yes
0298-XACET,Male,No,Yes,Yes,52,50.2,No,No phone service,DSL,No,Yes,Yes,Yes,Yes,No,Two year,No,Mailed check,2554.0,No
7560-QJAVJ,Female,No,No,No,70,79.6,Yes,No,DSL,Yes,No,Yes,Yes,Yes,Yes,Two year,No,Bank transfer (automatic),5589.45,No
2995-YWTCD,Female,No,Yes,Yes,19,24.9,Yes,Yes,No,No internet service,No internet service,No internet service,No internet service,No internet service,No internet service,Two year,Yes,Bank transfer (automatic),467.7,No
3551-HUAZH,Male,Yes,No,No,1,74.4,Yes,Yes,Fiber optic,No,No,No,No,No,No,Month-to-month,Yes,Electronic check,74.4,Yes
9137-UIYPG,Female,No,Yes,Yes,35,106.9,Yes,No,Fiber optic,Yes,No,Yes,Yes,Yes,Yes,Month-to-month,Yes,Electronic check,3756.45,No
2809-ZMYOQ,Female,No,No,No,32,101.35,Yes,Yes,Fiber optic,No,No,Yes,No,Yes,Yes,Month-to-month,Yes,Electronic check,3334.9,No
5084-OOVCJ,Female,No,Yes,Yes,17,55.35,Yes,No,DSL,Yes,No,No,Yes,No,No,Month-to-month,Yes,Credit card (automatic),920.5,No
0254-WWRKD,Female,No,Yes,Yes,67,50.55,Yes,No,DSL,No,Yes,No,No,No,No,One year,No,Credit card (automatic),3431.75,No
7727-SHVZV,Female,No,No,No,9,19.5,Yes,No,No,No internet service,No internet service,No internet service,No internet service,No internet service,No internet service,Month-to-month,No,Bank transfer (automatic),150.35,No
6302-JGYRJ,Male,No,No,Yes,31,79.45,Yes,Yes,DSL,No,Yes,No,Yes,Yes,Yes,One year,Yes,Mailed check,2587.7,Yes
5339-PXDVH,Male,No,No,No,4,90.65,Yes,Yes,Fiber optic,Yes,No,No,No,Yes,No,Month-to-month,No,Electronic check,367.95,No
2205-LPVGL,Male,Yes,Yes,Yes,58,89.85,Yes,Yes,Fiber optic,Yes,Yes,No,Yes,No,No,One year,Yes,Bank transfer (automatic),5125.75,No
8782-NUUOL,Male,No,No,No,60,79.0,Yes,No,DSL,Yes,No,Yes,Yes,Yes,Yes,One year,No,Mailed check,4801.1,No
3685-YLCMQ,Male,No,No,No,58,104.65,Yes,Yes,Fiber optic,No,No,Yes,Yes,Yes,Yes,One year,Yes,Electronic check,6219.6,Yes
7601-WFVZV,Male,No,No,No,1,19.55,Yes,No,No,No internet service,No internet service,No internet service,No internet service,No internet service,No internet service,Month-to-month,No,Mailed check,19.55,No
4609-KNNWG,Female,No,Yes,Yes,27,19.9,Yes,No,No,No internet service,No internet service,No internet service,No internet service,No internet service,No internet service,Two year,No,Mailed check,550.1,No
4868-AADLV,Male,Yes,Yes,Yes,66,116.25,Yes,Yes,Fiber optic,Yes,Yes,Yes,Yes,Yes,Yes,One year,Yes,Electronic check,7862.25,No
9529-OFXHY,Male,No,No,No,15,87.75,Yes,Yes,Fiber optic,Yes,No,No,No,Yes,No,Month-to-month,Yes,Bank transfer (automatic),1242.2,No
8634-MPHTR,Male,Yes,Yes,No,47,100.05,Yes,Yes,Fiber optic,No,No,Yes,No,Yes,Yes,Month-to-month,Yes,Electronic check,4871.05,Yes
2669-QVCRG,Female,No,No,No,41,81.3,Yes,Yes,Fiber optic,Yes,No,No,No,No,No,Month-to-month,Yes,Credit card (automatic),3190.65,No
2478-EEWWM,Male,No,Yes,No,59,44.3,No,No phone service,DSL,No,No,No,No,Yes,Yes,Month-to-month,Yes,Electronic check,2666.75,No
9174-IHETN,Female,No,No,Yes,50,70.35,Yes,No,Fiber optic,No,No,No,No,No,No,Two year,No,Credit card (automatic),3533.6,No
2233-TXSIU,Male,No,Yes,Yes,17,44.45,No,No phone service,DSL,Yes,No,Yes,No,Yes,No,One year,No,Credit card (automatic),792.15,No
9644-UMGQA,Male,No,Yes,Yes,6,49.15,Yes,No,DSL,Yes,No,No,No,No,No,Month-to-month,Yes,Electronic check,295.65,No
3256-EZDBI,Male,Yes,Yes,No,51,29.45,No,No phone service,DSL,No,Yes,No,No,No,No,Month-to-month,Yes,Credit card (automatic),1459.35,No
8761-NSOBC,Male,No,No,No,44,100.55,Yes,No,Fiber optic,No,Yes,No,Yes,Yes,Yes,Month-to-month,No,Electronic check,4398.15,Yes
0419-YAAPX,Male,No,Yes,No,49,85.3,Yes,No,Fiber optic,No,Yes,No,No,Yes,No,Month-to-month,Yes,Credit card (automatic),4297.95,No
8413-VONUO,Male,No,No,No,2,95.65,Yes,No,Fiber optic,No,Yes,No,No,Yes,Yes,Month-to-month,No,Electronic check,167.3,Yes
0872-CASZJ,Male,No,Yes,No,59,69.1,Yes,Yes,DSL,Yes,No,No,Yes,No,Yes,One year,Yes,Mailed check,4096.9,No
4726-DLWQN,Male,Yes,No,No,50,70.35,Yes,Yes,DSL,Yes,Yes,No,No,Yes,No,Month-to-month,Yes,Bank transfer (automatic),3454.6,No
8164-OCKUJ,Female,No,Yes,Yes,59,20.6,Yes,No,No,No internet service,No internet service,No internet service,No internet service,No internet service,No internet service,Two year,No,Mailed check,1286.0,No
3094-JOJAI,Male,No,No,No,18,74.15,Yes,Yes,Fiber optic,No,No,No,No,No,No,Month-to-month,No,Mailed check,1387.0,No
9494-MRNYX,Male,No,No,No,10,75.05,Yes,Yes,Fiber optic,No,No,No,No,No,No,Month-to-month,No,Electronic check,786.3,No
2599-CZABP,Male,No,Yes,No,14,44.6,Yes,No,DSL,No,No,No,No,No,No,One year,No,Electronic check,641.25,No
7945-PRBVF,Male,No,No,No,35,21.45,Yes,No,No,No internet service,No internet service,No internet service,No internet service,No internet service,No internet service,Two year,No,Bank transfer (automatic),705.45,No
4544-RXFMG,Male,No,Yes,Yes,8,43.45,Yes,No,DSL,No,No,No,No,No,No,One year,Yes,Mailed check,345.5,No
0859-YGKFW,Male,No,Yes,Yes,18,20.05,Yes,No,No,No internet service,No internet service,No internet service,No internet service,No internet service,No internet service,One year,No,Bank transfer (automatic),345.9,No
1150-FTQGN,Female,No,Yes,Yes,60,94.15,Yes,Yes,Fiber optic,Yes,Yes,No,No,Yes,No,One year,No,Bank transfer (automatic),5811.8,No
9223-UCPVT,Female,No,No,No,1,94.4,Yes,No,Fiber optic,No,No,Yes,No,Yes,Yes,Month-to-month,No,Electronic check,94.4,Yes
7196-LIWRH,Female,No,No,No,6,19.55,Yes,No,No,No internet service,No internet service,No internet service,No internet service,No internet service,No internet service,Two year,No,Mailed check,124.45,No
5448-VWNAM,Female,No,No,Yes,19,75.9,Yes,Yes,DSL,Yes,Yes,No,Yes,Yes,No,Month-to-month,Yes,Mailed check,1375.6,No
1177-XZBJL,Male,No,Yes,Yes,53,64.15,Yes,Yes,DSL,Yes,Yes,No,Yes,No,No,One year,No,Bank transfer (automatic),3491.55,No
3518-FSTWG,Male,Yes,Yes,No,72,109.55,Yes,Yes,Fiber optic,Yes,Yes,Yes,No,Yes,Yes,Two year,Yes,Bank transfer (automatic),7920.7,No
9330-VOFSZ,Female,No,Yes,No,60,110.8,Yes,Yes,Fiber optic,No,Yes,Yes,Yes,Yes,Yes,Two year,Yes,Credit card (automatic),6640.7,No
4351-QLCSU,Female,No,No,No,1,55.0,Yes,No,DSL,No,No,No,No,Yes,No,Month-to-month,Yes,Credit card (automatic),55.0,Yes
0939-EREMR,Female,No,No,Yes,13,53.45,Yes,No,DSL,No,No,Yes,Yes,No,No,Month-to-month,No,Mailed check,718.1,No
9389-ACWBI,Female,No,Yes,Yes,5,69.95,Yes,No,Fiber optic,No,No,No,No,No,No,Month-to-month,No,Credit card (automatic),320.4,No
5419-JPRRN,Male,No,No,No,1,101.45,Yes,Yes,Fiber optic,No,No,Yes,No,Yes,Yes,Month-to-month,Yes,Electronic check,101.45,Yes
3644-QXEHN,Male,No,Yes,Yes,13,97.0,Yes,No,Fiber optic,No,No,Yes,No,Yes,Yes,Month-to-month,No,Electronic check,1334.45,No
2911-IJORQ,Male,No,No,No,37,90.6,Yes,Yes,DSL,Yes,Yes,Yes,Yes,Yes,Yes,One year,Yes,Bank transfer (automatic),3358.65,No
5921-NGYRH,Male,No,Yes,No,64,73.55,Yes,No,Fiber optic,Yes,No,No,No,No,No,Month-to-month,Yes,Mailed check,4764.0,No
2100-BDNSN,Female,No,Yes,No,5,67.95,Yes,Yes,DSL,No,No,Yes,Yes,Yes,No,Month-to-month,No,Bank transfer (automatic),350.3,Yes
5998-DZLYR,Female,No,Yes,No,61,94.35,Yes,Yes,Fiber optic,No,Yes,No,Yes,No,Yes,Two year,Yes,Bank transfer (automatic),5703.0,No
0488-GSLFR,Female,No,No,No,1,69.5,Yes,No,Fiber optic,No,No,No,No,No,No,Month-to-month,Yes,Electronic check,69.5,Yes
9318-NKNFC,Male,No,No,No,1,18.85,Yes,No,No,No internet service,No internet service,No internet service,No internet service,No internet service,No internet service,Month-to-month,Yes,Mailed check,18.85,Yes
3985-HOYPM,Male,No,No,No,26,19.4,Yes,No,No,No internet service,No internet service,No internet service,No internet service,No internet service,No internet service,One year,No,Mailed check,525.55,No
9728-FTTVZ,Female,No,No,No,1,69.2,Yes,No,Fiber optic,No,No,No,No,No,No,Month-to-month,Yes,Electronic check,69.2,Yes
9548-LERKT,Male,No,Yes,No,24,19.75,Yes,No,No,No internet service,No internet service,No internet service,No internet service,No internet service,No internet service,Two year,No,Mailed check,483.15,No
6576-FBXOJ,Male,No,Yes,No,17,54.6,No,No phone service,DSL,No,No,Yes,Yes,Yes,Yes,One year,No,Electronic check,934.8,No
4310-KEDTB,Female,No,No,Yes,26,29.8,No,No phone service,DSL,No,No,Yes,No,No,No,Month-to-month,Yes,Mailed check,786.5,No
7254-IQWOZ,Male,No,No,No,1,69.65,Yes,No,Fiber optic,No,No,No,No,No,No,Month-to-month,Yes,Electronic check,69.65,Yes
2474-BRUCM,Male,Yes,Yes,No,40,101.85,Yes,Yes,Fiber optic,Yes,No,No,No,Yes,Yes,Month-to-month,No,Electronic check,4086.3,Yes
4062-HBMOS,Male,No,No,No,52,103.05,Yes,Yes,Fiber optic,No,Yes,Yes,No,Yes,Yes,Month-to-month,Yes,Electronic check,5364.8,No
0742-NXBGR,Female,No,No,No,1,82.3,Yes,No,Fiber optic,No,Yes,Yes,No,No,No,Month-to-month,Yes,Electronic check,82.3,Yes
2676-ISHSF,Male,No,No,No,1,20.3,Yes,No,No,No internet service,No internet service,No internet service,No internet service,No internet service,No internet service,Month-to-month,No,Mailed check,20.3,No
9236-NDUCW,Female,No,No,No,21,35.1,No,No phone service,DSL,Yes,No,No,Yes,No,No,Two year,No,Mailed check,770.4,No
4753-PADAS,Female,No,Yes,No,67,105.7,Yes,Yes,Fiber optic,No,Yes,Yes,No,Yes,Yes,One year,Yes,Bank transfer (automatic),6816.95,No
6103-QCKFX,Female,No,Yes,Yes,44,56.25,Yes,No,DSL,Yes,No,No,Yes,No,No,Month-to-month,No,Bank transfer (automatic),2419.55,No
7781-EWARA,Male,No,Yes,Yes,70,60.35,No,No phone service,DSL,No,Yes,Yes,Yes,Yes,Yes,One year,No,Electronic check,4138.7,No
6110-OHIHY,Male,No,No,No,3,79.25,Yes,No,Fiber optic,No,No,No,No,Yes,No,Month-to-month,No,Electronic check,267.6,Yes
7018-FPXHH,Male,No,Yes,Yes,56,59.8,Yes,No,DSL,Yes,Yes,Yes,No,No,No,Two year,Yes,Bank transfer (automatic),3457.45,No
5889-LFOLL,Female,No,No,No,13,84.6,Yes,Yes,Fiber optic,No,No,No,No,No,Yes,Month-to-month,Yes,Electronic check,1115.2,Yes
5708-EVONK,Female,No,Yes,Yes,58,93.4,Yes,Yes,Fiber optic,Yes,Yes,No,No,No,Yes,Month-to-month,Yes,Bank transfer (automatic),5435.6,Yes
8708-XPXHZ,Female,No,Yes,Yes,42,94.2,Yes,Yes,Fiber optic,No,No,No,No,Yes,Yes,Month-to-month,Yes,Electronic check,4186.3,Yes
0616-ATFGB,Male,Yes,Yes,No,1,25.05,No,No phone service,DSL,No,No,No,No,No,No,Month-to-month,No,Electronic check,25.05,Yes
0572-ZJKLT,Female,No,Yes,Yes,46,99.65,Yes,Yes,Fiber optic,Yes,No,Yes,Yes,No,Yes,Two year,No,Mailed check,4630.2,No
5135-RDDQL,Female,No,Yes,Yes,63,50.65,Yes,No,DSL,Yes,No,No,No,No,No,Two year,Yes,Bank transfer (automatic),3221.25,No
1353-LJWEM,Male,No,No,No,11,60.9,Yes,No,DSL,No,Yes,Yes,Yes,No,No,Month-to-month,Yes,Electronic check,688.5,No
1794-SWWKL,Male,No,Yes,Yes,15,59.65,Yes,Yes,DSL,No,No,Yes,Yes,No,No,Month-to-month,Yes,Bank transfer (automatic),867.1,No
6166-YIPFO,Male,No,Yes,No,72,64.7,No,No phone service,DSL,Yes,Yes,Yes,Yes,Yes,Yes,Two year,Yes,Electronic check,4746.05,No
7016-BPGEU,Female,No,No,No,29,25.1,No,No phone service,DSL,No,No,No,No,No,No,Month-to-month,Yes,Credit card (automatic),712.85,Yes
6876-ADESB,Male,No,No,Yes,1,48.95,Yes,No,DSL,No,No,Yes,No,No,No,Month-to-month,No,Electronic check,48.95,Yes
9332-GYWLO,Female,No,Yes,Yes,6,54.85,Yes,No,DSL,No,No,No,No,Yes,No,Month-to-month,No,Electronic check,355.1,No
1963-SVUCV,Male,No,No,No,1,45.3,Yes,No,DSL,No,No,No,No,No,No,Month-to-month,No,Electronic check,45.3,Yes
4184-VODJZ,Male,No,Yes,Yes,63,91.35,Yes,Yes,Fiber optic,No,Yes,No,No,No,Yes,One year,Yes,Electronic check,5764.7,No
0220-EBGCE,Male,No,No,No,2,85.85,Yes,No,Fiber optic,No,No,Yes,No,No,Yes,Month-to-month,Yes,Electronic check,167.3,Yes
1092-WPIVQ,Female,No,Yes,Yes,18,25.1,Yes,Yes,No,No internet service,No internet service,No internet service,No internet service,No internet service,No internet service,Two year,No,Mailed check,428.45,No
7233-IOQNP,Female,No,Yes,No,43,34.0,No,No phone service,DSL,Yes,No,No,Yes,No,No,Month-to-month,No,Bank transfer (automatic),1505.35,No
2834-JKOOW,Female,No,No,No,15,45.9,No,No phone service,DSL,Yes,Yes,Yes,Yes,No,No,One year,No,Mailed check,693.45,No
2754-VDLTR,Male,No,No,Yes,10,95.2,Yes,Yes,Fiber optic,No,No,No,No,Yes,Yes,Month-to-month,No,Electronic check,930.4,Yes
2400-FEQME,Male,No,Yes,Yes,55,20.5,Yes,No,No,No internet service,No internet service,No internet service,No internet service,No internet service,No internet service,Two year,No,Mailed check,1177.95,No
3190-XFANI,Male,No,No,Yes,49,100.6,Yes,Yes,Fiber optic,No,No,No,Yes,Yes,Yes,One year,Yes,Bank transfer (automatic),5069.65,Yes
7551-DACSP,Male,No,Yes,Yes,6,55.3,Yes,No,DSL,No,Yes,Yes,No,No,No,Month-to-month,Yes,Mailed check,324.25,Yes
4957-SREEC,Male,No,Yes,Yes,70,20.35,Yes,No,No,No internet service,No internet service,No internet service,No internet service,No internet service,No internet service,Two year,No,Credit card (automatic),1458.1,No
7235-NXZCP,Male,Yes,No,No,2,74.85,Yes,Yes,Fiber optic,No,No,No,No,No,No,Month-to-month,Yes,Mailed check,156.4,Yes
0230-UBYPQ,Male,Yes,Yes,No,63,36.1,No,No phone service,DSL,Yes,No,No,Yes,No,No,One year,No,Bank transfer (automatic),2298.9,No
4923-ADWXJ,Female,No,No,No,25,65.8,Yes,No,DSL,No,Yes,No,Yes,No,Yes,Month-to-month,Yes,Bank transfer (automatic),1679.65,No
1763-KUAAW,Female,Yes,No,No,18,20.35,Yes,No,No,No internet service,No internet service,No internet service,No internet service,No internet service,No internet service,One year,No,Bank transfer (automatic),369.6,No
1104-TNLZA,Male,Yes,Yes,No,28,105.8,Yes,Yes,Fiber optic,No,Yes,No,Yes,Yes,Yes,Month-to-month,Yes,Electronic check,2998.0,No
5195-KPUNQ,Female,Yes,No,No,53,96.75,Yes,No,Fiber optic,Yes,Yes,No,Yes,No,Yes,One year,Yes,Mailed check,5206.55,No
0520-FDVVT,Male,No,No,No,35,102.35,Yes,No,Fiber optic,No,Yes,Yes,No,Yes,Yes,One year,Yes,Bank transfer (automatic),3626.1,Yes
3439-GVUSX,Male,No,No,No,1,24.4,No,No phone service,DSL,No,No,No,No,No,No,Month-to-month,No,Mailed check,24.4,No
1444-VVSGW,Male,No,Yes,No,70,115.65,Yes,Yes,Fiber optic,Yes,Yes,Yes,Yes,Yes,Yes,One year,No,Credit card (automatic),7968.85,Yes
5712-PTIWW,Male,No,No,No,2,79.85,Yes,No,Fiber optic,No,No,Yes,Yes,No,No,Month-to-month,Yes,Electronic check,152.45,Yes
5949-HGVJL,Female,No,Yes,No,26,73.05,Yes,No,DSL,No,Yes,No,Yes,Yes,Yes,Month-to-month,Yes,Electronic check,1959.5,No
5203-XEHAX,Female,No,No,No,34,64.35,Yes,No,DSL,Yes,Yes,No,No,No,Yes,One year,No,Electronic check,2053.05,No
1635-HDGFT,Female,No,No,Yes,19,20.5,Yes,No,No,No internet service,No internet service,No internet service,No internet service,No internet service,No internet service,Two year,No,Mailed check,398.55,No
3315-TOTBP,Male,No,No,No,15,76.0,Yes,Yes,Fiber optic,No,No,No,No,No,No,Month-to-month,Yes,Mailed check,1130.85,Yes
8050-XGRVL,Female,No,Yes,Yes,62,54.75,Yes,No,DSL,Yes,No,Yes,No,No,No,One year,No,Credit card (automatic),3425.35,No
6661-HBGWL,Female,Yes,No,No,42,104.75,Yes,Yes,Fiber optic,No,Yes,Yes,No,Yes,Yes,Month-to-month,Yes,Bank transfer (automatic),4323.45,Yes
1518-VOWAV,Female,No,No,No,9,74.65,Yes,No,DSL,Yes,Yes,No,No,Yes,Yes,Month-to-month,Yes,Electronic check,703.55,Yes
9828-QHFBK,Male,No,No,No,24,51.15,Yes,No,DSL,Yes,No,No,No,No,No,Month-to-month,Yes,Electronic check,1275.7,No
3908-MKIMJ,Male,Yes,Yes,No,68,41.95,No,No phone service,DSL,Yes,Yes,Yes,No,No,No,Two year,Yes,Electronic check,2965.75,No
5012-YSPJJ,Male,No,Yes,Yes,31,54.35,Yes,No,DSL,No,No,Yes,Yes,No,No,Month-to-month,No,Mailed check,1647.0,No
5909-ECHUI,Female,No,No,No,1,56.25,Yes,No,DSL,No,No,No,No,No,Yes,Month-to-month,Yes,Electronic check,56.25,Yes
1309-BXVOQ,Male,No,Yes,No,21,106.1,Yes,Yes,Fiber optic,No,No,Yes,Yes,Yes,Yes,Month-to-month,Yes,Electronic check,2249.95,Yes
6728-VOIFY,Female,No,Yes,No,63,96.0,Yes,No,Fiber optic,No,Yes,No,No,Yes,Yes,One year,Yes,Electronic check,6109.75,No
9317-WZPGV,Female,Yes,No,No,2,79.75,Yes,No,Fiber optic,No,No,No,No,No,Yes,Month-to-month,Yes,Bank transfer (automatic),159.4,Yes
4891-NLUBA,Female,No,Yes,Yes,61,61.45,No,No phone service,DSL,No,Yes,Yes,Yes,Yes,Yes,Two year,Yes,Bank transfer (automatic),3751.15,No
2856-HYAPG,Female,No,No,No,1,68.65,Yes,No,Fiber optic,No,No,No,No,No,No,Month-to-month,No,Electronic check,68.65,Yes
8969-PRHFK,Male,No,No,No,18,19.65,Yes,No,No,No internet service,No internet service,No internet service,No internet service,No internet service,No internet service,One year,No,Mailed check,411.25,No
0661-KQHNK,Female,No,Yes,Yes,6,19.0,Yes,No,No,No internet service,No internet service,No internet service,No internet service,No internet service,No internet service,One year,No,Credit card (automatic),105.5,No
8709-KRDVL,Female,No,No,No,33,100.0,Yes,Yes,Fiber optic,No,Yes,No,No,Yes,Yes,Month-to-month,Yes,Electronic check,3320.6,No
4488-PSYCG,Male,No,No,No,16,20.25,Yes,No,No,No internet service,No internet service,No internet service,No internet service,No internet service,No internet service,Month-to-month,No,Bank transfer (automatic),327.45,Yes
1427-VERSM,Female,No,Yes,No,56,98.7,Yes,No,Fiber optic,No,No,Yes,Yes,Yes,Yes,Month-to-month,Yes,Electronic check,5669.5,No
9801-NOSHQ,Male,No,No,Yes,23,19.8,Yes,No,No,No internet service,No internet service,No internet service,No internet service,No internet service,No internet service,One year,No,Mailed check,465.45,No
6339-YPSAH,Male,No,No,No,9,73.8,Yes,No,Fiber optic,No,No,Yes,No,No,No,Month-to-month,Yes,Electronic check,704.3,No
3621-CEOVK,Female,Yes,Yes,No,14,100.2,Yes,Yes,Fiber optic,No,Yes,No,No,Yes,Yes,Month-to-month,Yes,Electronic check,1369.8,Yes
6906-ANDWJ,Male,No,Yes,Yes,15,74.9,Yes,Yes,Fiber optic,No,No,No,No,No,No,Month-to-month,Yes,Bank transfer (automatic),1107.25,Yes
2159-TURXX,Male,No,No,No,5,20.05,Yes,No,No,No internet service,No internet service,No internet service,No internet service,No internet service,No internet service,Month-to-month,No,Credit card (automatic),95.55,No
1548-FEHVL,Male,No,Yes,No,61,106.2,Yes,Yes,Fiber optic,Yes,Yes,No,No,Yes,Yes,Month-to-month,Yes,Electronic check,6375.2,No
3795-CAWEX,Male,No,Yes,Yes,70,116.55,Yes,Yes,Fiber optic,Yes,Yes,Yes,Yes,Yes,Yes,Two year,Yes,Credit card (automatic),8152.3,No
6215-NQCPY,Male,No,No,No,15,99.7,Yes,Yes,Fiber optic,Yes,No,No,No,Yes,Yes,Month-to-month,Yes,Electronic check,1566.75,No
5647-URDKA,Male,No,Yes,Yes,8,19.7,Yes,No,No,No internet service,No internet service,No internet service,No internet service,No internet service,No internet service,Two year,No,Mailed check,130.25,No
2229-DPMBI,Female,No,Yes,Yes,8,19.5,Yes,No,No,No internet service,No internet service,No internet service,No internet service,No internet service,No internet service,Two year,No,Mailed check,162.15,No
9626-WEQRM,Female,No,No,No,4,29.15,No,No phone service,DSL,Yes,No,No,No,No,No,Month-to-month,Yes,Mailed check,110.05,No
2188-SXWVT,Female,No,No,No,34,55.0,Yes,No,DSL,Yes,Yes,No,No,No,No,One year,No,Mailed check,1885.15,No
6258-PVZWJ,Male,No,Yes,No,68,90.8,Yes,Yes,DSL,Yes,Yes,Yes,Yes,Yes,Yes,Two year,Yes,Credit card (automatic),6302.85,No
1094-BKOSX,Female,No,Yes,Yes,45,51.0,No,No phone service,DSL,No,Yes,Yes,Yes,No,Yes,One year,No,Bank transfer (automatic),2264.5,No
6969-MVBAI,Female,Yes,No,No,9,90.1,Yes,Yes,Fiber optic,No,No,Yes,No,Yes,No,Month-to-month,Yes,Electronic check,816.8,No
2978-XXSOG,Female,No,No,No,22,59.05,Yes,Yes,DSL,Yes,No,No,Yes,No,No,Month-to-month,Yes,Mailed check,1253.5,No
2342-CKIAO,Female,No,No,No,2,20.3,Yes,No,No,No internet service,No internet service,No internet service,No internet service,No internet service,No internet service,Month-to-month,No,Mailed check,41.2,No
6953-PBDIN,Male,No,Yes,No,70,72.95,Yes,Yes,DSL,No,Yes,Yes,Yes,Yes,No,Two year,No,Bank transfer (automatic),5265.55,No
3898-BSJYF,Female,No,No,Yes,10,73.55,Yes,Yes,DSL,Yes,No,Yes,Yes,No,Yes,One year,No,Credit card (automatic),693.3,No
3938-YFPXD,Male,No,No,No,72,84.3,Yes,Yes,DSL,Yes,No,Yes,Yes,Yes,Yes,Two year,No,Credit card (automatic),5997.1,No
7696-AMHOD,Female,No,Yes,Yes,49,78.0,Yes,No,DSL,No,Yes,Yes,No,Yes,Yes,One year,No,Credit card (automatic),3824.2,No
2453-SAFNS,Female,Yes,No,No,54,72.1,Yes,Yes,DSL,No,Yes,No,Yes,Yes,No,One year,No,Mailed check,3886.05,No
9558-IHEZX,Female,No,No,No,71,106.75,Yes,Yes,Fiber optic,Yes,Yes,Yes,No,Yes,Yes,Two year,Yes,Credit card (automatic),7283.25,No
9617-UDPEU,Female,No,No,No,22,19.25,Yes,No,No,No internet service,No internet service,No internet service,No internet service,No internet service,No internet service,One year,Yes,Mailed check,412.55,No
6340-DACFT,Female,No,Yes,Yes,50,20.55,Yes,No,No,No internet service,No internet service,No internet service,No internet service,No internet service,No internet service,Two year,No,Credit card (automatic),1070.25,No
4955-VCWBI,Female,No,Yes,Yes,43,20.0,Yes,No,No,No internet service,No internet service,No internet service,No internet service,No internet service,No internet service,One year,No,Mailed check,817.95,No
6813-GZQCG,Female,No,Yes,Yes,45,24.65,Yes,Yes,No,No internet service,No internet service,No internet service,No internet service,No internet service,No internet service,Two year,Yes,Credit card (automatic),1171.3,No
7426-GSWPO,Male,Yes,No,No,64,103.5,Yes,Yes,Fiber optic,Yes,Yes,No,No,Yes,Yes,Month-to-month,Yes,Bank transfer (automatic),6548.65,No
3389-KTRXV,Female,No,Yes,Yes,23,23.85,Yes,Yes,No,No internet service,No internet service,No internet service,No internet service,No internet service,No internet service,Two year,No,Mailed check,625.65,No
3118-UHVVQ,Female,No,Yes,No,68,25.8,Yes,Yes,No,No internet service,No internet service,No internet service,No internet service,No internet service,No internet service,Two year,No,Credit card (automatic),1911.5,No
1031-IIDEO,Female,No,No,No,1,70.85,Yes,No,Fiber optic,No,No,No,No,No,No,Month-to-month,Yes,Electronic check,70.85,Yes
5832-XKAES,Male,No,No,No,2,69.8,Yes,No,Fiber optic,No,No,No,No,No,No,Month-to-month,Yes,Credit card (automatic),134.7,Yes
3205-MXZRA,Male,No,No,No,26,59.45,Yes,No,DSL,No,No,No,Yes,Yes,No,One year,No,Credit card (automatic),1507.0,No
4701-AHWMW,Male,No,Yes,No,55,54.55,No,No phone service,DSL,No,No,Yes,Yes,Yes,Yes,Month-to-month,Yes,Bank transfer (automatic),2978.3,Yes
8317-BVKSO,Male,No,No,No,14,20.05,Yes,No,No,No internet service,No internet service,No internet service,No internet service,No internet service,No internet service,Month-to-month,Yes,Electronic check,299.3,No
5702-KVQRD,Male,No,Yes,No,71,82.55,Yes,No,DSL,Yes,No,Yes,Yes,Yes,Yes,Two year,Yes,Electronic check,5832.65,No
0083-PIVIK,Male,No,No,No,64,81.25,Yes,Yes,DSL,Yes,Yes,Yes,Yes,Yes,No,One year,No,Electronic check,5567.55,No
9210-IAHGH,Female,No,No,No,7,70.75,Yes,No,DSL,No,No,No,Yes,Yes,Yes,Month-to-month,Yes,Credit card (automatic),450.8,Yes
6169-PGNCD,Female,No,No,No,57,74.3,Yes,No,DSL,Yes,Yes,Yes,Yes,Yes,No,Two year,Yes,Credit card (automatic),4166.35,No
0023-XUOPT,Female,No,Yes,No,13,94.1,Yes,Yes,Fiber optic,No,Yes,Yes,No,Yes,No,Month-to-month,No,Electronic check,1215.6,Yes
4592-IWTJI,Female,No,Yes,Yes,3,29.7,No,No phone service,DSL,Yes,No,No,No,No,No,Month-to-month,No,Credit card (automatic),91.7,Yes
4909-JOUPP,Male,Yes,Yes,No,72,109.7,Yes,Yes,Fiber optic,No,Yes,Yes,Yes,Yes,Yes,Two year,No,Credit card (automatic),7898.45,No
4657-FWVFY,Female,No,Yes,Yes,40,96.35,Yes,Yes,Fiber optic,No,Yes,Yes,No,Yes,No,Month-to-month,Yes,Credit card (automatic),3915.4,No
2257-BOVXD,Male,No,Yes,No,14,66.6,Yes,Yes,DSL,No,No,No,Yes,Yes,No,Month-to-month,Yes,Credit card (automatic),979.5,No
7729-JTEEC,Male,No,Yes,Yes,2,44.5,Yes,No,DSL,No,No,No,No,No,No,Month-to-month,Yes,Electronic check,90.05,No
7632-MNYOY,Male,Yes,No,No,66,110.9,Yes,Yes,Fiber optic,No,Yes,Yes,Yes,Yes,Yes,One year,No,Credit card (automatic),7432.05,Yes
6518-LGAOV,Female,No,Yes,No,38,105.0,Yes,Yes,Fiber optic,No,No,Yes,Yes,Yes,Yes,Month-to-month,Yes,Electronic check,4026.4,Yes
7242-QZLXF,Male,No,No,Yes,1,25.3,No,No phone service,DSL,No,No,No,No,No,No,Month-to-month,Yes,Electronic check,25.3,Yes
4576-CSAJH,Male,No,No,No,22,55.15,Yes,No,DSL,No,Yes,No,Yes,No,No,One year,Yes,Credit card (automatic),1193.05,Yes
1000-AJSLD,Male,No,No,No,1,20.1,Yes,No,No,No internet service,No internet service,No internet service,No internet service,No internet service,No internet service,Month-to-month,Yes,Mailed check,20.1,Yes
9696-RMYBA,Male,No,No,No,5,80.1,Yes,No,Fiber optic,No,No,No,No,Yes,No,Month-to-month,Yes,Mailed check,398.55,No
8690-UPCZI,Male,No,Yes,Yes,29,69.05,Yes,Yes,DSL,Yes,No,No,Yes,Yes,No,One year,No,Bank transfer (automatic),1958.45,No
1062-LHZOD,Male,No,Yes,Yes,1,69.9,Yes,No,Fiber optic,No,No,No,No,No,No,Month-to-month,Yes,Mailed check,69.9,Yes
9770-LXDBK,Female,No,No,No,3,20.4,Yes,No,No,No internet service,No internet service,No internet service,No internet service,No internet service,No internet service,Month-to-month,No,Mailed check,63.15,No
4086-WITJG,Male,No,Yes,Yes,71,19.7,Yes,No,No,No internet service,No internet service,No internet service,No internet service,No internet service,No internet service,Two year,No,Credit card (automatic),1301.1,No
8344-WFMFH,Male,No,No,Yes,9,50.1,Yes,No,DSL,No,Yes,No,No,No,No,Month-to-month,Yes,Electronic check,484.05,No
9600-NAXZN,Male,No,No,No,43,101.4,Yes,Yes,Fiber optic,No,Yes,No,No,Yes,Yes,Month-to-month,Yes,Electronic check,4528.0,Yes
8822-KNBHV,Female,No,No,No,48,83.45,Yes,Yes,DSL,Yes,Yes,Yes,No,Yes,Yes,One year,Yes,Credit card (automatic),3887.85,No
8404-FYDIB,Male,No,No,No,26,86.65,Yes,Yes,Fiber optic,Yes,Yes,No,No,No,No,Month-to-month,Yes,Credit card (automatic),2208.75,No
2791-SFVEW,Female,No,No,No,9,20.15,Yes,No,No,No internet service,No internet service,No internet service,No internet service,No internet service,No internet service,Month-to-month,No,Bank transfer (automatic),238.15,No
6457-USBER,Male,No,No,No,1,80.8,Yes,No,Fiber optic,No,No,No,No,No,Yes,Month-to-month,Yes,Electronic check,80.8,Yes
6762-NSODU,Female,No,Yes,Yes,46,19.4,Yes,No,No,No internet service,No internet service,No internet service,No internet service,No internet service,No internet service,Two year,No,Credit card (automatic),958.15,No
4662-EKDPQ,Male,No,No,No,2,62.05,Yes,Yes,DSL,No,No,No,No,No,Yes,Month-to-month,No,Bank transfer (automatic),118.3,Yes
9248-OJYKK,Male,Yes,No,No,1,76.45,Yes,Yes,Fiber optic,No,No,No,No,No,No,Month-to-month,Yes,Electronic check,76.45,Yes
9888-ZCUMM,Male,No,Yes,Yes,64,60.05,No,No phone service,DSL,Yes,No,Yes,Yes,Yes,Yes,Two year,Yes,Bank transfer (automatic),3845.45,No
3398-FSHON,Female,Yes,No,No,12,91.3,Yes,Yes,Fiber optic,No,Yes,No,No,Yes,No,Month-to-month,Yes,Electronic check,1094.5,Yes
3319-DWOEP,Male,Yes,Yes,No,6,95.75,Yes,No,Fiber optic,No,No,Yes,No,Yes,Yes,Month-to-month,Yes,Electronic check,573.75,Yes
1074-WVEVG,Female,No,Yes,No,59,20.35,Yes,No,No,No internet service,No internet service,No internet service,No internet service,No internet service,No internet service,One year,No,Mailed check,1267.0,No
9979-RGMZT,Female,No,No,No,7,94.05,Yes,No,Fiber optic,No,Yes,No,No,Yes,Yes,One year,Yes,Mailed check,633.45,No
6437-UDQJM,Female,Yes,Yes,No,72,84.1,Yes,Yes,DSL,Yes,Yes,Yes,No,Yes,Yes,Two year,Yes,Credit card (automatic),6129.65,No
1226-IENZN,Male,Yes,No,No,16,78.75,Yes,No,Fiber optic,No,No,No,No,No,Yes,Month-to-month,Yes,Electronic check,1218.25,No
2108-GLPQB,Male,No,Yes,No,25,55.55,Yes,Yes,DSL,No,No,Yes,No,No,No,Month-to-month,No,Credit card (automatic),1405.3,No
9259-PACGQ,Female,No,Yes,No,34,62.65,Yes,Yes,DSL,Yes,Yes,No,Yes,No,No,Month-to-month,No,Electronic check,2274.9,Yes
4415-IJZTP,Female,No,No,No,1,74.5,Yes,Yes,Fiber optic,No,No,No,No,No,No,Month-to-month,Yes,Electronic check,74.5,Yes
1465-VINDH,Female,No,Yes,Yes,10,102.1,Yes,Yes,Fiber optic,No,Yes,Yes,No,Yes,Yes,Month-to-month,Yes,Credit card (automatic),1068.85,Yes
5474-LAMUQ,Male,No,Yes,No,24,20.1,Yes,No,No,No internet service,No internet service,No internet service,No internet service,No internet service,No internet service,One year,No,Mailed check,533.9,No
3468-DRVQJ,Female,No,Yes,Yes,10,70.3,Yes,Yes,DSL,Yes,Yes,No,No,Yes,No,One year,No,Electronic check,676.15,No
1122-YJBCS,Male,No,Yes,No,69,53.65,Yes,No,DSL,Yes,Yes,No,No,No,No,One year,Yes,Credit card (automatic),3804.4,No
4990-ALDGW,Male,No,No,No,57,20.75,Yes,No,No,No internet service,No internet service,No internet service,No internet service,No internet service,No internet service,Two year,No,Mailed check,1118.8,No
4816-OKWNX,Male,No,Yes,Yes,50,103.4,Yes,No,Fiber optic,No,Yes,Yes,Yes,Yes,Yes,One year,Yes,Bank transfer (automatic),5236.4,No
3315-IKYZQ,Male,No,Yes,Yes,28,50.8,No,No phone service,DSL,Yes,No,Yes,Yes,Yes,No,One year,No,Mailed check,1386.8,No
2810-FTLEM,Female,No,No,No,16,50.15,Yes,No,DSL,Yes,No,No,No,No,No,Month-to-month,Yes,Electronic check,762.25,Yes
4747-LCAQL,Male,No,No,No,25,79.0,Yes,No,DSL,Yes,Yes,No,Yes,Yes,Yes,Month-to-month,Yes,Mailed check,1902.0,No
3411-WLRSQ,Female,Yes,Yes,No,3,74.6,Yes,No,Fiber optic,No,Yes,No,No,No,No,Month-to-month,Yes,Bank transfer (automatic),239.05,No
0898-XCGTF,Male,No,Yes,No,61,96.5,Yes,Yes,Fiber optic,No,No,No,No,Yes,Yes,One year,Yes,Bank transfer (automatic),5673.7,No
8006-PYCSW,Female,No,No,No,2,20.1,Yes,No,No,No internet service,No internet service,No internet service,No internet service,No internet service,No internet service,Month-to-month,No,Mailed check,39.8,No
8249-THVEC,Male,No,Yes,Yes,51,19.4,Yes,No,No,No internet service,No internet service,No internet service,No internet service,No internet service,No internet service,One year,No,Mailed check,997.75,No
8722-PRFDV,Female,No,Yes,Yes,71,77.55,Yes,No,DSL,Yes,No,Yes,No,Yes,Yes,Two year,No,Credit card (automatic),5574.35,No
2164-SOQXL,Female,No,Yes,Yes,20,20.05,Yes,No,No,No internet service,No internet service,No internet service,No internet service,No internet service,No internet service,Month-to-month,No,Mailed check,406.05,No
4020-KIUDI,Male,No,Yes,Yes,6,19.85,Yes,No,No,No internet service,No internet service,No internet service,No internet service,No internet service,No internet service,Month-to-month,No,Credit card (automatic),138.85,No
5850-BDWCY,Female,No,No,No,6,20.2,Yes,No,No,No internet service,No internet service,No internet service,No internet service,No internet service,No internet service,Month-to-month,No,Mailed check,123.65,No
2038-YSEZE,Female,No,No,No,29,67.45,Yes,Yes,DSL,Yes,Yes,No,Yes,No,No,Month-to-month,No,Mailed check,1801.1,No
0827-ITJPH,Male,No,No,No,36,18.55,Yes,No,No,No internet service,No internet service,No internet service,No internet service,No internet service,No internet service,Two year,Yes,Credit card (automatic),689.0,No
8799-OXZMD,Female,No,No,No,28,29.75,No,No phone service,DSL,No,No,Yes,No,No,No,Month-to-month,Yes,Mailed check,790.7,No
1925-TIBLE,Female,No,Yes,No,7,86.5,Yes,Yes,Fiber optic,No,No,No,No,Yes,No,Month-to-month,Yes,Electronic check,582.5,Yes
1705-GUHPV,Female,No,No,No,63,24.2,Yes,Yes,No,No internet service,No internet service,No internet service,No internet service,No internet service,No internet service,Two year,No,Mailed check,1618.2,No
4779-ZGICK,Male,No,Yes,Yes,48,23.55,Yes,Yes,No,No internet service,No internet service,No internet service,No internet service,No internet service,No internet service,Two year,No,Mailed check,1173.35,No
0048-PIHNL,Female,No,Yes,No,49,20.45,Yes,No,No,No internet service,No internet service,No internet service,No internet service,No internet service,No internet service,One year,No,Bank transfer (automatic),900.9,No
0818-OCPZO,Male,Yes,No,No,27,81.45,Yes,Yes,Fiber optic,No,Yes,No,No,No,No,Month-to-month,Yes,Electronic check,2122.05,Yes
3967-KXAPS,Male,No,Yes,No,72,92.3,Yes,Yes,DSL,Yes,Yes,Yes,Yes,Yes,Yes,Two year,No,Credit card (automatic),6719.9,No
1447-GIQMR,Male,No,Yes,No,1,69.15,Yes,No,Fiber optic,No,No,No,No,No,No,Month-to-month,Yes,Electronic check,69.15,Yes
3704-IEAXF,Female,No,Yes,Yes,72,53.65,No,No phone service,DSL,No,Yes,No,Yes,Yes,Yes,Two year,No,Credit card (automatic),3784.0,No
6810-VCAEX,Female,No,No,No,47,39.65,No,No phone service,DSL,Yes,Yes,No,Yes,No,No,One year,No,Credit card (automatic),1798.65,No
0674-EYYZV,Female,No,No,No,1,54.65,Yes,No,DSL,No,No,No,No,Yes,No,Month-to-month,Yes,Electronic check,54.65,No
4480-MBMLB,Female,No,No,No,36,104.8,Yes,Yes,Fiber optic,No,Yes,Yes,No,Yes,Yes,One year,Yes,Bank transfer (automatic),3886.45,No
1395-OFUWC,Male,No,Yes,Yes,43,29.3,No,No phone service,DSL,No,Yes,No,No,No,No,Month-to-month,No,Credit card (automatic),1224.05,No
0822-QGCXA,Female,Yes,Yes,No,27,83.85,Yes,Yes,DSL,No,Yes,Yes,Yes,Yes,Yes,Month-to-month,No,Electronic check,2310.2,No
0872-NXJYS,Female,No,No,No,9,79.55,Yes,No,Fiber optic,No,No,No,No,No,Yes,Month-to-month,Yes,Electronic check,723.4,Yes
2832-KJCRD,Female,No,No,No,38,103.65,Yes,Yes,Fiber optic,No,No,Yes,Yes,Yes,Yes,Month-to-month,Yes,Electronic check,3988.5,No
3588-WSTTJ,Female,Yes,No,No,35,99.05,Yes,Yes,Fiber optic,Yes,No,No,No,Yes,Yes,Month-to-month,Yes,Electronic check,3554.6,No
4075-WKNIU,Female,No,Yes,Yes,0,73.35,Yes,Yes,DSL,No,Yes,Yes,Yes,Yes,No,Two year,No,Mailed check,,No
5090-EMGTC,Female,No,Yes,No,59,100.05,Yes,No,Fiber optic,No,Yes,No,Yes,Yes,Yes,Two year,Yes,Mailed check,6034.85,No
2346-CZYIL,Male,No,No,No,27,20.35,Yes,No,No,No internet service,No internet service,No internet service,No internet service,No internet service,No internet service,Two year,No,Credit card (automatic),531.6,No
3798-EPWRR,Female,Yes,No,No,2,43.95,Yes,No,DSL,No,No,No,No,No,No,Month-to-month,No,Electronic check,85.1,No
6258-NGCNG,Male,No,No,No,7,23.5,Yes,Yes,No,No internet service,No internet service,No internet service,No internet service,No internet service,No internet service,Month-to-month,No,Mailed check,173.0,No
4186-ZBUEW,Female,No,No,No,36,70.7,Yes,Yes,DSL,No,Yes,No,Yes,No,Yes,One year,Yes,Mailed check,2511.95,No
5274-XHAKY,Female,No,Yes,Yes,41,94.3,Yes,Yes,Fiber optic,Yes,Yes,No,No,Yes,No,Month-to-month,Yes,Bank transfer (automatic),3893.6,No
1442-BQPVU,Female,No,No,No,13,29.15,No,No phone service,DSL,No,Yes,No,No,No,No,Month-to-month,No,Electronic check,357.15,No
3978-YNKDD,Male,No,No,Yes,19,20.85,Yes,No,No,No internet service,No internet service,No internet service,No internet service,No internet service,No internet service,Two year,No,Credit card (automatic),467.5,No
4940-KHCWD,Female,No,Yes,No,60,37.7,No,No phone service,DSL,Yes,Yes,No,Yes,No,No,Two year,No,Bank transfer (automatic),2288.7,No
9412-ARGBX,Female,No,No,Yes,48,95.5,Yes,No,Fiber optic,No,Yes,Yes,Yes,Yes,No,Two year,Yes,Mailed check,4627.85,Yes
1389-CXMLU,Male,Yes,No,No,3,91.05,Yes,Yes,Fiber optic,No,No,Yes,No,Yes,No,Month-to-month,No,Electronic check,289.1,Yes
9589-ABEPT,Male,No,Yes,No,69,92.45,Yes,Yes,Fiber optic,No,Yes,No,Yes,Yes,No,Two year,Yes,Mailed check,6460.55,No
9388-ZEYVT,Male,No,No,No,43,44.15,No,No phone service,DSL,No,No,Yes,Yes,No,Yes,One year,No,Electronic check,1931.3,No
0305-SQECB,Female,No,No,Yes,11,36.05,No,No phone service,DSL,Yes,No,No,Yes,No,No,One year,Yes,Mailed check,402.6,No
7605-SNLQG,Female,No,Yes,No,45,50.25,Yes,No,DSL,No,No,Yes,No,No,No,Month-to-month,Yes,Credit card (automatic),2221.55,No
4670-TABXH,Male,No,Yes,No,72,109.75,Yes,Yes,Fiber optic,No,Yes,Yes,Yes,Yes,Yes,Two year,Yes,Credit card (automatic),7758.9,No
5561-NWEVX,Female,Yes,Yes,No,2,79.2,Yes,Yes,Fiber optic,No,No,Yes,No,No,No,Month-to-month,No,Electronic check,172.85,Yes
0064-SUDOG,Female,No,Yes,Yes,12,20.3,Yes,No,No,No internet service,No internet service,No internet service,No internet service,No internet service,No internet service,Two year,No,Bank transfer (automatic),224.5,No
8561-NMTBD,Female,No,Yes,Yes,67,112.35,Yes,Yes,Fiber optic,No,Yes,Yes,Yes,Yes,Yes,One year,Yes,Credit card (automatic),7388.45,No
5161-XEUVX,Male,No,Yes,No,37,94.3,Yes,Yes,Fiber optic,No,No,Yes,Yes,Yes,No,Two year,No,Mailed check,3460.95,No
8292-FRFZQ,Female,No,No,No,39,41.15,No,No phone service,DSL,Yes,Yes,No,Yes,No,No,One year,No,Bank transfer (automatic),1700.9,No
8591-NXRCV,Female,No,No,No,41,74.65,Yes,Yes,DSL,Yes,No,Yes,Yes,No,Yes,Month-to-month,Yes,Bank transfer (automatic),3090.65,No
7895-VONWT,Female,No,No,No,25,48.25,No,No phone service,DSL,No,No,Yes,No,Yes,Yes,Month-to-month,Yes,Electronic check,1293.8,No
4526-RMTLL,Male,No,Yes,Yes,8,76.15,Yes,Yes,DSL,Yes,Yes,No,Yes,No,Yes,Two year,Yes,Credit card (automatic),645.8,No
6253-GNHWH,Female,No,Yes,Yes,71,71.1,Yes,Yes,DSL,Yes,Yes,Yes,Yes,No,No,Two year,No,Mailed check,5224.95,No
4566-NECEV,Male,No,No,No,5,96.55,Yes,Yes,Fiber optic,No,Yes,Yes,No,No,Yes,Month-to-month,No,Electronic check,500.1,No
8080-POTJR,Female,No,No,No,30,79.3,Yes,Yes,DSL,Yes,No,Yes,No,Yes,Yes,One year,Yes,Credit card (automatic),2427.1,No
6906-MPARY,Male,No,No,No,40,89.6,Yes,No,Fiber optic,No,Yes,No,Yes,No,Yes,One year,Yes,Credit card (automatic),3488.15,No
3662-FXJFO,Female,No,No,No,54,20.5,Yes,No,No,No internet service,No internet service,No internet service,No internet service,No internet service,No internet service,Two year,Yes,Mailed check,1035.7,No
8107-RZLNV,Male,No,Yes,No,72,106.3,Yes,Yes,Fiber optic,No,Yes,Yes,No,Yes,Yes,Two year,Yes,Bank transfer (automatic),7565.35,No
0516-OOHAR,Male,No,Yes,Yes,28,100.35,Yes,No,Fiber optic,No,Yes,Yes,No,Yes,Yes,One year,No,Bank transfer (automatic),2799.0,No
2027-CWDNU,Male,No,Yes,Yes,18,85.6,Yes,No,Fiber optic,No,No,No,Yes,No,Yes,Month-to-month,Yes,Electronic check,1601.5,No
2737-WFVYW,Female,No,No,No,2,45.25,No,No phone service,DSL,No,No,No,No,Yes,Yes,Month-to-month,Yes,Electronic check,85.5,Yes
9912-OMZDS,Female,No,Yes,Yes,59,106.15,Yes,Yes,Fiber optic,No,Yes,Yes,No,Yes,Yes,One year,Yes,Electronic check,6256.2,No
3733-ZEECP,Male,No,Yes,Yes,22,51.1,Yes,No,DSL,No,No,No,Yes,No,No,Month-to-month,Yes,Electronic check,1232.9,No
7878-RTCZG,Female,No,No,No,1,19.9,Yes,No,No,No internet service,No internet service,No internet service,No internet service,No internet service,No internet service,Month-to-month,No,Mailed check,19.9,No
2452-MRMZF,Female,Yes,Yes,No,72,25.7,Yes,Yes,No,No internet service,No internet service,No internet service,No internet service,No internet service,No internet service,Two year,Yes,Credit card (automatic),1937.4,No
2272-QAGFO,Female,Yes,No,No,14,74.3,Yes,Yes,Fiber optic,No,No,No,No,No,No,Month-to-month,Yes,Electronic check,1096.25,Yes
7103-IPXPJ,Male,No,Yes,No,50,99.4,Yes,Yes,Fiber optic,No,No,No,Yes,Yes,Yes,One year,No,Electronic check,5059.75,No
4342-HFXWS,Female,No,Yes,Yes,48,69.7,Yes,No,DSL,Yes,No,Yes,Yes,Yes,No,One year,No,Bank transfer (automatic),3023.65,No
3545-CNWRG,Female,No,Yes,Yes,49,98.35,Yes,Yes,Fiber optic,No,Yes,No,No,Yes,Yes,Month-to-month,Yes,Electronic check,4889.2,No
1785-BPHTP,Male,No,Yes,Yes,28,85.45,Yes,No,Fiber optic,No,No,Yes,No,Yes,No,Month-to-month,No,Electronic check,2289.9,No
4989-LIXVT,Male,Yes,No,No,68,95.9,Yes,Yes,Fiber optic,No,Yes,Yes,No,No,Yes,Month-to-month,Yes,Electronic check,6503.2,No
7315-WYOAW,Male,No,No,No,13,100.75,Yes,Yes,Fiber optic,No,No,No,Yes,Yes,Yes,Month-to-month,No,Electronic check,1313.25,No
1173-XZPYF,Female,No,No,No,11,89.2,Yes,Yes,Fiber optic,No,No,Yes,No,Yes,No,Month-to-month,Yes,Electronic check,990.3,No
9850-OWRHQ,Female,No,Yes,No,3,74.1,Yes,Yes,Fiber optic,No,No,No,No,No,No,Month-to-month,Yes,Credit card (automatic),228.0,Yes
3768-NLUBH,Male,Yes,Yes,No,57,100.6,Yes,Yes,Fiber optic,No,No,Yes,No,Yes,Yes,Month-to-month,No,Electronic check,5746.15,Yes
8676-TRMJS,Male,No,No,No,3,75.0,Yes,Yes,Fiber optic,No,No,No,No,No,No,Month-to-month,No,Mailed check,209.1,Yes
2509-TFPJU,Male,No,Yes,No,72,25.75,Yes,Yes,No,No internet service,No internet service,No internet service,No internet service,No internet service,No internet service,Two year,No,Credit card (automatic),1864.2,No
9530-GRMJG,Male,No,Yes,Yes,70,84.1,Yes,Yes,DSL,No,Yes,Yes,Yes,Yes,Yes,Two year,Yes,Electronic check,5979.7,No
6898-RBTLU,Female,No,Yes,Yes,49,79.3,Yes,Yes,DSL,No,Yes,No,Yes,Yes,Yes,Two year,No,Bank transfer (automatic),3902.45,No
5481-NTDOH,Female,Yes,Yes,No,67,107.05,Yes,Yes,Fiber optic,Yes,No,Yes,No,Yes,Yes,One year,Yes,Credit card (automatic),7142.5,No
2068-WWXQZ,Male,No,No,No,46,20.05,Yes,No,No,No internet service,No internet service,No internet service,No internet service,No internet service,No internet service,Two year,No,Bank transfer (automatic),902.0,No
7359-SSBJK,Female,Yes,No,No,64,70.2,Yes,No,DSL,Yes,Yes,No,Yes,Yes,No,Two year,Yes,Credit card (automatic),4481.0,Yes
2061-VVFST,Female,No,Yes,No,37,19.5,Yes,No,No,No internet service,No internet service,No internet service,No internet service,No internet service,No internet service,Month-to-month,No,Bank transfer (automatic),805.2,No
0685-MLYYM,Female,Yes,No,No,2,70.75,Yes,No,Fiber optic,No,No,No,No,No,No,Month-to-month,No,Electronic check,154.85,Yes
0749-IRGQE,Female,Yes,Yes,No,13,45.3,No,No phone service,DSL,No,No,No,No,Yes,Yes,Month-to-month,No,Electronic check,528.45,No
2380-DAMQP,Female,No,Yes,No,72,115.15,Yes,Yes,Fiber optic,Yes,Yes,Yes,Yes,Yes,Yes,Two year,No,Electronic check,8349.7,No
2256-YLYLP,Male,No,Yes,Yes,68,72.95,Yes,No,DSL,No,No,Yes,Yes,Yes,Yes,Two year,Yes,Bank transfer (automatic),4953.25,No
1272-ILHFG,Male,No,Yes,Yes,15,19.65,Yes,No,No,No internet service,No internet service,No internet service,No internet service,No internet service,No internet service,One year,No,Mailed check,332.65,No
0164-XAIRP,Female,No,No,No,24,19.55,Yes,No,No,No internet service,No internet service,No internet service,No internet service,No internet service,No internet service,Two year,Yes,Bank transfer (automatic),470.2,No
5666-CYCYZ,Female,No,No,No,24,89.55,Yes,Yes,Fiber optic,No,No,No,Yes,No,Yes,Month-to-month,Yes,Electronic check,2259.35,No
4011-ARPHK,Male,No,No,No,27,50.35,Yes,No,DSL,Yes,No,No,No,No,No,Month-to-month,No,Mailed check,1411.35,No
8182-PNAGI,Male,No,No,No,12,50.25,Yes,No,DSL,No,No,No,Yes,No,No,Month-to-month,No,Bank transfer (automatic),593.75,Yes
6365-HITVU,Female,No,Yes,Yes,71,87.25,Yes,No,DSL,Yes,Yes,Yes,Yes,Yes,Yes,Two year,No,Credit card (automatic),6328.7,No
7558-IMLMT,Male,No,Yes,Yes,67,20.8,Yes,No,No,No internet service,No internet service,No internet service,No internet service,No internet service,No internet service,Two year,Yes,Mailed check,1411.9,No
9488-FYQAU,Female,No,Yes,No,63,109.25,Yes,Yes,Fiber optic,No,Yes,Yes,Yes,Yes,Yes,Two year,Yes,Bank transfer (automatic),6841.4,No
3590-TCXTB,Male,No,No,No,1,20.35,Yes,No,No,No internet service,No internet service,No internet service,No internet service,No internet service,No internet service,Month-to-month,No,Mailed check,20.35,No
6994-KERXL,Male,No,No,No,4,55.9,Yes,No,DSL,No,No,No,No,No,Yes,Month-to-month,Yes,Electronic check,238.5,No
7957-RYHQD,Female,Yes,No,No,40,79.2,Yes,No,Fiber optic,Yes,Yes,No,No,No,No,Month-to-month,Yes,Credit card (automatic),3233.85,Yes
2180-DXNEG,Female,No,No,No,12,96.0,Yes,No,Fiber optic,No,No,Yes,No,Yes,Yes,Month-to-month,Yes,Electronic check,1062.1,Yes
1960-UOTYM,Male,No,Yes,Yes,52,79.2,Yes,No,DSL,Yes,Yes,Yes,No,Yes,Yes,Two year,No,Electronic check,4016.3,No
2740-JFBOK,Male,No,No,No,10,24.0,Yes,Yes,No,No internet service,No internet service,No internet service,No internet service,No internet service,No internet service,Month-to-month,Yes,Electronic check,226.55,No
6500-JVEGC,Male,No,No,No,68,101.35,Yes,Yes,Fiber optic,Yes,Yes,Yes,No,Yes,No,One year,No,Bank transfer (automatic),7110.75,No
5515-AKOAJ,Female,No,No,No,54,100.1,Yes,Yes,Fiber optic,No,No,No,Yes,Yes,Yes,Month-to-month,Yes,Electronic check,5440.9,Yes
8976-OQHGT,Female,No,Yes,Yes,4,56.5,Yes,No,DSL,No,Yes,No,Yes,No,No,Month-to-month,No,Mailed check,235.1,Yes
5245-VDBUR,Female,No,Yes,No,52,35.45,No,No phone service,DSL,Yes,No,Yes,No,No,No,One year,No,Mailed check,1958.95,No
6230-BSUXY,Female,Yes,No,No,1,85.0,Yes,No,Fiber optic,No,No,Yes,No,No,Yes,Month-to-month,Yes,Electronic check,85.0,Yes
8469-SNFFH,Male,No,Yes,No,70,79.4,Yes,Yes,DSL,Yes,Yes,Yes,Yes,Yes,No,One year,No,Bank transfer (automatic),5528.9,No
2144-ESWKO,Male,No,No,No,43,35.2,No,No phone service,DSL,Yes,No,Yes,No,No,No,One year,Yes,Credit card (automatic),1463.7,No
1241-FPMOF,Male,No,No,No,52,19.65,Yes,No,No,No internet service,No internet service,No internet service,No internet service,No internet service,No internet service,Two year,No,Mailed check,1025.05,No
9928-BZVLZ,Female,No,No,No,12,49.85,No,No phone service,DSL,Yes,No,Yes,Yes,No,Yes,Two year,No,Mailed check,552.1,No
4114-QMKVN,Female,No,Yes,Yes,56,68.75,Yes,Yes,DSL,Yes,Yes,No,No,No,Yes,One year,No,Bank transfer (automatic),3815.4,No
2775-SEFEE,Male,No,No,Yes,0,61.9,Yes,Yes,DSL,Yes,Yes,No,Yes,No,No,Two year,Yes,Bank transfer (automatic),,No
9003-CPATH,Male,No,No,No,42,79.9,Yes,Yes,Fiber optic,No,No,Yes,No,No,No,Month-to-month,No,Electronic check,3313.4,No
1754-GKYPY,Male,Yes,Yes,No,22,89.75,Yes,No,Fiber optic,No,No,No,No,Yes,Yes,Month-to-month,Yes,Bank transfer (automatic),1938.9,No
5294-CDGWY,Male,No,Yes,Yes,51,59.3,No,No phone service,DSL,Yes,Yes,Yes,No,Yes,Yes,One year,No,Electronic check,3014.65,Yes
7956-XQWGU,Male,No,No,No,27,19.4,Yes,No,No,No internet service,No internet service,No internet service,No internet service,No internet service,No internet service,Month-to-month,Yes,Credit card (automatic),460.25,No
1591-MQJTP,Male,Yes,Yes,No,51,93.65,Yes,Yes,Fiber optic,Yes,No,Yes,No,No,Yes,One year,Yes,Bank transfer (automatic),4839.15,No
5295-PCJOO,Male,No,No,Yes,4,49.4,Yes,No,DSL,Yes,No,No,No,No,No,Month-to-month,Yes,Electronic check,184.4,Yes
2369-FEVNO,Male,No,No,No,1,19.9,Yes,No,No,No internet service,No internet service,No internet service,No internet service,No internet service,No internet service,Month-to-month,Yes,Mailed check,19.9,No
9863-JZAIC,Male,No,No,No,35,55.0,Yes,No,DSL,No,No,No,No,Yes,No,Month-to-month,No,Mailed check,2010.55,Yes
7471-MQPOS,Male,Yes,Yes,Yes,71,72.9,Yes,Yes,DSL,No,Yes,Yes,Yes,No,Yes,One year,Yes,Bank transfer (automatic),5139.65,No
7660-HDPJV,Female,No,No,No,1,69.2,Yes,No,Fiber optic,No,No,No,No,No,No,Month-to-month,Yes,Electronic check,69.2,Yes
5115-SQAAU,Female,No,Yes,Yes,69,25.6,Yes,Yes,No,No internet service,No internet service,No internet service,No internet service,No internet service,No internet service,Two year,Yes,Bank transfer (automatic),1673.4,No
9845-QOMAD,Male,No,Yes,Yes,14,19.75,Yes,No,No,No internet service,No internet service,No internet service,No internet service,No internet service,No internet service,One year,No,Mailed check,309.35,No
7672-VFMXZ,Male,No,Yes,No,57,55.7,Yes,No,DSL,Yes,No,No,Yes,No,No,Month-to-month,No,Electronic check,3171.6,No
9739-JLPQJ,Female,No,Yes,Yes,72,117.5,Yes,Yes,Fiber optic,Yes,Yes,Yes,Yes,Yes,Yes,Two year,No,Credit card (automatic),8670.1,No
9916-AYHTC,Male,No,No,No,48,19.85,Yes,No,No,No internet service,No internet service,No internet service,No internet service,No internet service,No internet service,Two year,No,Credit card (automatic),916.0,No
3855-ONCAR,Female,No,Yes,Yes,4,78.9,Yes,No,Fiber optic,No,No,No,No,Yes,No,Month-to-month,Yes,Mailed check,299.75,No
1488-SYSFC,Male,No,Yes,Yes,31,20.65,Yes,No,No,No internet service,No internet service,No internet service,No internet service,No internet service,No internet service,Month-to-month,Yes,Electronic check,702.05,No
7931-PXHFC,Male,No,No,No,38,62.3,Yes,No,DSL,No,No,Yes,Yes,No,Yes,One year,Yes,Mailed check,2354.8,Yes
3990-QYKBE,Male,Yes,Yes,No,37,92.5,Yes,Yes,Fiber optic,No,No,No,No,Yes,Yes,Month-to-month,Yes,Electronic check,3473.4,Yes
0970-QXPXW,Female,No,No,No,1,19.65,Yes,No,No,No internet service,No internet service,No internet service,No internet service,No internet service,No internet service,Month-to-month,No,Mailed check,19.65,No
3259-KNMRR,Male,Yes,No,No,57,79.75,Yes,Yes,DSL,No,Yes,Yes,No,Yes,Yes,Two year,Yes,Bank transfer (automatic),4438.2,No
6120-RJKLU,Female,Yes,Yes,No,62,79.95,Yes,No,DSL,Yes,No,Yes,Yes,Yes,Yes,Two year,Yes,Credit card (automatic),4819.75,No
9572-WUKSB,Male,No,Yes,No,3,29.9,No,No phone service,DSL,No,No,No,Yes,No,No,Month-to-month,Yes,Electronic check,92.25,No
5893-KCLGT,Female,No,No,Yes,72,19.75,Yes,No,No,No internet service,No internet service,No internet service,No internet service,No internet service,No internet service,Two year,Yes,Mailed check,1567.0,No
0076-LVEPS,Male,No,No,Yes,29,45.0,No,No phone service,DSL,Yes,Yes,Yes,Yes,No,No,Month-to-month,Yes,Mailed check,1242.45,No
3640-JQGJG,Male,No,Yes,Yes,13,44.8,Yes,No,DSL,No,No,No,No,No,No,Month-to-month,No,Bank transfer (automatic),559.2,No
4919-MOAVT,Male,No,No,Yes,3,69.65,Yes,No,Fiber optic,No,No,No,No,No,No,Month-to-month,No,Electronic check,220.1,Yes
1596-OQSPS,Female,No,No,No,11,51.1,Yes,No,DSL,No,Yes,No,No,No,No,Month-to-month,No,Electronic check,531.15,No
9867-XOBQA,Female,No,No,Yes,21,53.15,No,No phone service,DSL,Yes,Yes,Yes,Yes,Yes,No,Two year,No,Mailed check,1183.2,No
9546-KDTRB,Female,No,No,No,19,24.7,Yes,Yes,No,No internet service,No internet service,No internet service,No internet service,No internet service,No internet service,Month-to-month,No,Bank transfer (automatic),465.85,No
3090-HAWSU,Male,No,No,No,61,111.6,Yes,Yes,Fiber optic,Yes,No,Yes,Yes,Yes,Yes,Two year,Yes,Credit card (automatic),6876.05,Yes
9820-RMCQV,Female,No,No,No,11,48.55,Yes,No,DSL,Yes,No,No,No,No,No,Month-to-month,No,Credit card (automatic),501.0,Yes
3174-RKMOW,Male,No,Yes,Yes,35,109.95,Yes,Yes,Fiber optic,No,Yes,Yes,Yes,Yes,Yes,Month-to-month,Yes,Electronic check,3782.4,No
1760-CAZHT,Male,No,No,Yes,25,20.8,Yes,No,No,No internet service,No internet service,No internet service,No internet service,No internet service,No internet service,Month-to-month,No,Mailed check,460.2,No
7839-QRKXN,Female,No,No,No,1,20.2,Yes,No,No,No internet service,No internet service,No internet service,No internet service,No internet service,No internet service,Month-to-month,Yes,Mailed check,20.2,Yes
8441-SHIPE,Female,No,No,No,67,25.6,Yes,Yes,No,No internet service,No internet service,No internet service,No internet service,No internet service,No internet service,Two year,Yes,Bank transfer (automatic),1790.35,No
5204-QZXPU,Male,No,No,No,19,39.65,No,No phone service,DSL,No,No,Yes,No,Yes,No,Month-to-month,Yes,Electronic check,733.35,Yes
4597-ELFTS,Male,No,No,No,56,24.9,Yes,Yes,No,No internet service,No internet service,No internet service,No internet service,No internet service,No internet service,One year,No,Electronic check,1334.0,Yes
1320-GVNHT,Male,No,Yes,Yes,72,108.4,Yes,Yes,Fiber optic,Yes,Yes,Yes,No,Yes,Yes,Two year,Yes,Credit card (automatic),7767.25,No
1047-RNXZV,Male,No,No,No,43,19.55,Yes,No,No,No internet service,No internet service,No internet service,No internet service,No internet service,No internet service,Two year,No,Mailed check,876.15,No
3541-ZNUHK,Female,No,Yes,Yes,55,85.1,Yes,Yes,Fiber optic,Yes,Yes,No,No,No,No,Month-to-month,Yes,Electronic check,4600.95,No
8450-JOVAH,Male,No,Yes,Yes,2,56.7,Yes,Yes,DSL,Yes,No,No,No,No,No,Month-to-month,No,Mailed check,113.55,Yes
8725-JEDFD,Male,No,No,No,27,69.05,Yes,No,Fiber optic,No,No,No,No,No,No,Month-to-month,Yes,Mailed check,1793.25,No
7562-UXTPG,Female,No,No,No,13,70.15,Yes,No,Fiber optic,No,No,No,No,No,No,Month-to-month,Yes,Mailed check,886.7,No
8071-SBTRN,Female,No,No,No,70,111.15,Yes,Yes,Fiber optic,Yes,Yes,Yes,No,Yes,Yes,Two year,Yes,Mailed check,7737.55,No
1113-IUJYX,Female,No,Yes,No,14,105.95,Yes,No,Fiber optic,Yes,Yes,No,Yes,Yes,Yes,One year,No,Mailed check,1348.9,Yes
6668-CNMFP,Female,No,Yes,Yes,19,89.35,Yes,Yes,Fiber optic,No,No,No,Yes,No,Yes,One year,Yes,Bank transfer (automatic),1686.85,No
5626-MGTUK,Female,No,No,No,20,89.1,Yes,Yes,Fiber optic,Yes,No,No,No,Yes,No,Month-to-month,Yes,Bank transfer (automatic),1879.25,No
5681-LLOEI,Male,No,Yes,Yes,43,91.25,Yes,Yes,Fiber optic,Yes,No,Yes,Yes,No,No,One year,Yes,Credit card (automatic),4013.8,No
8212-DJRCH,Male,No,Yes,Yes,5,90.35,Yes,No,Fiber optic,Yes,No,Yes,No,No,Yes,Month-to-month,Yes,Mailed check,434.5,No
4323-OHFOW,Female,Yes,Yes,No,70,105.55,Yes,Yes,Fiber optic,No,Yes,No,Yes,Yes,Yes,One year,Yes,Bank transfer (automatic),7195.35,No
4933-BSAIP,Female,No,Yes,No,40,19.1,Yes,No,No,No internet service,No internet service,No internet service,No internet service,No internet service,No internet service,Two year,No,Mailed check,780.1,No
2030-BTZRO,Male,No,Yes,Yes,6,20.4,Yes,No,No,No internet service,No internet service,No internet service,No internet service,No internet service,No internet service,Two year,Yes,Credit card (automatic),107.6,No
1116-DXXDF,Male,No,No,No,39,100.45,Yes,No,Fiber optic,Yes,No,Yes,No,Yes,Yes,Two year,Yes,Electronic check,3801.7,No
9274-CNFMO,Male,Yes,Yes,No,4,74.95,Yes,Yes,Fiber optic,No,No,No,No,No,No,Month-to-month,No,Electronic check,308.7,Yes
7758-XKCBS,Male,No,No,No,15,29.7,No,No phone service,DSL,No,No,No,Yes,No,No,Month-to-month,Yes,Electronic check,438.25,Yes
8992-JQYUN,Male,No,Yes,No,1,50.35,No,No phone service,DSL,No,No,Yes,No,Yes,Yes,Month-to-month,Yes,Electronic check,50.35,Yes
6563-VNPMN,Female,Yes,No,No,45,85.7,Yes,No,Fiber optic,Yes,Yes,No,Yes,No,No,Month-to-month,Yes,Bank transfer (automatic),3778.1,No
0617-AQNWT,Female,No,Yes,No,64,47.85,No,No phone service,DSL,Yes,No,Yes,Yes,No,Yes,Two year,No,Electronic check,3147.5,Yes
2267-WTPYD,Female,Yes,Yes,No,57,94.0,Yes,Yes,Fiber optic,No,Yes,Yes,No,No,Yes,Month-to-month,No,Credit card (automatic),5438.95,No
0270-THENM,Male,No,Yes,Yes,72,69.85,Yes,Yes,DSL,Yes,Yes,Yes,Yes,No,No,Two year,No,Bank transfer (automatic),5102.35,No
2446-PLQVO,Male,No,No,No,1,70.3,Yes,No,Fiber optic,No,No,No,No,No,No,Month-to-month,Yes,Electronic check,70.3,Yes
4707-MAXGU,Male,No,Yes,No,72,25.85,Yes,Yes,No,No internet service,No internet service,No internet service,No internet service,No internet service,No internet service,Two year,No,Credit card (automatic),1872.2,No
2710-WYVXG,Female,No,No,No,3,71.1,Yes,No,DSL,Yes,Yes,No,Yes,No,Yes,Two year,No,Mailed check,213.35,No
3005-NFMTA,Male,Yes,No,No,55,98.8,Yes,Yes,Fiber optic,Yes,No,No,No,Yes,Yes,Month-to-month,Yes,Electronic check,5617.75,Yes
6300-BWMJX,Female,No,Yes,No,59,93.35,Yes,Yes,Fiber optic,No,No,Yes,Yes,Yes,No,Month-to-month,No,Electronic check,5386.5,No
8784-CGILN,Female,No,No,No,18,99.85,Yes,Yes,Fiber optic,No,No,No,Yes,Yes,Yes,Month-to-month,Yes,Bank transfer (automatic),1776.95,Yes
5389-FFVKB,Male,Yes,Yes,No,32,80.3,Yes,No,Fiber optic,No,No,No,No,No,Yes,Month-to-month,Yes,Credit card (automatic),2483.05,Yes
7009-LGECI,Female,No,No,No,4,50.55,Yes,No,DSL,Yes,No,No,No,No,No,Month-to-month,Yes,Bank transfer (automatic),235.65,No
8444-WRIDW,Female,Yes,No,No,66,80.45,Yes,Yes,Fiber optic,No,Yes,No,No,No,No,Month-to-month,Yes,Credit card (automatic),5224.35,Yes
5022-KVDQT,Male,No,No,No,27,81.3,Yes,Yes,Fiber optic,No,No,Yes,No,No,No,Month-to-month,Yes,Electronic check,2272.8,No
7976-CICYS,Male,No,No,No,4,20.7,Yes,No,No,No internet service,No internet service,No internet service,No internet service,No internet service,No internet service,Month-to-month,Yes,Credit card (automatic),83.75,No
1036-GUDCL,Male,No,Yes,Yes,60,79.05,Yes,No,DSL,Yes,Yes,No,Yes,Yes,Yes,Month-to-month,Yes,Credit card (automatic),4663.4,No
2005-DWQZJ,Female,No,Yes,Yes,8,19.05,Yes,No,No,No internet service,No internet service,No internet service,No internet service,No internet service,No internet service,Two year,No,Mailed check,201.7,No
8148-WOCMK,Male,No,Yes,Yes,8,19.6,Yes,No,No,No internet service,No internet service,No internet service,No internet service,No internet service,No internet service,Two year,No,Credit card (automatic),125.0,No
7815-PDTHL,Male,No,No,No,35,20.2,Yes,No,No,No internet service,No internet service,No internet service,No internet service,No internet service,No internet service,Two year,Yes,Mailed check,684.4,No
9451-LPGOO,Male,No,No,No,7,86.8,Yes,Yes,Fiber optic,No,No,No,No,No,Yes,Month-to-month,Yes,Electronic check,620.35,Yes
9173-IVZVP,Female,No,Yes,Yes,53,20.9,Yes,No,No,No internet service,No internet service,No internet service,No internet service,No internet service,No internet service,Two year,No,Mailed check,1146.05,No
9129-UXERG,Female,Yes,No,No,18,103.6,Yes,Yes,Fiber optic,No,Yes,No,Yes,Yes,Yes,Month-to-month,Yes,Credit card (automatic),1806.35,No
3635-JBPSG,Female,No,No,No,15,38.8,No,No phone service,DSL,No,Yes,No,No,No,Yes,Two year,Yes,Mailed check,603.0,No
7964-ZRKKG,Male,No,Yes,No,67,88.4,Yes,Yes,Fiber optic,No,Yes,No,No,Yes,No,One year,Yes,Bank transfer (automatic),5798.3,No
5868-YWPDW,Male,Yes,Yes,No,6,84.2,Yes,No,Fiber optic,No,Yes,No,No,No,Yes,Month-to-month,Yes,Electronic check,519.15,Yes
6229-LSCKB,Male,Yes,No,No,6,79.7,Yes,No,Fiber optic,No,No,No,No,Yes,No,Month-to-month,Yes,Electronic check,497.6,No
2025-JKFWI,Male,No,No,No,13,99.0,Yes,Yes,Fiber optic,No,No,No,Yes,Yes,Yes,Month-to-month,Yes,Mailed check,1301.7,Yes
4078-SAYYN,Female,No,No,No,11,100.75,Yes,Yes,Fiber optic,No,No,Yes,No,Yes,Yes,Month-to-month,Yes,Electronic check,1129.75,Yes
1724-IQWNM,Male,No,No,Yes,1,19.3,Yes,No,No,No internet service,No internet service,No internet service,No internet service,No internet service,No internet service,Month-to-month,Yes,Mailed check,19.3,No
8217-QYOHV,Male,No,No,No,5,55.75,Yes,No,DSL,Yes,No,No,Yes,No,No,Month-to-month,Yes,Mailed check,266.95,No
5546-QUERU,Male,No,No,No,13,19.95,Yes,No,No,No internet service,No internet service,No internet service,No internet service,No internet service,No internet service,One year,Yes,Mailed check,257.0,No
9940-HPQPG,Female,No,Yes,No,9,91.75,Yes,Yes,Fiber optic,Yes,Yes,Yes,No,No,No,Month-to-month,No,Bank transfer (automatic),865.8,Yes
6897-UUBNU,Male,No,No,No,29,89.65,Yes,No,Fiber optic,No,Yes,No,Yes,Yes,No,Month-to-month,No,Mailed check,2623.65,No
6127-IYJOZ,Male,Yes,No,No,1,45.85,Yes,No,DSL,No,No,No,No,No,No,Month-to-month,Yes,Mailed check,45.85,No
6618-RYATB,Female,No,No,No,1,79.55,Yes,Yes,Fiber optic,No,No,Yes,No,No,No,Month-to-month,Yes,Mailed check,79.55,Yes
8930-XOTDP,Female,No,Yes,Yes,18,55.95,Yes,No,DSL,No,No,No,No,Yes,No,Month-to-month,No,Mailed check,1082.8,No
5916-QEWPT,Female,No,Yes,No,2,69.0,Yes,No,DSL,No,No,Yes,No,Yes,Yes,Month-to-month,No,Credit card (automatic),147.8,No
5060-TQUQN,Male,No,Yes,Yes,30,83.55,Yes,Yes,Fiber optic,No,Yes,No,Yes,No,No,Month-to-month,Yes,Bank transfer (automatic),2570.2,No
0531-XBKMM,Male,No,No,Yes,66,65.7,Yes,Yes,DSL,Yes,Yes,No,Yes,No,No,Two year,No,Bank transfer (automatic),4378.9,No
8465-SBRXP,Male,No,Yes,Yes,38,94.9,Yes,Yes,Fiber optic,No,No,Yes,Yes,Yes,No,Two year,Yes,Bank transfer (automatic),3616.25,No
2408-PSJVE,Male,No,Yes,Yes,44,61.9,Yes,No,DSL,No,Yes,Yes,Yes,No,No,Month-to-month,Yes,Mailed check,2924.05,No
9079-YEXQJ,Female,No,No,No,54,111.1,Yes,Yes,Fiber optic,No,Yes,Yes,Yes,Yes,Yes,Month-to-month,No,Electronic check,6014.85,Yes
9700-ZCLOT,Male,No,No,No,2,20.0,Yes,No,No,No internet service,No internet service,No internet service,No internet service,No internet service,No internet service,Month-to-month,No,Mailed check,32.7,No
8738-JOKAR,Female,No,No,No,42,67.7,Yes,No,DSL,Yes,Yes,No,Yes,No,Yes,One year,Yes,Mailed check,2882.25,No
4534-WGCIR,Female,No,Yes,Yes,58,25.15,Yes,Yes,No,No internet service,No internet service,No internet service,No internet service,No internet service,No internet service,Two year,No,Credit card (automatic),1509.9,No
1930-WNXSB,Male,No,Yes,Yes,58,92.85,Yes,No,Fiber optic,No,Yes,No,No,Yes,Yes,Month-to-month,Yes,Electronic check,5305.05,No
2685-SREOM,Female,No,Yes,Yes,25,89.1,Yes,Yes,Fiber optic,No,No,Yes,No,No,Yes,Month-to-month,Yes,Electronic check,2368.4,Yes
3508-CFVZL,Female,No,No,No,71,111.3,Yes,Yes,Fiber optic,Yes,Yes,Yes,Yes,Yes,Yes,Two year,No,Mailed check,7985.9,No
0402-CQAJN,Female,No,No,No,37,101.9,Yes,Yes,Fiber optic,No,Yes,Yes,No,Yes,Yes,Month-to-month,Yes,Bank transfer (automatic),3545.35,Yes
6692-UDPJC,Female,No,Yes,Yes,14,91.65,Yes,Yes,Fiber optic,No,No,No,Yes,Yes,No,Month-to-month,Yes,Electronic check,1301.0,Yes
1273-MTETI,Female,Yes,No,No,4,88.85,Yes,Yes,Fiber optic,No,No,Yes,No,No,Yes,Month-to-month,Yes,Electronic check,372.45,Yes
0657-DOGUM,Female,No,Yes,No,48,60.6,Yes,Yes,DSL,Yes,No,No,Yes,No,No,One year,Yes,Bank transfer (automatic),2985.25,No
5480-HPRRX,Female,Yes,No,No,3,25.3,No,No phone service,DSL,No,No,No,No,No,No,Month-to-month,No,Electronic check,77.75,Yes
8792-AOROI,Female,No,Yes,No,8,65.5,Yes,No,DSL,Yes,No,No,Yes,No,Yes,Two year,No,Mailed check,564.35,No
0295-PPHDO,Male,No,No,No,1,95.45,Yes,Yes,Fiber optic,No,No,No,No,Yes,Yes,Month-to-month,Yes,Electronic check,95.45,Yes
5146-YYFRZ,Male,No,No,No,67,19.95,Yes,No,No,No internet service,No internet service,No internet service,No internet service,No internet service,No internet service,Two year,No,Bank transfer (automatic),1311.75,No
1195-OIYEJ,Male,No,No,No,13,91.1,Yes,No,Fiber optic,No,No,No,No,Yes,Yes,Month-to-month,Yes,Electronic check,1135.7,Yes
5906-CVLHP,Female,No,Yes,Yes,45,54.15,Yes,No,DSL,No,Yes,No,Yes,No,No,One year,Yes,Credit card (automatic),2319.8,Yes
3452-SRFEG,Male,No,No,No,49,74.6,Yes,Yes,Fiber optic,No,No,No,No,No,No,Month-to-month,Yes,Bank transfer (automatic),3720.35,No
4070-OKWVH,Female,No,Yes,No,52,94.6,Yes,Yes,Fiber optic,No,Yes,Yes,No,Yes,No,Month-to-month,No,Bank transfer (automatic),5025.8,No
5297-MDOIR,Female,No,Yes,No,63,81.15,Yes,No,Fiber optic,Yes,No,Yes,No,No,No,One year,Yes,Credit card (automatic),5224.5,No
6369-MCAKO,Female,No,Yes,Yes,68,89.05,Yes,Yes,DSL,Yes,Yes,Yes,Yes,Yes,Yes,Two year,Yes,Bank transfer (automatic),6185.8,No
4926-UMJZD,Female,No,Yes,No,31,49.2,Yes,No,DSL,No,No,No,Yes,No,No,Month-to-month,Yes,Mailed check,1498.55,No
6848-HJTXY,Female,No,Yes,No,64,19.45,Yes,No,No,No internet service,No internet service,No internet service,No internet service,No internet service,No internet service,Two year,No,Credit card (automatic),1208.6,No
6341-AEVKX,Female,No,Yes,No,62,104.3,Yes,No,Fiber optic,Yes,No,Yes,Yes,Yes,Yes,One year,Yes,Electronic check,6613.65,No
4501-EQDRN,Female,No,No,No,1,69.7,Yes,No,Fiber optic,No,No,No,No,No,No,Month-to-month,No,Bank transfer (automatic),69.7,Yes
2990-HWIML,Female,No,No,No,6,89.5,Yes,No,Fiber optic,No,No,No,No,Yes,Yes,Month-to-month,Yes,Electronic check,573.3,Yes
0682-USIXD,Female,No,Yes,No,21,86.05,Yes,No,Fiber optic,No,No,No,Yes,Yes,No,Month-to-month,Yes,Electronic check,1818.9,No
6976-BWGLQ,Female,No,Yes,Yes,72,25.2,Yes,Yes,No,No internet service,No internet service,No internet service,No internet service,No internet service,No internet service,Two year,No,Bank transfer (automatic),1787.35,No
7078-NVFAM,Female,No,Yes,Yes,32,35.15,No,No phone service,DSL,Yes,Yes,No,No,No,No,Month-to-month,Yes,Electronic check,1051.05,No
8065-QBYTO,Female,Yes,No,No,71,99.65,Yes,Yes,Fiber optic,Yes,Yes,No,Yes,Yes,No,One year,Yes,Credit card (automatic),7181.25,No
2133-TSRRM,Female,No,No,Yes,34,105.35,Yes,No,Fiber optic,Yes,Yes,Yes,No,Yes,Yes,Month-to-month,Yes,Bank transfer (automatic),3688.6,No
7384-GHBPI,Male,No,Yes,No,3,35.15,No,No phone service,DSL,No,No,No,No,No,Yes,Month-to-month,Yes,Electronic check,99.75,Yes
7603-USHJS,Male,No,No,Yes,12,73.75,Yes,Yes,Fiber optic,No,No,No,No,No,No,Month-to-month,Yes,Credit card (automatic),871.4,Yes
7234-FECYN,Female,Yes,No,No,8,101.35,Yes,Yes,Fiber optic,No,No,Yes,No,Yes,Yes,Month-to-month,No,Electronic check,780.5,Yes
2511-ALLCS,Female,No,Yes,Yes,35,24.3,Yes,Yes,No,No internet service,No internet service,No internet service,No internet service,No internet service,No internet service,Two year,No,Bank transfer (automatic),821.6,No
3191-CSNMG,Female,No,Yes,Yes,3,80.7,Yes,No,Fiber optic,No,No,No,No,Yes,No,Month-to-month,Yes,Electronic check,239.45,No
7952-OBOYL,Male,No,No,No,3,89.85,Yes,No,Fiber optic,No,No,Yes,Yes,Yes,No,Month-to-month,Yes,Mailed check,244.45,No
7470-DYNOE,Male,No,No,No,53,61.1,Yes,No,DSL,No,No,Yes,No,No,Yes,One year,Yes,Electronic check,3357.9,No
7853-OETYL,Female,No,Yes,No,4,29.05,No,No phone service,DSL,Yes,No,No,No,No,No,Month-to-month,Yes,Electronic check,129.6,No
1545-ACTAS,Female,No,Yes,Yes,48,99.7,Yes,No,Fiber optic,Yes,No,Yes,No,Yes,Yes,One year,Yes,Bank transfer (automatic),4977.2,No
5876-HZVZM,Female,No,Yes,Yes,6,55.9,Yes,No,DSL,Yes,Yes,No,No,No,No,Month-to-month,No,Credit card (automatic),365.35,Yes
1400-MMYXY,Male,Yes,Yes,No,3,105.9,Yes,Yes,Fiber optic,No,Yes,Yes,No,Yes,Yes,Month-to-month,Yes,Electronic check,334.65,Yes
5126-RCXYW,Male,No,Yes,Yes,54,46.0,No,No phone service,DSL,No,No,Yes,Yes,No,Yes,Two year,No,Credit card (automatic),2424.05,No
3085-QUOZK,Female,No,No,No,1,43.95,Yes,No,DSL,No,No,No,No,No,No,Month-to-month,No,Mailed check,43.95,Yes
2363-BJLSL,Male,No,No,No,62,80.4,Yes,No,DSL,No,Yes,Yes,Yes,Yes,Yes,Month-to-month,Yes,Bank transfer (automatic),4981.15,No
1956-YIFGE,Male,No,Yes,Yes,22,100.05,Yes,No,Fiber optic,No,Yes,Yes,No,Yes,Yes,One year,Yes,Mailed check,2090.25,No
3926-CUQZX,Male,No,No,No,1,45.1,Yes,No,DSL,No,No,No,No,No,No,Month-to-month,Yes,Bank transfer (automatic),45.1,Yes
7921-LMDFQ,Male,Yes,No,No,51,94.0,Yes,No,Fiber optic,No,No,Yes,No,Yes,Yes,One year,Yes,Bank transfer (automatic),4905.75,No
2925-MXLSX,Female,No,No,No,30,68.95,Yes,Yes,DSL,No,Yes,Yes,No,Yes,No,One year,Yes,Credit card (automatic),2038.7,No
5820-PTRYM,Female,Yes,Yes,No,56,68.45,Yes,Yes,DSL,Yes,Yes,Yes,Yes,No,No,One year,Yes,Credit card (automatic),4014.0,No
9609-BENEA,Male,No,Yes,No,35,69.0,Yes,Yes,DSL,No,Yes,No,Yes,Yes,No,One year,Yes,Electronic check,2441.7,No
6211-WHMYA,Female,Yes,No,No,64,43.85,No,No phone service,DSL,No,Yes,No,Yes,Yes,No,Month-to-month,Yes,Electronic check,2751.0,No
4459-BBGHE,Male,No,No,Yes,30,44.5,No,No phone service,DSL,No,No,No,No,Yes,Yes,Month-to-month,Yes,Electronic check,1307.8,No
9945-PSVIP,Female,No,Yes,Yes,25,18.7,Yes,No,No,No internet service,No internet service,No internet service,No internet service,No internet service,No internet service,Two year,Yes,Mailed check,383.65,No
1041-RXHRA,Female,No,No,No,41,70.25,Yes,No,Fiber optic,No,No,No,No,No,No,Month-to-month,No,Bank transfer (automatic),2868.05,Yes
1750-CSKKM,Male,No,No,Yes,9,55.35,Yes,No,DSL,No,No,No,No,Yes,No,Month-to-month,No,Electronic check,449.75,Yes
9108-EJFJP,Female,No,Yes,No,1,53.55,Yes,No,DSL,Yes,Yes,No,No,No,No,Month-to-month,Yes,Mailed check,53.55,No
0530-IJVDB,Male,No,No,Yes,70,114.6,Yes,Yes,Fiber optic,Yes,Yes,Yes,Yes,Yes,Yes,Two year,Yes,Electronic check,7882.5,No
0508-SQWPL,Female,No,Yes,Yes,57,20.1,Yes,No,No,No internet service,No internet service,No internet service,No internet service,No internet service,No internet service,Two year,Yes,Bank transfer (automatic),1087.7,No
2215-ZAFGX,Male,No,No,No,9,85.5,Yes,Yes,Fiber optic,No,No,No,No,Yes,No,Month-to-month,Yes,Electronic check,791.7,No
8213-TAZPM,Female,No,Yes,Yes,69,108.75,Yes,Yes,Fiber optic,No,Yes,Yes,Yes,Yes,Yes,One year,Yes,Bank transfer (automatic),7493.05,No
7142-HVGBG,Male,Yes,Yes,No,43,103.0,Yes,Yes,Fiber optic,No,Yes,Yes,No,Yes,Yes,Month-to-month,Yes,Electronic check,4414.3,Yes
1304-SEGFY,Female,No,Yes,No,72,97.85,Yes,Yes,Fiber optic,No,No,Yes,No,Yes,Yes,Two year,Yes,Electronic check,6841.3,No
7242-EDTYC,Male,No,No,Yes,44,19.55,Yes,No,No,No internet service,No internet service,No internet service,No internet service,No internet service,No internet service,Two year,No,Bank transfer (automatic),819.95,No
2904-GGUAZ,Female,No,Yes,No,72,84.05,Yes,Yes,Fiber optic,Yes,Yes,No,No,No,No,Two year,Yes,Bank transfer (automatic),6052.25,No
8267-ZNYVZ,Female,No,Yes,No,33,103.75,Yes,No,Fiber optic,Yes,No,Yes,Yes,Yes,Yes,One year,Yes,Electronic check,3361.05,Yes
5136-GFPMB,Male,No,No,No,54,89.4,Yes,Yes,Fiber optic,No,No,Yes,No,No,Yes,Month-to-month,No,Credit card (automatic),4869.5,No
2595-KIWPV,Male,No,No,Yes,27,19.7,Yes,No,No,No internet service,No internet service,No internet service,No internet service,No internet service,No internet service,Two year,No,Credit card (automatic),509.3,No
5243-SAOTC,Male,No,No,No,54,79.85,Yes,Yes,Fiber optic,No,Yes,No,No,No,No,Month-to-month,Yes,Bank transfer (automatic),4308.25,No
9398-MMQTO,Male,No,No,No,3,74.45,Yes,No,Fiber optic,No,Yes,No,No,No,No,Month-to-month,No,Credit card (automatic),221.1,No
7619-PLRLP,Female,No,Yes,No,53,74.1,Yes,Yes,DSL,Yes,Yes,Yes,No,No,Yes,One year,No,Bank transfer (automatic),3833.95,No
6457-GIRWB,Male,No,No,No,1,69.35,Yes,No,Fiber optic,No,No,No,No,No,No,Month-to-month,Yes,Electronic check,69.35,Yes
6508-NJYRO,Male,No,Yes,No,15,18.8,Yes,No,No,No internet service,No internet service,No internet service,No internet service,No internet service,No internet service,One year,No,Mailed check,294.95,No
1450-SKCVI,Female,No,No,No,56,73.85,Yes,No,Fiber optic,No,Yes,No,No,No,No,Month-to-month,Yes,Electronic check,4092.85,Yes
4710-NKCAW,Male,No,Yes,Yes,5,64.4,Yes,Yes,DSL,Yes,Yes,No,Yes,No,No,Month-to-month,No,Credit card (automatic),316.9,No
5306-BVTKJ,Male,No,Yes,Yes,48,55.8,Yes,No,DSL,No,Yes,Yes,No,No,No,One year,Yes,Credit card (automatic),2651.2,No
0357-NVCRI,Female,No,No,Yes,25,20.05,Yes,No,No,No internet service,No internet service,No internet service,No internet service,No internet service,No internet service,Month-to-month,No,Credit card (automatic),471.7,No
5570-PTWEH,Female,No,Yes,No,3,75.15,Yes,Yes,Fiber optic,No,No,No,No,No,No,Month-to-month,Yes,Credit card (automatic),216.75,Yes
2371-KFUOG,Male,No,No,No,58,99.15,Yes,No,Fiber optic,Yes,Yes,No,No,Yes,Yes,One year,No,Bank transfer (automatic),5720.95,No
0463-ZSDNT,Male,No,No,No,10,56.75,Yes,No,DSL,No,No,No,No,No,Yes,Month-to-month,Yes,Bank transfer (automatic),503.25,No
6502-MJQAE,Male,No,No,No,1,69.6,Yes,No,Fiber optic,No,No,No,No,No,No,Month-to-month,Yes,Electronic check,69.6,Yes
6257-DTAYD,Male,No,Yes,No,71,104.15,Yes,Yes,Fiber optic,No,Yes,No,Yes,Yes,Yes,Two year,Yes,Credit card (automatic),7365.3,No
4616-ULAOA,Female,No,Yes,Yes,65,110.8,Yes,Yes,Fiber optic,No,Yes,Yes,Yes,Yes,Yes,Two year,Yes,Credit card (automatic),7245.9,No
7693-LCKZL,Male,No,Yes,Yes,5,80.15,Yes,Yes,Fiber optic,No,Yes,No,No,No,No,Month-to-month,Yes,Electronic check,385.0,Yes
7746-AWNQW,Female,No,No,No,28,35.75,No,No phone service,DSL,No,No,Yes,Yes,No,No,Month-to-month,Yes,Mailed check,961.4,No
5996-EBTKM,Female,No,Yes,Yes,67,69.9,Yes,Yes,DSL,No,No,Yes,Yes,No,Yes,Two year,Yes,Bank transfer (automatic),4615.9,No
2758-RNWXS,Male,No,No,No,35,89.2,Yes,No,Fiber optic,Yes,No,No,Yes,No,Yes,One year,Yes,Electronic check,3251.3,No
2314-TNDJQ,Female,No,Yes,Yes,72,55.65,No,No phone service,DSL,Yes,Yes,Yes,Yes,No,Yes,Two year,No,Credit card (automatic),3880.05,No
2405-LBMUW,Female,No,Yes,Yes,61,50.7,No,No phone service,DSL,Yes,Yes,No,Yes,No,Yes,One year,Yes,Bank transfer (automatic),3088.75,No
3454-JFUBC,Male,Yes,No,No,68,20.0,Yes,No,No,No internet service,No internet service,No internet service,No internet service,No internet service,No internet service,Two year,Yes,Credit card (automatic),1396.0,No
0032-PGELS,Female,No,Yes,Yes,1,30.5,No,No phone service,DSL,Yes,No,No,No,No,No,Month-to-month,No,Bank transfer (automatic),30.5,Yes
9039-ZVJDC,Male,No,No,No,3,19.1,Yes,No,No,No internet service,No internet service,No internet service,No internet service,No internet service,No internet service,Month-to-month,Yes,Mailed check,53.05,No
6797-LNAQX,Male,No,Yes,Yes,70,98.3,Yes,Yes,Fiber optic,No,Yes,No,No,Yes,Yes,Two year,No,Bank transfer (automatic),6859.5,Yes
9013-AQORL,Female,No,No,Yes,48,45.55,No,No phone service,DSL,No,Yes,Yes,No,No,Yes,Month-to-month,No,Credit card (automatic),2108.35,No
2898-MRKPI,Male,No,Yes,Yes,68,101.05,Yes,Yes,Fiber optic,No,Yes,No,No,Yes,Yes,One year,Yes,Credit card (automatic),6770.5,No
2750-BJLSB,Female,No,No,No,47,103.7,Yes,No,Fiber optic,Yes,No,Yes,Yes,Yes,Yes,One year,Yes,Electronic check,4730.6,No
3648-GZPHF,Male,No,Yes,Yes,32,36.25,No,No phone service,DSL,No,No,Yes,Yes,No,No,One year,Yes,Mailed check,1151.05,No
2075-RMJIK,Female,No,Yes,Yes,5,49.4,Yes,No,DSL,Yes,No,No,No,No,No,Month-to-month,Yes,Mailed check,232.55,No
9588-YRFHY,Male,No,No,No,49,19.9,Yes,No,No,No internet service,No internet service,No internet service,No internet service,No internet service,No internet service,Two year,Yes,Credit card (automatic),1022.6,No
6394-MFYNG,Female,No,No,No,48,107.4,Yes,Yes,Fiber optic,No,Yes,Yes,No,Yes,Yes,Month-to-month,Yes,Bank transfer (automatic),5121.3,Yes
1564-NTYXF,Female,Yes,No,No,13,82.0,Yes,Yes,Fiber optic,No,No,No,No,No,Yes,Month-to-month,Yes,Electronic check,1127.2,Yes
9364-YKUVW,Male,No,No,No,15,19.8,Yes,No,No,No internet service,No internet service,No internet service,No internet service,No internet service,No internet service,Month-to-month,Yes,Mailed check,309.4,No
5392-AKEMH,Female,No,No,No,12,45.05,Yes,No,DSL,No,No,No,No,No,No,Month-to-month,Yes,Electronic check,523.1,No
2451-YMUXS,Male,Yes,No,No,67,64.55,Yes,Yes,DSL,Yes,Yes,No,Yes,No,No,Two year,Yes,Bank transfer (automatic),4250.1,No
3914-FDRHP,Male,No,No,No,9,86.25,Yes,No,Fiber optic,No,No,No,Yes,Yes,No,Month-to-month,No,Electronic check,770.5,No
3078-ZKNTS,Female,No,Yes,Yes,13,19.75,Yes,No,No,No internet service,No internet service,No internet service,No internet service,No internet service,No internet service,Two year,Yes,Bank transfer (automatic),246.7,No
1024-KPRBB,Female,No,No,No,38,89.1,Yes,No,Fiber optic,No,No,No,No,Yes,Yes,One year,Yes,Mailed check,3342.0,No
4690-PKDQG,Female,Yes,Yes,No,42,95.55,Yes,Yes,Fiber optic,No,Yes,Yes,No,Yes,No,Month-to-month,Yes,Electronic check,3930.6,No
8155-IBNHG,Female,No,Yes,No,24,75.4,Yes,Yes,Fiber optic,No,No,No,No,No,No,Month-to-month,Yes,Credit card (automatic),1747.85,Yes
0886-QGENL,Female,Yes,Yes,No,27,101.25,Yes,No,Fiber optic,Yes,No,Yes,No,Yes,Yes,Month-to-month,Yes,Electronic check,2754.45,Yes
9547-ITEFG,Male,No,Yes,Yes,9,102.6,Yes,Yes,Fiber optic,No,Yes,Yes,No,Yes,Yes,Month-to-month,Yes,Credit card (automatic),897.75,No
1264-FUHCX,Female,No,Yes,No,49,56.3,No,No phone service,DSL,No,Yes,No,Yes,Yes,Yes,One year,Yes,Credit card (automatic),2780.6,No
7789-CRUVC,Female,Yes,Yes,No,61,94.2,Yes,Yes,Fiber optic,Yes,Yes,Yes,Yes,No,No,Month-to-month,Yes,Credit card (automatic),5895.45,No
6598-KELSS,Male,No,No,Yes,50,43.05,No,No phone service,DSL,Yes,Yes,No,No,Yes,No,One year,Yes,Bank transfer (automatic),2208.05,No
8739-WWKDU,Male,Yes,No,No,25,89.5,Yes,Yes,Fiber optic,No,Yes,No,No,Yes,No,Month-to-month,Yes,Electronic check,2196.15,Yes
8685-WHQPW,Female,Yes,No,No,22,74.4,Yes,Yes,Fiber optic,No,No,No,No,No,No,Month-to-month,Yes,Bank transfer (automatic),1692.6,Yes
4745-LSPLO,Male,No,No,No,1,20.5,Yes,No,No,No internet service,No internet service,No internet service,No internet service,No internet service,No internet service,Month-to-month,No,Mailed check,20.5,Yes
8083-YTZES,Male,No,No,No,4,74.35,Yes,Yes,Fiber optic,No,No,No,No,No,No,Month-to-month,Yes,Electronic check,265.35,Yes
7240-FQLHE,Female,Yes,Yes,No,18,99.75,Yes,Yes,Fiber optic,No,No,No,Yes,Yes,Yes,Month-to-month,No,Bank transfer (automatic),1836.25,Yes
6664-FPDAC,Female,Yes,No,No,56,111.95,Yes,Yes,Fiber optic,No,Yes,Yes,Yes,Yes,Yes,One year,Yes,Electronic check,6418.9,Yes
9972-VAFJJ,Female,Yes,Yes,No,53,94.0,Yes,No,Fiber optic,No,Yes,Yes,Yes,Yes,No,One year,Yes,Electronic check,4871.45,No
0422-UXFAP,Female,No,Yes,No,51,98.85,Yes,Yes,Fiber optic,No,No,Yes,No,Yes,Yes,One year,Yes,Electronic check,4947.55,No
1904-WAJAA,Female,No,Yes,Yes,24,64.35,Yes,Yes,DSL,Yes,Yes,Yes,No,No,No,Two year,No,Electronic check,1558.65,No
5130-YPIRV,Female,No,Yes,No,62,72.0,Yes,No,DSL,Yes,Yes,Yes,No,Yes,No,Two year,Yes,Credit card (automatic),4284.2,No
2843-CQMEG,Male,No,No,No,24,49.7,Yes,No,DSL,No,Yes,No,No,No,No,Month-to-month,Yes,Mailed check,1218.25,No
6439-PKTRR,Female,No,Yes,Yes,70,80.7,Yes,Yes,DSL,Yes,Yes,Yes,Yes,Yes,No,Two year,No,Electronic check,5617.95,No
5351-QESIO,Male,No,No,Yes,1,24.2,No,No phone service,DSL,No,No,No,No,No,No,Month-to-month,No,Mailed check,24.2,No
0786-VSSUD,Male,Yes,No,No,16,39.0,No,No phone service,DSL,No,Yes,No,No,Yes,No,Month-to-month,Yes,Mailed check,679.85,Yes
5568-DMXZS,Female,No,No,No,8,65.45,Yes,No,DSL,No,Yes,No,Yes,Yes,No,Month-to-month,Yes,Electronic check,554.45,No
8468-FZTOE,Female,No,Yes,Yes,72,74.35,Yes,No,DSL,Yes,Yes,Yes,Yes,No,Yes,Two year,Yes,Electronic check,5237.4,No
6633-SYEUS,Female,No,No,No,23,83.2,Yes,No,Fiber optic,No,Yes,Yes,Yes,No,No,Month-to-month,No,Bank transfer (automatic),2032.3,No
6447-GORXK,Male,No,No,Yes,31,25.0,No,No phone service,DSL,No,No,No,No,No,No,Month-to-month,No,Credit card (automatic),789.2,No
6967-PEJLL,Male,No,Yes,Yes,37,40.2,No,No phone service,DSL,Yes,No,Yes,Yes,No,No,One year,Yes,Electronic check,1525.35,No
3976-BWUCK,Female,No,Yes,No,30,94.1,Yes,Yes,Fiber optic,No,Yes,No,Yes,Yes,No,Month-to-month,Yes,Credit card (automatic),2804.45,Yes
5981-ZVXOT,Female,Yes,No,No,35,108.35,Yes,Yes,Fiber optic,Yes,Yes,Yes,No,Yes,Yes,One year,Yes,Electronic check,3726.15,No
1684-FLBGS,Female,No,Yes,Yes,23,69.5,Yes,Yes,DSL,No,Yes,No,Yes,Yes,No,Month-to-month,Yes,Credit card (automatic),1652.1,No
1389-WNUIB,Female,No,Yes,Yes,20,76.0,Yes,Yes,DSL,Yes,No,No,No,Yes,Yes,One year,No,Bank transfer (automatic),1588.75,No
0376-OIWME,Male,No,Yes,No,36,93.6,Yes,No,Fiber optic,Yes,No,No,No,Yes,Yes,Month-to-month,Yes,Electronic check,3366.05,No
3585-ISXZP,Female,No,No,No,8,95.65,Yes,Yes,Fiber optic,No,No,No,No,Yes,Yes,Month-to-month,No,Bank transfer (automatic),778.1,Yes
0218-QNVAS,Male,No,Yes,Yes,71,100.55,Yes,Yes,Fiber optic,No,Yes,No,No,Yes,Yes,One year,No,Bank transfer (automatic),7113.75,No
6583-QGCSI,Female,Yes,Yes,No,50,88.05,Yes,Yes,Fiber optic,No,Yes,No,No,Yes,No,Month-to-month,Yes,Electronic check,4367.35,Yes
0804-YGEQV,Female,No,Yes,Yes,43,24.45,Yes,Yes,No,No internet service,No internet service,No internet service,No internet service,No internet service,No internet service,One year,Yes,Bank transfer (automatic),993.15,No
7164-BPTUT,Male,No,No,Yes,57,89.55,Yes,Yes,DSL,Yes,Yes,Yes,Yes,Yes,Yes,Two year,No,Mailed check,5012.35,No
4174-LPGTI,Female,No,Yes,Yes,41,66.5,Yes,No,DSL,No,Yes,No,Yes,No,Yes,One year,Yes,Bank transfer (automatic),2728.6,Yes
2523-EWWZL,Female,No,Yes,No,27,76.1,Yes,No,Fiber optic,No,Yes,No,No,No,No,Month-to-month,Yes,Electronic check,2093.4,No
0928-XUTSN,Female,No,No,No,13,80.5,Yes,No,Fiber optic,No,No,No,No,No,Yes,Month-to-month,Yes,Electronic check,1011.8,No
2108-XWMPY,Male,No,No,No,3,35.45,No,No phone service,DSL,Yes,Yes,No,No,No,No,Month-to-month,Yes,Mailed check,106.85,Yes
0052-YNYOT,Female,No,No,No,67,20.55,Yes,No,No,No internet service,No internet service,No internet service,No internet service,No internet service,No internet service,One year,No,Electronic check,1343.4,No
6304-IJFSQ,Male,No,No,No,3,49.9,Yes,No,DSL,No,Yes,No,No,No,No,Month-to-month,Yes,Mailed check,130.1,Yes
9586-JGQKH,Female,No,Yes,No,64,105.4,Yes,Yes,Fiber optic,No,Yes,No,Yes,Yes,Yes,Two year,Yes,Bank transfer (automatic),6794.75,No
4501-VCPFK,Male,No,No,No,26,35.75,No,No phone service,DSL,No,No,Yes,Yes,No,No,Month-to-month,No,Electronic check,1022.5,No
6075-SLNIL,Male,No,No,No,38,95.1,Yes,Yes,Fiber optic,No,Yes,Yes,No,No,Yes,Month-to-month,Yes,Credit card (automatic),3691.2,No
9347-AERRL,Male,No,Yes,No,23,19.3,Yes,No,No,No internet service,No internet service,No internet service,No internet service,No internet service,No internet service,One year,No,Credit card (automatic),486.2,No
0093-XWZFY,Male,No,No,No,40,104.5,Yes,Yes,Fiber optic,No,Yes,Yes,No,Yes,Yes,Month-to-month,Yes,Credit card (automatic),4036.85,Yes
2274-XUATA,Male,Yes,Yes,No,72,63.1,No,No phone service,DSL,Yes,Yes,Yes,Yes,Yes,Yes,Two year,Yes,Bank transfer (automatic),4685.55,No
1980-KXVPM,Female,Yes,No,No,3,75.05,Yes,Yes,Fiber optic,No,No,No,No,No,No,Month-to-month,Yes,Credit card (automatic),256.25,Yes
7703-ZEKEF,Male,No,No,No,23,81.0,Yes,Yes,Fiber optic,No,No,Yes,No,No,No,Month-to-month,Yes,Electronic check,1917.1,Yes
0723-DRCLG,Female,Yes,Yes,No,1,74.45,Yes,Yes,Fiber optic,No,No,No,No,No,No,Month-to-month,Yes,Electronic check,74.45,Yes
5482-NUPNA,Female,No,No,No,4,60.4,Yes,No,DSL,Yes,Yes,No,Yes,No,No,Month-to-month,Yes,Mailed check,272.15,Yes
6691-CCIHA,Female,No,Yes,No,62,84.95,Yes,Yes,DSL,Yes,Yes,No,Yes,Yes,Yes,Two year,Yes,Electronic check,5150.55,No
1685-BQULA,Female,No,No,No,40,93.4,Yes,Yes,Fiber optic,No,Yes,Yes,No,Yes,No,Month-to-month,Yes,Bank transfer (automatic),3756.4,No
9053-EJUNL,Male,No,No,No,41,89.2,Yes,Yes,Fiber optic,No,Yes,No,No,Yes,No,Month-to-month,Yes,Electronic check,3645.75,No
0666-UXTJO,Male,Yes,Yes,No,34,85.2,Yes,No,Fiber optic,No,No,Yes,No,Yes,No,Month-to-month,Yes,Credit card (automatic),2874.45,No
1471-GIQKQ,Female,No,No,No,1,49.95,Yes,No,DSL,No,Yes,No,No,No,No,Month-to-month,No,Electronic check,49.95,No
4807-IZYOZ,Female,No,No,No,51,20.65,Yes,No,No,No internet service,No internet service,No internet service,No internet service,No internet service,No internet service,Two year,No,Bank transfer (automatic),1020.75,No
1122-JWTJW,Male,No,Yes,Yes,1,70.65,Yes,No,Fiber optic,No,No,No,No,No,No,Month-to-month,Yes,Mailed check,70.65,Yes
9710-NJERN,Female,No,No,No,39,20.15,Yes,No,No,No internet service,No internet service,No internet service,No internet service,No internet service,No internet service,Two year,No,Mailed check,826.0,No
9837-FWLCH,Male,No,Yes,Yes,12,19.2,Yes,No,No,No internet service,No internet service,No internet service,No internet service,No internet service,No internet service,Month-to-month,Yes,Electronic check,239.0,No
1699-HPSBG,Male,No,No,No,12,59.8,Yes,No,DSL,No,No,No,Yes,Yes,No,One year,Yes,Electronic check,727.8,Yes
7203-OYKCT,Male,No,No,No,72,104.95,Yes,Yes,Fiber optic,No,Yes,Yes,No,Yes,Yes,One year,Yes,Electronic check,7544.3,No
1035-IPQPU,Female,Yes,Yes,No,63,103.5,Yes,Yes,Fiber optic,No,Yes,Yes,No,Yes,Yes,Month-to-month,Yes,Electronic check,6479.4,No
7398-LXGYX,Male,No,Yes,No,44,84.8,Yes,Yes,Fiber optic,Yes,No,Yes,No,No,No,Month-to-month,Yes,Credit card (automatic),3626.35,No
2823-LKABH,Female,No,No,No,18,95.05,Yes,Yes,Fiber optic,No,No,Yes,Yes,No,Yes,Month-to-month,Yes,Bank transfer (automatic),1679.4,No
8775-CEBBJ,Female,No,No,No,9,44.2,Yes,No,DSL,No,No,No,No,No,No,Month-to-month,Yes,Bank transfer (automatic),403.35,Yes
0550-DCXLH,Male,No,No,No,13,73.35,Yes,No,DSL,No,Yes,No,Yes,Yes,Yes,Month-to-month,No,Mailed check,931.55,No
9281-CEDRU,Female,No,Yes,No,68,64.1,Yes,No,DSL,No,Yes,No,Yes,Yes,No,Two year,No,Bank transfer (automatic),4326.25,No
2235-DWLJU,Female,Yes,No,No,6,44.4,No,No phone service,DSL,No,No,No,No,Yes,Yes,Month-to-month,Yes,Electronic check,263.05,No
0871-OPBXW,Female,No,No,No,2,20.05,Yes,No,No,No internet service,No internet service,No internet service,No internet service,No internet service,No internet service,Month-to-month,Yes,Mailed check,39.25,No
3605-JISKB,Male,Yes,Yes,No,55,60.0,Yes,Yes,DSL,Yes,Yes,No,No,No,No,One year,No,Credit card (automatic),3316.1,No
6894-LFHLY,Male,Yes,No,No,1,75.75,Yes,Yes,Fiber optic,No,No,No,No,No,No,Month-to-month,Yes,Electronic check,75.75,Yes
9767-FFLEM,Male,No,No,No,38,69.5,Yes,No,Fiber optic,No,No,No,No,No,No,Month-to-month,Yes,Credit card (automatic),2625.25,No
0639-TSIQW,Female,No,No,No,67,102.95,Yes,Yes,Fiber optic,Yes,Yes,Yes,No,Yes,No,Month-to-month,Yes,Credit card (automatic),6886.25,Yes
8456-QDAVC,Male,No,No,No,19,78.7,Yes,No,Fiber optic,No,No,No,No,Yes,No,Month-to-month,Yes,Bank transfer (automatic),1495.1,No
7750-EYXWZ,Female,No,No,No,12,60.65,No,No phone service,DSL,No,Yes,Yes,Yes,Yes,Yes,One year,No,Electronic check,743.3,No
2569-WGERO,Female,No,No,No,72,21.15,Yes,No,No,No internet service,No internet service,No internet service,No internet service,No internet service,No internet service,Two year,Yes,Bank transfer (automatic),1419.4,No
6840-RESVB,Male,No,Yes,Yes,24,84.8,Yes,Yes,DSL,Yes,No,Yes,Yes,Yes,Yes,One year,Yes,Mailed check,1990.5,No
2234-XADUH,Female,No,Yes,Yes,72,103.2,Yes,Yes,Fiber optic,No,Yes,Yes,No,Yes,Yes,One year,Yes,Credit card (automatic),7362.9,No
4801-JZAZL,Female,No,Yes,Yes,11,29.6,No,No phone service,DSL,Yes,No,No,No,No,No,Month-to-month,Yes,Electronic check,346.45,No
8361-LTMKD,Male,Yes,Yes,No,4,74.4,Yes,Yes,Fiber optic,No,No,No,No,No,No,Month-to-month,Yes,Mailed check,306.6,Yes
3186-AJIEK,Male,No,No,No,66,105.65,Yes,No,Fiber optic,Yes,No,Yes,Yes,Yes,Yes,Two year,Yes,Bank transfer (automatic),6844.5,No
